logP(o/w),logS,SlogP,GCUT_PEOE_1,h_logD,h_logP,GCUT_PEOE_0,PEOE_VSA+1,PEOE_RPC-,GCUT_SMR_1,PEOE_VSA+0,density,GCUT_SMR_0,GCUT_SLOGP_1,rsynth,a_ICM,BCUT_SLOGP_3,BCUT_SLOGP_1,BCUT_SMR_2,h_logS,h_log_pbo,SMR_VSA3,BCUT_PEOE_1,h_ema,PEOE_VSA_FPNEG,BCUT_SLOGP_0,BCUT_SMR_3,GCUT_SMR_2,SMR_VSA5,GCUT_PEOE_2,balabanJ,PEOE_VSA_POS,BCUT_PEOE_2,GCUT_SLOGP_0,chi1v_C,KierFlex,chi1_C,BCUT_SLOGP_2,KierA2,chi1v,VDistEq,GCUT_SMR_3,PEOE_VSA+3,BCUT_SMR_1,SlogP_VSA5,h_emd,a_IC,PEOE_VSA_NEG,GCUT_SLOGP_3,BCUT_PEOE_0,GCUT_SLOGP_2,h_emd_C,KierA3,PEOE_VSA_FPPOS,PEOE_VSA+2,BCUT_PEOE_3,BCUT_SMR_0,KierA1,PEOE_RPC+,opr_nrot,SMR_VSA1,PEOE_VSA-0,PEOE_VSA_FNEG,PEOE_VSA_FPOS,b_rotR,SlogP_VSA4,PEOE_PC-,chi0v,SlogP_VSA8,GCUT_PEOE_3,b_1rotR,opr_violation,vsa_acc,bpol,PEOE_VSA_FHYD,PEOE_VSA_FPOL,vsa_pol,Kier2,Kier3,SMR_VSA0,PEOE_VSA_PNEG,SMR,SlogP_VSA9,PEOE_PC+,Weight,petitjean,b_single,petitjeanSC,SMR_VSA7,weinerPath,SlogP_VSA0,h_mr,SlogP_VSA2,apol,vsa_hyd,chi0v_C,TPSA,vsa_other,SMR_VSA6,a_count,VAdjEq,weinerPol,zagreb,VDistMa,chi0_C,PEOE_VSA_HYD,PEOE_VSA_POL,PEOE_VSA-5,b_count,opr_brigid,a_nH,a_hyd,diameter,Q_VSA_POS,Q_VSA_HYD,chi1,b_rotN,SlogP_VSA3,mr,b_1rotN,chi0,a_nO,SlogP_VSA7,vdw_vol,vdw_area,Kier1,h_pKb,h_pavgQ,h_pstates,h_pstrain,VAdjMa,b_max1len,a_nC,b_double,SlogP_VSA1,lip_violation,PEOE_VSA+4,SMR_VSA2,PEOE_VSA_PPOS,b_ar,b_heavy,a_nN,a_aro,a_heavy,opr_nring,a_donacc,rings,lip_acc,a_acc,PEOE_VSA-3,radius,SMR_VSA4,ast_violation_ext,ast_violation,logPapp
4.743,-8.9262896,2.5476699,-0.36753029,5.2350574,5.2347112,-0.83912516,15.808495,0.095013782,-0.21893343,370.5697,0.80096388,-0.53557402,-0.31897238,0,1.4881462,2.7145169,-0.48684505,0.59597051,-7.401619,9.3322973,32.320816,-0.49977624,12.432638,0.15909654,-2.882278,3.0038259,0.15122849,202.65158,0.046404615,2.0422966,533.0307,0.45341608,-1.167057,13.608256,12.441095,14.742526,0.40234792,17.464907,18.548018,3.7826133,3.5115564,40.197308,-0.33116147,18.868406,27.913586,165.18422,157.20685,3.2236996,-2.7115493,0.024780791,13.612513,11.811868,0.11256586,28.758026,2.7505443,-2.4586413,36.329762,0.083704077,21,28.509541,33.825527,0.2277576,0.77224243,0.18867925,20.82876,-3.2801476,31.583675,113.21043,3.2817996,0.18867925,4,81.401527,76.620422,0.72833759,0.27166238,123.38132,21.922937,14.876033,143.17329,109.81441,19.40193,271.85153,3.2801476,712.93298,0.3888889,101,0.63636363,266.60812,9286,115.43898,19.903839,167.06511,119.10158,489.15906,25.739758,186.03999,77.697189,49.992279,111,0.24573661,80,254,11.138001,26.877586,502.72598,187.5116,81.401527,113,28,60,32,18,690.23761,690.23761,23.941376,10,18.439579,19.655594,10,37.990471,7,70.572739,814.58478,690.23761,45.38982,14,-0.003007597,1.0206779,0.001795725,6.7279205,3,38,6,34.677017,3,0,107.69694,77.697189,6,53,6,6,51,2,13,3,13,7,13.566921,11,0,5,3,-5.79
3.717,-7.8132601,2.0077701,-0.38185328,4.2498112,4.249465,-0.84201682,15.808495,0.092628509,-0.22227845,325.35275,0.8100583,-0.53540766,-0.36387005,0,1.5097798,2.7272413,-0.51666963,0.62425941,-6.9835553,9.3324823,32.320816,-0.52512324,12.450751,0.15786219,-2.8738637,3.0334816,0.16490763,221.51997,0.052761275,1.6994125,508.11328,0.50613815,-1.1665535,13.045307,10.834458,14.179578,0.46759626,15.911066,18.244427,3.7580242,3.5176997,40.197308,-0.34645662,18.868406,26.665581,160.03665,151.52428,3.2264254,-2.7067482,0.038227946,14.857837,9.6827774,0.11778769,49.057533,2.7789619,-2.4543409,34.046928,0.081587732,18,31.633854,33.825527,0.22970839,0.77029163,0.1509434,16.417963,-3.3652329,30.367752,132.07884,3.2868505,0.1509434,3,81.401527,73.567589,0.72435009,0.27564988,117.69875,20.0704,12.25532,143.17329,104.13183,18.73686,205.19952,3.3652329,696.89001,0.44444445,97,0.80000001,199.95609,8721,97.42823,19.279648,167.06511,114.67441,464.24164,24.576622,177.25,77.697189,68.431854,106,0.25318992,81,256,11.078074,25.714449,477.80856,181.82901,81.401527,109,32,56,31,18,659.63757,659.63757,23.636847,8,36.879158,19.016987,8,36.697578,7,70.572739,790.61218,659.63757,42.737629,14,-0.003007597,1.0206779,0.001795725,6.7279205,3,37,6,37.801331,2,0,85.275391,77.697189,6,53,6,6,50,3,12,4,13,7,13.566921,10,0,5,3,-7.05
4.9400001,-8.8203001,2.8898699,-0.36745596,5.7766399,5.7762947,-0.83912611,15.808495,0.092666239,-0.21689926,370.5697,0.79513532,-0.5357219,-0.31245816,0,1.4780469,2.7154424,-0.4728893,0.57713556,-7.8007283,9.3325148,32.320816,-0.48520017,12.455304,0.14493866,-2.8756375,3.0044885,0.14170554,202.65158,0.045584165,2.0831182,566.93018,0.44340777,-1.1670562,13.608256,12.670632,14.742526,0.39866349,17.66799,18.938362,3.7748463,3.5512736,40.197308,-0.32023764,51.765594,26.900154,168.49734,151.52428,3.2668803,-2.7220182,0.023516564,15.103414,11.548249,0.1081449,62.657486,2.751081,-2.4673555,37.291901,0.081635751,21,31.633854,33.825527,0.21090311,0.78909689,0.18518518,20.82876,-3.3632445,32.530888,113.21043,3.3217402,0.18518518,3,81.401527,80.126831,0.74691641,0.25308356,117.69875,22.0741,14.473063,143.17329,104.13183,19.86466,271.85153,3.3632445,726.95996,0.3888889,104,0.63636363,299.50531,9640,97.42823,20.358253,167.06511,122.19517,523.05853,26.739758,177.25,77.697189,49.992279,114,0.24202083,84,260,11.196231,27.877586,536.62543,181.82901,81.401527,116,28,62,33,18,718.45447,718.45447,24.368896,10,18.439579,20.110783,10,38.860714,7,70.572739,835.6615,718.45447,46.382717,14,-0.003007504,1.0206773,0.001795669,6.7548876,3,39,6,37.801331,2,0,89.686188,77.697189,6,54,6,6,52,2,12,3,13,7,13.566921,11,0,5,3,-6.11
4.9400001,-8.8203001,2.8898699,-0.36752352,5.7765503,5.7762046,-0.83918202,15.808495,0.092666239,-0.21767119,370.5697,0.79513532,-0.53578496,-0.31240979,0,1.4780469,2.716934,-0.4734318,0.57927448,-7.8006902,9.3325148,32.320816,-0.48761404,12.455299,0.14493866,-2.8762834,3.0051882,0.14410675,202.65158,0.045803845,2.080765,566.93018,0.44356149,-1.1662743,13.608256,12.670632,14.742526,0.39744279,17.66799,18.938362,3.7802708,3.5522981,40.197308,-0.32084051,51.765594,26.90049,168.49734,151.52428,3.2682331,-2.7229836,0.023665244,15.103083,11.548249,0.1081449,62.657486,2.7517164,-2.4682086,37.291901,0.081635967,21,31.633854,33.825527,0.21090311,0.78909689,0.18518518,20.82876,-3.3632445,32.530888,113.21043,3.3229065,0.18518518,3,81.401527,80.126831,0.74691641,0.25308356,117.69875,22.0741,14.473063,143.17329,104.13183,19.86466,271.85153,3.3632445,726.95996,0.3888889,104,0.63636363,299.50531,9650,97.42823,20.358253,167.06511,122.19517,523.05853,26.739758,177.25,77.697189,49.992279,114,0.24202083,84,260,11.195508,27.877586,536.62543,181.82901,81.401527,116,28,62,33,18,718.45447,718.45447,24.368896,10,18.439579,20.110783,10,38.860714,7,70.572739,835.6615,718.45447,46.382717,14,-0.003007597,1.0206779,0.001795725,6.7548876,3,39,6,37.801331,2,0,89.686188,77.697189,6,54,6,6,52,2,12,3,13,7,13.566921,11,0,5,3,-6.12
4.9400001,-8.8203001,2.8898699,-0.35880631,5.7787905,5.7784615,-0.84039122,15.808495,0.092676349,-0.21784224,370.5697,0.79513532,-0.53558439,-0.30390847,0,1.4780469,2.7158818,-0.47530657,0.58285028,-7.8014498,9.3325148,32.320816,-0.49007797,12.455561,0.14493866,-2.8792241,3.0085404,0.14680316,202.65158,0.043855675,2.0867555,566.93018,0.4415786,-1.1664981,13.608256,12.670632,14.742526,0.38937762,17.66799,18.938362,3.7744868,3.5506239,40.197308,-0.32114303,51.765594,26.891817,168.49734,151.52428,3.2650619,-2.7127059,0.02023541,15.116567,11.548249,0.1081449,62.657486,2.7548184,-2.4592972,37.291901,0.081529588,21,31.633854,33.825527,0.21090311,0.78909689,0.18518518,20.82876,-3.3633904,32.530888,113.21043,3.3205192,0.18518518,3,81.401527,80.126831,0.74691641,0.25308356,117.69875,22.0741,14.473063,143.17329,104.13183,19.86466,271.85153,3.3633904,726.95996,0.3888889,104,0.63636363,299.50531,9630,97.42823,20.358253,167.06511,122.19517,523.05853,26.739758,177.25,77.697189,49.992279,114,0.24202083,84,260,11.196175,27.877586,536.62543,181.82901,81.401527,116,28,62,33,18,718.45447,718.45447,24.368896,10,18.439579,20.110783,10,38.860714,7,70.572739,835.6615,718.45447,46.382717,14,-0.003000145,1.0206338,0.001791269,6.7548876,3,39,6,37.801331,2,0,89.686188,77.697189,6,54,6,6,52,2,12,3,13,7,13.566921,11,0,5,3,-5.89
5.1370001,-8.7143097,3.23207,-0.36744049,6.3165488,6.3162036,-0.83930945,15.808495,0.090432346,-0.21689363,370.5697,0.78959352,-0.53593266,-0.31043905,0,1.4683273,2.7189193,-0.46108758,0.56275046,-8.1990976,9.3327312,32.320816,-0.47653648,12.477889,0.13185085,-2.8699033,3.0061214,0.13765125,202.65158,0.042893041,2.1221468,600.82965,0.43189821,-1.1662313,13.608256,12.901175,14.742526,0.38675478,17.873632,19.328705,3.7726858,3.592653,40.197308,-0.30990374,84.662781,25.893,171.7943,145.84171,3.3121774,-2.7320607,0.019455239,16.589384,11.306778,0.10405808,96.556946,2.7524817,-2.4758353,38.25536,0.079667769,21,34.758167,33.825527,0.19532248,0.80467749,0.18181819,20.82876,-3.4463248,33.478104,113.21043,3.3634553,0.18181819,3,81.401527,83.633247,0.76409107,0.23590893,112.01617,22.23077,14.105903,143.17329,98.449257,20.327391,271.85153,3.4463248,740.987,0.3888889,107,0.63636363,332.4025,10009,79.41748,20.812668,167.06511,125.28875,556.95801,27.739758,168.46001,77.697189,49.992279,117,0.23842676,88,266,11.252588,28.877586,570.5249,176.14644,81.401527,119,28,64,34,18,746.67133,746.67133,24.796417,10,18.439579,20.56572,10,39.730957,7,70.572739,856.73828,746.67133,47.375866,14,-0.0030075,1.0206773,0.001795667,6.7813597,3,40,6,40.925644,2,0,71.675438,77.697189,6,55,6,6,53,2,11,3,13,7,13.566921,11,0,6,4,-6.02
5.1370001,-8.7143097,3.23207,-0.35864949,6.3203149,6.3199859,-0.84039426,15.808495,0.09044186,-0.21551289,370.5697,0.78959352,-0.53573561,-0.30360502,0,1.4683273,2.7166679,-0.45969206,0.56303149,-8.2005329,9.3327322,32.320816,-0.47545156,12.478225,0.13185085,-2.8723178,3.0091615,0.1377418,202.65158,0.042950295,2.1270418,600.82965,0.43199068,-1.1661499,13.608256,12.901175,14.742526,0.38641202,17.873632,19.328705,3.7666883,3.5887268,40.197308,-0.30974722,84.662781,25.878603,171.7943,145.84171,3.3064103,-2.7229962,0.019105632,16.607298,11.306778,0.10405808,96.556946,2.755326,-2.4679489,38.25536,0.07956364,21,34.758167,33.825527,0.19532248,0.80467749,0.18181819,20.82876,-3.4464877,33.478104,113.21043,3.3588836,0.18181819,3,81.401527,83.633247,0.76409107,0.23590893,112.01617,22.23077,14.105903,143.17329,98.449257,20.327391,271.85153,3.4464877,740.987,0.3888889,107,0.63636363,332.4025,9992,79.41748,20.812668,167.06511,125.28875,556.95801,27.739758,168.46001,77.697189,49.992279,117,0.23842676,88,266,11.253344,28.877586,570.5249,176.14644,81.401527,119,28,64,34,18,746.67133,746.67133,24.796417,10,18.439579,20.56572,10,39.730957,7,70.572739,856.73828,746.67133,47.375866,14,-0.003000042,1.0206331,0.001791207,6.7813597,3,40,6,40.925644,2,0,71.675438,77.697189,6,55,6,6,53,2,11,3,13,7,13.566921,11,0,6,4,-5.82
5.1370001,-8.7143097,3.23207,-0.35862377,6.3202791,6.3199501,-0.84041947,15.808495,0.09044186,-0.21588673,370.5697,0.78959352,-0.53579479,-0.30353358,0,1.4683273,2.717972,-0.46152717,0.56364185,-8.2005186,9.3327322,32.320816,-0.47597057,12.478223,0.13185085,-2.8725975,3.0096843,0.13838093,202.65158,0.043488272,2.1239085,600.82965,0.43242347,-1.166155,13.608256,12.901175,14.742526,0.38646603,17.873632,19.328705,3.772558,3.58883,40.197308,-0.31010997,84.662781,25.878738,171.7943,145.84171,3.3066728,-2.7236719,0.019108133,16.607124,11.306778,0.10405808,96.556946,2.7558115,-2.4686189,38.25536,0.07956364,21,34.758167,33.825527,0.19532248,0.80467749,0.18181819,20.82876,-3.4464877,33.478104,113.21043,3.3591197,0.18181819,3,81.401527,83.633247,0.76409107,0.23590893,112.01617,22.23077,14.105903,143.17329,98.449257,20.327391,271.85153,3.4464877,740.987,0.3888889,107,0.63636363,332.4025,10005,79.41748,20.812668,167.06511,125.28875,556.95801,27.739758,168.46001,77.697189,49.992279,117,0.23842676,88,266,11.252579,28.877586,570.5249,176.14644,81.401527,119,28,64,34,18,746.67133,746.67133,24.796417,10,18.439579,20.56572,10,39.730957,7,70.572739,856.73828,746.67133,47.375866,14,-0.003000146,1.0206338,0.00179127,6.7813597,3,40,6,40.925644,2,0,71.675438,77.697189,6,55,6,6,53,2,11,3,13,7,13.566921,11,0,6,4,-5.88
5.3340001,-8.6083202,3.57427,-0.3578617,6.8602195,6.8598905,-0.84046239,15.808495,0.088313013,-0.20838208,370.5697,0.78431785,-0.53594488,-0.30237678,0,1.4589664,2.7197008,-0.43912184,0.54008973,-8.5989008,9.3329477,32.320816,-0.45936254,12.500811,0.1197162,-2.8658757,3.0105252,0.1279964,202.65158,0.041448314,2.1647811,634.72913,0.41852248,-1.1650271,13.608256,13.132648,14.742526,0.38036171,18.081635,19.719049,3.7649143,3.627713,40.197308,-0.29497853,117.55997,24.871464,175.07597,140.15913,3.3489587,-2.7327073,0.018272303,18.093258,11.103734,0.10026889,130.45641,2.7565064,-2.4762423,39.22007,0.077219523,21,37.882481,33.825527,0.18087657,0.81912345,0.17857143,20.82876,-3.5295677,34.425316,113.21043,3.3982344,0.17857143,3,81.401527,87.139664,0.78001493,0.2199851,106.3336,22.3925,13.7904,143.17329,92.766678,20.790119,271.85153,3.5295677,755.01398,0.3888889,110,0.63636363,365.29968,10372,61.406727,21.267082,167.06511,128.38234,590.85742,28.739758,159.67,77.697189,49.992279,120,0.23494832,92,272,11.308639,29.877586,604.42438,170.46387,81.401527,122,28,66,35,18,774.88824,774.88824,25.223938,10,18.439579,21.020418,10,40.6012,7,70.572739,877.815,774.88824,48.369259,14,-0.003000036,1.0206331,0.001791204,6.8073549,3,41,6,44.049957,2,0,53.664684,77.697189,6,56,6,6,54,2,10,3,13,7,13.566921,11,0,5,3,-6.24
5.1370001,-8.7143097,3.23207,-0.36713699,6.3176355,6.3172956,-0.83934492,15.808495,0.090432316,-0.2155181,370.5697,0.78959352,-0.53576458,-0.31146187,0,1.4683273,2.7165568,-0.46030846,0.56363153,-8.1995106,9.3327312,32.320816,-0.47525889,12.477974,0.13185085,-2.8708169,3.0057549,0.13711824,202.65158,0.043242972,2.1273618,600.82965,0.43304425,-1.1662594,13.608256,12.901175,14.742526,0.38707954,17.873632,19.328705,3.7667177,3.591105,40.197308,-0.31028131,84.662781,25.888859,171.7943,145.84171,3.3097324,-2.7284334,0.019467426,16.595089,11.306778,0.10405808,96.556946,2.7521181,-2.4724531,38.25536,0.079567373,21,34.758167,33.825527,0.19532248,0.80467749,0.18181819,20.82876,-3.446326,33.478104,113.21043,3.3614657,0.18181819,3,81.401527,83.633247,0.76409107,0.23590893,112.01617,22.23077,14.105903,143.17329,98.449257,20.327391,271.85153,3.446326,740.987,0.3888889,107,0.63636363,332.4025,9990,79.41748,20.812668,167.06511,125.28875,556.95801,27.739758,168.46001,77.697189,49.992279,117,0.23842676,88,266,11.253336,28.877586,570.5249,176.14644,81.401527,119,28,64,34,18,746.67133,746.67133,24.796417,10,18.439579,20.56572,10,39.730957,7,70.572739,856.73828,746.67133,47.375866,14,-0.003004852,1.0206616,0.001794083,6.7813597,3,40,6,40.925644,2,0,71.675438,77.697189,6,55,6,6,53,2,11,3,13,7,13.566921,11,0,6,4,-5.42
4.1110001,-7.6012802,2.6921699,-0.38185328,5.3323307,5.3319907,-0.84206313,15.808495,0.088269666,-0.21605732,325.35275,0.79790026,-0.53565121,-0.34232894,0,1.4885569,2.7280087,-0.48645151,0.61580157,-7.7814198,9.3329163,32.320816,-0.51536518,12.496084,0.12954949,-2.8587956,3.0343101,0.15851116,221.51997,0.050025791,1.7685483,575.91223,0.49301279,-1.1651111,13.045307,11.304033,14.179578,0.45924678,16.351595,19.025116,3.7401924,3.5963774,40.197308,-0.33788794,84.662781,24.641073,166.71837,140.15913,3.3123169,-2.7269962,0.038064327,17.840263,9.3948851,0.10850481,116.85645,2.779654,-2.4710639,35.948158,0.07708399,18,37.882481,33.825527,0.19573347,0.80426651,0.14545454,16.417963,-3.5314114,32.26218,132.07884,3.3658078,0.14545454,3,81.401527,80.580421,0.76194572,0.23805431,106.3336,20.429419,11.774318,143.17329,92.766678,19.662319,205.19952,3.5314114,724.94397,0.44444445,103,0.80000001,265.75046,9397,61.406727,20.188477,167.06511,120.86158,532.04053,26.576622,159.67,77.697189,68.431854,112,0.24540348,89,268,11.196194,27.714449,545.60748,170.46387,81.401527,115,32,60,33,18,716.07135,716.07135,24.491886,8,36.879158,19.928228,8,38.438065,7,70.572739,832.76569,716.07135,44.711407,14,-0.003004849,1.0206616,0.001794082,6.7813597,3,39,6,44.049957,2,0,49.253891,77.697189,6,55,6,6,52,3,10,4,13,7,13.566921,10,0,4,2,-5.95
5.3340001,-8.6083202,3.57427,-0.36698803,6.8576026,6.8572626,-0.84130359,15.808495,0.088319816,-0.21319209,370.5697,0.78431785,-0.53590083,-0.31025335,0,1.4589664,2.7221699,-0.44446942,0.5404101,-8.5978794,9.3329468,32.320816,-0.4615207,12.500566,0.1197162,-2.8655388,3.010644,0.12841988,202.65158,0.040837944,2.1648073,634.72913,0.41856411,-1.1651068,13.608256,13.132648,14.742526,0.38037053,18.081635,19.719049,3.7641683,3.6287801,40.197308,-0.29537719,117.55997,24.881483,175.07597,140.15913,3.3504505,-2.7322106,0.018405816,18.081726,11.103734,0.10026889,130.45641,2.7566624,-2.475605,39.22007,0.077127792,21,37.882481,33.825527,0.18087657,0.81912345,0.17857143,20.82876,-3.5294061,34.425316,113.21043,3.3993995,0.17857143,3,81.401527,87.139664,0.78001493,0.2199851,106.3336,22.3925,13.7904,143.17329,92.766678,20.790119,271.85153,3.5294061,755.01398,0.3888889,110,0.63636363,365.29968,10372,61.406727,21.267082,167.06511,128.38234,590.85742,28.739758,159.67,77.697189,49.992279,120,0.23494832,92,272,11.308724,29.877586,604.42438,170.46387,81.401527,122,28,66,35,18,774.88824,774.88824,25.223938,10,18.439579,21.020418,10,40.6012,7,70.572739,877.815,774.88824,48.369259,14,-0.003004842,1.0206616,0.001794078,6.8073549,3,41,6,44.049957,2,0,53.664684,77.697189,6,56,6,6,54,2,10,3,13,7,13.566921,11,0,5,3,-5.83
5.5310001,-8.5023298,3.9164701,-0.35661671,7.3995724,7.3992486,-0.8406294,15.808495,0.086282447,-0.20625593,370.5697,0.77928954,-0.53598756,-0.30236042,0,1.4499449,2.720896,-0.43233445,0.53471178,-8.9969559,9.3331633,32.320816,-0.4562887,12.523401,0.10843425,-2.8609266,3.0120571,0.12701815,202.65158,0.039097201,2.2089617,668.62854,0.41321313,-1.1639822,13.608256,13.364986,14.742526,0.37385523,18.291813,20.109394,3.756861,3.666609,40.197308,-0.29110774,150.45715,23.866331,178.34322,134.47655,3.3908002,-2.7374866,0.015203857,19.580135,10.915775,0.096745975,164.35587,2.7577875,-2.4800308,40.185974,0.075348169,21,41.006798,33.825527,0.16744576,0.83255422,0.1754386,20.82876,-3.6126323,35.372528,113.21043,3.4370589,0.1754386,3,81.401527,90.646072,0.79481977,0.20518023,100.65102,22.558893,13.5,143.17329,87.084099,21.25285,271.85153,3.6126323,769.04095,0.3888889,113,0.63636363,398.19687,10735,43.395977,21.721497,167.06511,131.47592,624.7569,29.739758,150.88,77.697189,49.992279,123,0.23157986,96,278,11.36366,30.877586,638.32385,164.78128,81.401527,125,28,68,36,18,803.1051,803.1051,25.651457,10,18.439579,21.474892,10,41.471443,7,70.572739,898.89178,803.1051,49.362881,14,-0.002997434,1.0206177,0.001789648,6.83289,3,42,6,47.174271,2,0,35.653934,77.697189,6,57,6,6,55,2,9,3,13,7,13.566921,11,0,5,3,-5.82
5.3340001,-8.6083202,3.57427,-0.36698803,6.8576026,6.8572626,-0.84130359,15.808495,0.088319816,-0.21319209,370.5697,0.78431785,-0.53590083,-0.31025335,0,1.4589664,2.7221699,-0.44446942,0.5404101,-8.5978794,9.3329468,32.320816,-0.4615207,12.500566,0.1197162,-2.8655388,3.010644,0.12841988,202.65158,0.040837944,2.1648073,634.72913,0.41856411,-1.1651068,13.608256,13.132648,14.742526,0.38037053,18.081635,19.719049,3.7641683,3.6287801,40.197308,-0.29537719,117.55997,24.881483,175.07597,140.15913,3.3504505,-2.7322106,0.018405816,18.081726,11.103734,0.10026889,130.45641,2.7566624,-2.475605,39.22007,0.077127792,21,37.882481,33.825527,0.18087657,0.81912345,0.17857143,20.82876,-3.5294061,34.425316,113.21043,3.3993995,0.17857143,3,81.401527,87.139664,0.78001493,0.2199851,106.3336,22.3925,13.7904,143.17329,92.766678,20.790119,271.85153,3.5294061,755.01398,0.3888889,110,0.63636363,365.29968,10372,61.406727,21.267082,167.06511,128.38234,590.85742,28.739758,159.67,77.697189,49.992279,120,0.23494832,92,272,11.308724,29.877586,604.42438,170.46387,81.401527,122,28,66,35,18,774.88824,774.88824,25.223938,10,18.439579,21.020418,10,40.6012,7,70.572739,877.815,774.88824,48.369259,14,-0.003004842,1.0206616,0.001794078,6.8073549,3,41,6,44.049957,2,0,53.664684,77.697189,6,56,6,6,54,2,10,3,13,7,13.566921,11,0,5,3,-6.54
5.2529998,-9.73106,3.32337,-0.35240901,5.8568664,5.8568664,-0.86051941,29.207598,0.093986869,-0.21900006,420.20374,0.79447436,-0.53557438,-0.31308156,0.1509434,1.48365,2.7145095,-0.44016227,0.62448668,-8.2117949,10.69818,26.64856,-0.49718869,11.561097,0.16426767,-2.8823566,3.0038457,0.14818507,220.29475,0.046548493,1.6986922,587.60535,0.45510095,-1.1670736,14.191589,11.496729,15.57586,0.52115297,16.957298,19.407743,3.8380089,3.5277798,40.197308,-0.33118856,18.868406,28.140064,169.13611,115.49698,3.2396173,-2.7114723,0.062754408,13.18865,10.773957,0.11050623,20.299505,2.7507191,-2.4586308,35.933002,0.082816057,21,3.1243138,0,0.16426767,0.83573234,0.17857143,20.399931,-3.3159871,32.71381,113.21043,3.295233,0.17857143,4,81.401527,78.373627,0.7252261,0.2747739,115.49698,21.671528,13.816559,143.17329,115.49698,20.42112,266.60812,3.3159871,735.97101,0.3888889,101,0.63636363,266.60812,10325,90.053757,20.80818,183.85065,123.58637,509.90814,26.817108,181.60001,77.697189,49.992279,114,0.24170427,84,270,11.245952,28.162043,509.90814,193.19417,81.401527,117,32,61,34,18,703.10229,703.10229,25.013855,10,18.439579,20.561451,10,38.982033,6,92.933022,848.96753,703.10229,45.698978,14,0,1,0,6.8073549,3,40,6,34.677017,3,0,124.48247,77.697189,10,56,7,9,53,3,12,4,13,6,0,11,4.7171016,6,4,-5.48
4.2270002,-8.6180296,2.7834699,-0.36252132,4.8716249,4.8716249,-0.86051941,29.207598,0.091652416,-0.22233817,374.98679,0.80300122,-0.5354082,-0.34620064,0.15384616,1.5042698,2.7272365,-0.45862833,0.62632072,-7.7937336,10.698365,26.64856,-0.52458686,11.57921,0.16329224,-2.8739672,3.0334883,0.1604728,239.16316,0.052769635,1.4688106,562.68787,0.50615609,-1.1665715,13.628641,10.065168,15.012911,0.55117834,15.509207,19.104153,3.8186152,3.5333099,40.197308,-0.34646839,18.868406,26.89204,163.96541,109.81441,3.2418535,-2.7066576,0.068313897,14.433986,8.9577188,0.11553445,40.59901,2.7790322,-2.4543281,33.746971,0.080744229,18,6.2486277,0,0.16329224,0.83670777,0.14285715,15.989136,-3.4010725,31.497889,132.07884,3.2998104,0.14285715,3,81.401527,75.320801,0.72117329,0.27882668,109.81441,19.921875,11.5468,143.17329,109.81441,19.75605,199.95609,3.4010725,719.92798,0.44444445,97,0.80000001,199.95609,9729,72.042999,20.18399,183.85065,119.1592,484.99072,25.653971,172.81,77.697189,68.431854,109,0.24876592,85,272,11.187761,26.998907,484.99072,187.5116,81.401527,113,36,57,33,18,672.50232,672.50232,24.709326,8,36.879158,19.922482,8,37.68914,6,92.933022,824.995,672.50232,43.128826,14,0,1,0,6.8073549,3,39,6,37.801331,2,0,102.06092,77.697189,10,56,7,9,52,4,11,5,13,6,0,10,4.7171016,5,3,-6.72
5.2529998,-8.7907104,3.32337,-0.350382,5.1026716,5.1026716,-0.86051792,29.207598,0.093986779,-0.21266146,420.20374,0.79447436,-0.53604937,-0.31248283,0.1509434,1.48365,2.7144163,-0.42701882,0.60425609,-7.9267116,10.69818,26.64856,-0.47580582,11.561163,0.16426767,-2.8949008,3.0095899,0.1387351,220.29475,0.040244151,1.7213608,587.60535,0.44094226,-1.1672463,14.356114,11.496729,15.740384,0.50965887,16.957298,19.572268,3.8189566,3.5562184,40.197308,-0.31839165,18.868406,28.12281,169.13611,115.49698,3.2662423,-2.7199171,0.061783534,13.171695,9.5552988,0.11050623,20.299505,2.7568562,-2.4675124,35.933002,0.082815975,21,3.1243138,0,0.16426767,0.83573234,0.17857143,20.399931,-3.3159902,32.71381,113.21043,3.3242126,0.17857143,4,81.401527,78.373627,0.7252261,0.2747739,115.49698,21.671528,12.253747,143.17329,115.49698,20.42112,266.60812,3.3159902,735.97101,0.3888889,101,0.63636363,266.60812,10181,90.053757,20.80818,183.85065,123.58637,509.90814,26.817108,181.60001,77.697189,49.992279,114,0.24170427,90,270,11.246307,28.162043,509.90814,193.19417,81.401527,117,32,61,34,18,703.10229,703.10229,25.178381,10,18.439579,20.59166,10,38.982033,6,92.933022,848.96753,703.10229,45.698978,14,0,1,0,6.8073549,3,40,6,34.677017,3,0,124.48247,77.697189,10,56,7,9,53,3,12,4,13,6,0,11,4.7171016,6,4,-6.39
2.1630001,-7.5734601,1.13411,-0.39000916,0.60344565,3.6846051,-0.86051625,60.824585,0.083735868,-0.22340214,189.70193,0.81440961,-0.5286656,-0.39372486,0.20338982,1.557963,2.6896958,-0.53807992,0.7390939,-8.0831337,16.827934,39.488358,-0.56993294,14.824323,0.17758147,-2.8902628,2.9949009,0.18626277,415.595,0.076899432,1.314695,417.47855,0.62351364,-1.3632903,14.470704,10.858829,17.77599,0.67789757,17.887268,20.353306,3.9468095,3.486372,41.956276,-0.42692316,56.605217,32.662521,176.04982,309.30841,3.1690574,-2.6708901,0.14032654,15.470663,10.247971,0.11612307,40.59901,2.7418919,-2.4186029,35.817142,0.074379534,22,28.509541,162.50203,0.42558333,0.5744167,0.171875,9.1278973,-3.7218213,33.194042,94.342026,3.2433279,0.171875,5,81.401527,70.06118,0.70629543,0.29370454,146.8064,24.333937,13.995691,143.17329,129.0639,22.12694,33.326015,3.7218213,806.96497,0.44999999,90,0.81818181,33.326015,13808,148.33617,22.602154,190.31929,127.86082,502.28339,26.272774,227.85001,77.697189,68.431854,113,0.22728641,95,304,11.557405,29.069975,513.32629,213.46063,81.401527,118,44,54,38,20,726.78699,726.78699,28.498444,11,36.879158,22.406485,11,41.889965,7,269.36487,924.02271,726.78699,48.456055,3.9151244,0.99917817,1.0066818,4.2351608,7,5,44,6,34.677017,3,6.6995511,106.83928,84.396736,22,64,8,21,59,5,16,6,15,8,0,11,37.614288,5,3,-7.1
1.574,-6.4046102,0.30333999,-0.39000916,2.6778662,2.6775203,-0.83912122,31.616989,0.094276935,-0.22078753,169.47636,0.82515371,-0.53352064,-0.39636448,0.021276595,1.5808717,2.711822,-0.53807992,0.71442968,-6.0708456,12.397199,31.524422,-0.55312836,12.411865,0.18308391,-2.8630142,3.0012429,0.18308596,253.13069,0.072236463,1.5751328,361.34583,0.58070201,-1.1670475,11.009379,9.0628223,13.114194,0.67211181,14.423934,16.014017,3.8683147,3.3532224,33.497757,-0.39121345,37.736813,28.619946,143.85933,238.45787,3.0420074,-2.6808207,0.13821536,14.220887,9.0425968,0.16338128,28.758026,2.7482057,-2.4303303,29.530962,0.083715543,17,28.509541,115.07654,0.39755985,0.60244012,0.12,10.781946,-3.3057845,26.953918,56.605217,3.1146507,0.12,4,81.401527,59.129108,0.65353483,0.3464652,123.38132,19.565218,12.32609,143.17329,109.81441,17.255329,105.22147,3.3057845,648.76099,0.5,76,1,99.978043,7863,115.43898,17.818501,163.08315,101.39289,398.72519,21.110001,186.03999,77.697189,68.431854,91,0.26595098,74,238,10.876521,22.973963,391.99258,207.8111,81.401527,94,34,44,28,20,599.80371,599.80371,22.404795,6,36.879158,17.597973,6,34.086845,7,158.78867,732.48047,599.80371,39.7808,14,-0.003007533,1.0206776,0.001795686,6.643856,3,34,6,34.677017,3,20.299505,94.464546,97.996689,12,50,6,12,47,3,13,4,13,7,13.566921,10,0,5,3,-8.3
2.5999999,-7.5176401,0.84324002,-0.38457191,3.6619732,3.6616266,-0.81988519,31.616989,0.083351374,-0.22165909,214.6933,0.81488204,-0.53473151,-0.39343876,0.020833334,1.556167,2.699101,-0.53807992,0.7146216,-6.4883714,12.397014,31.524422,-0.55938637,12.393719,0.18321113,-2.8809988,2.9405878,0.18061323,234.26228,0.073184334,1.8902178,386.26328,0.59338468,-1.1670467,11.572328,10.542195,13.677142,0.64507174,15.966134,16.317608,3.8756859,3.3429854,33.497757,-0.40820563,37.736813,29.872196,149.39203,244.14044,3.0370796,-2.6974244,0.14229633,12.972976,11.274308,0.15545069,8.458519,2.690011,-2.4461389,31.69367,0.085927613,20,25.385227,115.07654,0.38727635,0.61272365,0.16,15.192742,-3.2206821,28.169842,37.736813,3.1057951,0.16,4,81.401527,62.181934,0.66133815,0.33866182,129.0639,21.507786,15.257171,143.17329,115.49698,17.920401,171.8735,3.2206821,664.80402,0.5,80,1,166.63008,8371,133.44974,18.44269,163.08315,105.82006,423.64261,22.273138,194.83,77.697189,49.992279,96,0.25768197,73,236,10.94424,24.137098,416.91003,213.49367,81.401527,98,30,48,29,20,630.40369,630.40369,22.709326,8,18.439579,18.242588,8,35.379742,7,158.78867,756.45306,630.40369,42.4128,14,-0.003007578,1.0206778,0.001795713,6.643856,3,35,6,31.552702,3,20.299505,116.88609,97.996689,12,50,6,12,48,2,14,3,13,7,13.566921,10,0,5,3,-7.62
2.165,-6.0866399,1.32994,-0.38185328,4.3262939,4.3259649,-0.84048456,31.616989,0.087654419,-0.21605732,169.47636,0.8048678,-0.5336175,-0.35583255,0.039999999,1.5428177,2.7135241,-0.52081102,0.70891851,-7.2786169,12.397861,31.524422,-0.53585601,12.481122,0.13553376,-2.8492038,3.0067141,0.17097443,253.13069,0.058869828,1.6674221,463.04422,0.57053804,-1.1649427,11.009379,9.7604771,13.114194,0.52001458,15.093097,17.178202,3.8482141,3.4590127,53.79726,-0.39001438,136.42838,25.490599,154.28177,221.41014,3.1548312,-2.6861107,0.051517136,18.706831,8.7991819,0.11351697,130.45641,2.7530768,-2.4330845,32.33424,0.076643661,17,37.882481,115.07654,0.32348415,0.67651582,0.11320755,10.781946,-3.5560873,29.795559,56.605217,3.2210364,0.11320755,3,81.401527,69.648354,0.75094926,0.24905074,106.3336,20.0704,11.75,143.17329,92.766678,18.64352,105.22147,3.5560873,690.84198,0.5,85,1,198.6696,8891,61.406727,19.181746,163.08315,110.67365,500.42355,24.110001,159.67,77.697189,68.431854,100,0.25318992,85,256,11.063437,25.973963,513.99048,170.46387,81.401527,103,34,50,31,20,684.45435,684.45435,23.670519,6,36.879158,18.967388,6,36.697578,7,158.78867,795.71075,684.45435,42.737629,14,-0.002999959,1.0206326,0.001791158,6.7279205,3,37,6,44.049957,2,0,40.432297,77.697189,12,53,6,12,50,3,10,4,13,7,13.566921,10,0,4,2,-6.46
2.165,-6.0866399,1.32994,-0.39000914,4.3082724,4.3079429,-0.84184098,31.616989,0.087688595,-0.21605732,169.47636,0.8048678,-0.53370064,-0.34672654,0.02,1.5428177,2.7192698,-0.51071674,0.71134168,-7.2703829,12.397855,31.524422,-0.53523934,12.480455,0.13553376,-2.8469477,3.0109313,0.16588113,253.13069,0.058726236,1.6751992,463.04422,0.57824659,-1.163982,11.009379,9.7604771,13.114194,0.52816862,15.093097,17.185051,3.8515487,3.4792159,33.497757,-0.38975132,136.42838,25.557938,154.28177,221.41014,3.1798375,-2.7034693,0.049313229,18.721096,8.6186905,0.14317492,130.45641,2.7569773,-2.4478536,32.33424,0.077148043,17,37.882481,115.07654,0.32348415,0.67651582,0.11320755,10.781946,-3.5553546,29.795559,56.605217,3.2416306,0.11320755,3,81.401527,69.648354,0.7212913,0.2787087,106.3336,20.0704,11.508981,143.17329,92.766678,18.64352,105.22147,3.5553546,690.84198,0.5,85,1,198.6696,8860,61.406727,19.181746,163.08315,110.67365,500.42355,24.110001,159.67,77.697189,68.431854,100,0.25318992,86,256,11.061907,25.973963,493.69098,190.76337,81.401527,103,34,50,31,20,684.45435,684.45435,23.687357,6,36.879158,18.971075,6,36.697578,7,158.78867,795.71075,684.45435,42.737629,14,-0.003000048,1.0206332,0.001791211,6.7279205,3,37,6,44.049957,2,20.299505,40.432297,97.996689,12,53,6,12,50,3,10,4,13,7,13.566921,10,0,4,2,-6.81
2.165,-6.0866399,1.32994,-0.38185328,4.3196082,4.3192677,-0.84133404,31.616989,0.087665185,-0.21605732,169.47636,0.8048678,-0.53360593,-0.3616733,0.039999999,1.5428177,2.7177858,-0.51304233,0.70298451,-7.27597,12.397855,31.524422,-0.53386986,12.480547,0.13553376,-2.8482184,3.0065665,0.16748607,253.13069,0.058957618,1.6674532,463.04422,0.54989934,-1.165127,11.009379,9.7604771,13.114194,0.48559135,15.093097,17.178202,3.8447411,3.4603581,53.79726,-0.38755578,136.42838,25.516056,154.28177,221.41014,3.157141,-2.6996627,0.0405058,18.678467,8.7991819,0.11351697,130.45641,2.7529666,-2.4454134,32.33424,0.077244937,17,37.882481,115.07654,0.32348415,0.67651582,0.11320755,10.781946,-3.5557616,29.795559,56.605217,3.2227094,0.11320755,3,81.401527,69.648354,0.75094926,0.24905074,106.3336,20.0704,11.75,143.17329,92.766678,18.64352,105.22147,3.5557616,690.84198,0.5,85,1,198.6696,8891,61.406727,19.181746,163.08315,110.67365,500.42355,24.110001,159.67,77.697189,68.431854,100,0.25318992,85,256,11.064069,25.973963,513.99048,170.46387,81.401527,103,34,50,31,20,684.45435,684.45435,23.670519,6,36.879158,18.967388,6,36.697578,7,158.78867,795.71075,684.45435,42.737629,14,-0.003004768,1.0206611,0.001794034,6.7279205,3,37,6,44.049957,2,0,40.432297,77.697189,12,53,6,12,50,3,10,4,13,7,13.566921,10,0,4,2,-7.15
3.388,-7.0936799,2.2120399,-0.3794587,5.8453546,5.8450146,-0.84025294,31.616989,0.087150626,-0.21416666,214.6933,0.79031342,-0.53502017,-0.34432951,0.03846154,1.5094818,2.711031,-0.46031672,0.66006881,-8.0926533,12.397886,31.524422,-0.52161741,12.48506,0.12480865,-2.8615007,2.9643967,0.15986992,234.26228,0.057705436,2.0513721,521.86108,0.52187091,-1.1651586,11.572328,11.465651,13.677142,0.47287655,16.797926,17.872135,3.8400223,3.4990916,53.79726,-0.36385629,169.32556,25.754671,163.02403,221.41014,3.205241,-2.7231448,0.039804414,18.921255,10.509558,0.1045341,144.05637,2.7115452,-2.4671347,35.493301,0.077288523,20,37.882481,115.07654,0.29788604,0.70211393,0.14814815,15.192742,-3.5537565,31.958696,37.736813,3.2633328,0.14814815,3,81.401527,76.207588,0.77065724,0.22934274,106.3336,22.0741,13.863739,143.17329,92.766678,19.77132,171.8735,3.5537565,720.91199,0.5,92,1,298.21881,9775,61.406727,20.260351,163.08315,118.1944,559.24048,26.273138,159.67,77.697189,49.992279,108,0.24202083,88,260,11.186072,28.137098,572.80737,170.46387,81.401527,110,30,56,33,20,743.27124,743.27124,24.402571,8,18.439579,20.065578,8,38.860714,7,158.78867,840.76007,743.27124,46.382717,14,-0.003004556,1.0206599,0.001793907,6.7548876,3,39,6,44.049957,2,0,44.843094,77.697189,12,54,6,12,52,2,10,3,13,7,13.566921,10,0,4,2,-6.03
1.9680001,-6.1926298,0.98773998,-0.38185328,3.7784765,3.7781363,-0.84019268,31.616989,0.089746021,-0.21605732,169.47636,0.81126183,-0.53352147,-0.36546952,0.040816326,1.5549978,2.711853,-0.53807992,0.70615369,-6.8771453,12.397637,31.524422,-0.54574722,12.457888,0.15002078,-2.8553493,3.0019407,0.17828852,253.13069,0.061957203,1.6332526,429.14474,0.56032103,-1.1662509,11.009379,9.5271931,13.114194,0.51147407,14.868489,16.787857,3.8506594,3.4148536,53.79726,-0.38945487,103.53119,26.527813,150.83479,227.09271,3.1061006,-2.6817038,0.050895862,17.186184,8.9271774,0.11839797,96.556946,2.7487385,-2.430629,31.397438,0.079093173,17,34.758167,115.07654,0.34605265,0.65394735,0.11538462,10.781946,-3.4726803,28.848345,56.605217,3.176626,0.11538462,3,81.401527,66.141937,0.73158127,0.26841876,112.01617,19.897167,12,143.17329,98.449257,18.18079,105.22147,3.4726803,676.815,0.5,82,1,165.77242,8555,79.41748,18.727329,163.08315,107.58006,466.52411,23.110001,168.46001,77.697189,68.431854,97,0.25729144,81,250,11.003574,24.973963,480.09103,176.14644,81.401527,100,34,48,30,20,656.23749,656.23749,23.242998,6,36.879158,18.510111,6,35.827335,7,158.78867,774.63397,656.23749,41.75148,14,-0.003004778,1.0206612,0.00179404,6.7004399,3,36,6,40.925644,2,0,58.443047,77.697189,12,52,6,12,49,3,11,4,13,7,13.566921,10,0,5,3,-7.47
3.382,-7.42484,2.0139401,-0.38185328,5.091188,5.090848,-0.83997089,31.616989,0.089745998,-0.21605732,216.90184,0.80035031,-0.5335291,-0.36143091,0.03846154,1.5198462,2.7120428,-0.51417506,0.7008304,-7.798697,12.397633,31.524422,-0.5405674,12.456367,0.13990967,-2.8587101,3.0028267,0.16949302,271.99908,0.06051895,1.6855333,476.57022,0.55630398,-1.1662526,12.403226,10.767294,14.50804,0.51095474,16.364449,18.181704,3.8586519,3.4834006,53.79726,-0.38915694,103.53119,26.595812,161.1037,227.09271,3.1851196,-2.7016711,0.050895836,17.253929,10.076221,0.11041819,96.556946,2.7494881,-2.4469278,34.214371,0.079093158,19,34.758167,115.07654,0.32272938,0.67727059,0.14545454,15.192742,-3.472681,31.132803,75.473625,3.2470167,0.14545454,3,81.401527,72.70118,0.74967211,0.25032786,112.01617,21.504469,13.292101,143.17329,98.449257,19.558889,138.54749,3.472681,718.896,0.5,91,1,199.09843,9857,79.41748,20.090487,163.08315,116.86082,513.94958,25.394459,168.46001,77.697189,68.431854,106,0.24540348,85,264,11.184048,27.258419,527.51648,176.14644,81.401527,109,34,54,33,20,703.66296,703.66296,24.636847,8,36.879158,19.89221,8,38.11179,7,158.78867,830.21643,703.66296,44.711407,14,-0.003004888,1.0206618,0.001794105,6.7813597,3,39,6,40.925644,2,0,62.853844,77.697189,12,55,6,12,52,3,11,4,13,7,13.566921,10,0,5,3,-7
5.2579999,-8.9842596,3.4286399,-0.38185328,6.630156,6.6298161,-0.83933777,31.616989,0.089693435,-0.21605732,293.73578,0.78788817,-0.53504461,-0.34231907,0,1.4788226,2.7133369,-0.49114877,0.69823867,-8.9596786,12.397657,35.50639,-0.52219504,12.469925,0.12837352,-2.8697319,3.004209,0.1604785,290.86749,0.058827173,1.7730147,539.8042,0.55583495,-1.1662787,14.309545,12.275797,16.404322,0.51089907,18.091703,20.029993,3.8430953,3.5869923,40.197308,-0.38902336,103.53119,26.822935,174.50107,227.09271,3.2999105,-2.7234766,0.05088548,17.49169,11.067813,0.10131373,96.556946,2.750622,-2.4674942,37.997784,0.079016812,21,34.758167,115.07654,0.29611894,0.70388103,0.16949153,19.603539,-3.4747162,34.287502,94.342026,3.3529174,0.16949153,3,81.401527,81.446831,0.77031279,0.22968724,112.01617,23.280592,14.288832,143.17329,98.449257,21.39649,205.19952,3.4747162,775.00397,0.44999999,103,0.81818181,265.75046,11626,79.41748,21.908031,167.06511,129.23517,577.18359,28.54916,168.46001,77.697189,49.992279,118,0.23130681,93,284,11.409931,30.41312,590.75049,176.14644,81.401527,121,34,62,37,20,766.89691,766.89691,26.458214,10,18.439579,21.717131,10,41.266491,7,158.78867,904.32629,766.89691,48.664177,14,-0.003004872,1.0206617,0.001794096,6.8826432,3,43,6,40.925644,2,0,67.264641,77.697189,12,59,6,12,56,3,11,4,13,7,13.566921,11,0,6,4,-6.39
5.053,-9.4422903,3.3264101,-0.38207537,5.7168927,5.7168927,-0.86051446,60.824585,0.092404567,-0.21605732,250.72737,0.79356652,-0.53453904,-0.37560141,0.13793103,1.5080601,2.7123687,-0.51717448,0.72058225,-9.3017673,16.828035,33.019711,-0.5347532,11.545495,0.15870529,-2.8847818,3.0029812,0.16880937,377.85818,0.061183397,1.3256936,449.74597,0.58835423,-1.1671613,15.111003,10.151166,18.416288,0.67152441,16.870022,20.327156,3.868335,3.5079336,40.197308,-0.39743021,56.605217,29.949347,170.4108,277.99899,3.2030313,-2.6923032,0.1383221,14.921803,9.8331203,0.10676431,20.299505,2.7498386,-2.4404593,34.900227,0.081421822,20,3.1243138,162.50203,0.3820006,0.61799943,0.14285715,17.94949,-3.3727686,33.625507,56.605217,3.2653215,0.14285715,5,81.401527,71.814384,0.73453039,0.26546961,115.49698,23.082645,13.507714,143.17329,115.49698,22.09762,133.30406,3.3727686,789.97797,0.41176471,90,0.69999999,133.30406,13011,90.053757,22.544523,183.85065,128.38562,534.55078,27.728804,181.60001,77.697189,49.992279,113,0.23050116,94,302,11.513602,30.526005,534.55078,193.19417,81.401527,118,44,55,39,17,727.745,727.745,27.854284,9,18.439579,22.386562,9,41.345997,6,269.36487,925.61615,727.745,47.478458,14,0,1,0,6.9772801,3,45,6,34.677017,3,0,115.66087,77.697189,22,63,7,21,58,5,12,6,13,6,0,10,4.7171016,6,4,-6.43
1.962,-6.5237899,0.78964001,-0.41803882,3.0080507,3.0077102,-0.83913893,31.616989,0.091910779,-0.22847043,171.68491,0.82245642,-0.53343505,-0.39830515,0.020408163,1.5660408,2.7117097,-0.53807992,0.72267193,-6.5759444,12.39738,31.524422,-0.5791406,12.428604,0.1688727,-2.8533218,3.0046024,0.18167551,290.86749,0.072320372,1.4342732,383.85388,0.57928383,-1.1669594,11.840277,8.9248762,13.945091,0.62258309,14.469353,17.104275,3.7728734,3.4166691,33.497757,-0.40546933,37.736813,27.429697,148.77388,232.7753,3.1073134,-2.6775165,0.10956182,15.533509,8.3722582,0.15892322,49.057533,2.7507303,-2.4278061,30.223806,0.081611291,16,31.633854,115.07654,0.37749639,0.62250358,0.11320755,10.781946,-3.3908887,28.022453,94.342026,3.1774304,0.11320755,3,81.401527,62.635521,0.67220408,0.32779592,117.69875,19.363039,11.254072,143.17329,104.13183,17.968361,71.895454,3.3908887,674.79901,0.5,81,1,66.652031,8418,97.42823,18.557465,163.08315,106.24648,421.23322,22.231321,177.25,77.697189,86.871437,95,0.26099879,79,254,11.01543,24.095284,414.50064,202.12852,81.401527,99,38,46,30,18,616.62915,616.62915,23.494112,6,55.318733,18.338238,6,35.078411,7,158.78867,764.09033,616.62915,40.190815,14,-0.003005979,1.0206683,0.001794758,6.7279205,3,36,6,37.801331,2,20.299505,76.453796,97.996689,12,53,6,12,49,4,12,5,13,7,13.566921,9,0,5,3,-7.89
2.425,-6.22475,0.74286997,-0.39859664,2.6633782,2.6630378,-0.83884484,15.808495,0.09509065,-0.22376485,277.92728,0.82055563,-0.53465813,-0.37630194,0.021739131,1.5451804,2.6942689,-0.51053888,0.60635304,-5.7078671,9.3322697,28.338846,-0.51618874,12.419037,0.1796716,-2.886791,2.9938297,0.15590008,164.91476,0.069058873,1.9585382,453.98825,0.46974793,-1.1669871,11.273616,10.321425,12.417923,0.41548741,15.052668,16.278255,3.7355042,3.4156601,33.497757,-0.33835414,18.868406,27.682663,148.33733,157.20685,3.112643,-2.7038627,0.028194824,13.327376,9.3347521,0.16033618,28.758026,2.7405477,-2.4521418,31.541624,0.084437564,18,28.509541,33.825527,0.25721222,0.74278778,0.14583333,16.417963,-3.2773983,27.721869,75.473625,3.1833451,0.14583333,4,81.401527,65.688347,0.65999222,0.34000778,123.38132,19.40744,12.084192,143.17329,109.81441,17.102631,205.19952,3.2773983,642.79797,0.5,86,1,199.95609,7151,115.43898,17.631907,163.08315,103.63365,410.11661,21.877951,186.03999,77.697189,68.431854,96,0.26638746,75,230,10.829488,23.015779,403.384,207.8111,81.401527,98,28,50,27,18,611.19513,611.19513,21.708525,7,36.879158,17.377476,7,34.128662,7,70.572739,721.94739,611.19513,40.429688,14,-0.003005473,1.0206653,0.001794455,6.5849624,3,33,6,34.677017,3,20.299505,103.28614,97.996689,6,48,6,6,46,2,13,3,13,7,13.566921,9,0,5,3,-8.52
1.585,-6.4864302,-0.18595999,-0.39000916,2.5917335,2.5913873,-0.81959885,31.616989,0.078074716,-0.22469662,198.88481,0.8282792,-0.53292602,-0.39996728,0.10204082,1.5781306,2.6911931,-0.53807992,0.71273488,-5.8993769,12.39691,37.993073,-0.56543112,13.612382,0.20273283,-2.8939016,2.9328907,0.18679208,215.39388,0.076145865,1.955323,378.9133,0.60029596,-1.1672801,11.422498,10.771618,13.527312,0.62281024,16.17024,16.425978,3.8004601,3.3591995,35.256725,-0.40080184,37.736813,31.561914,153.07866,257.70737,3.0400004,-2.6828885,0.13795526,13.19766,10.968156,0.16445625,8.458519,2.6823497,-2.431792,32.640781,0.080511905,20,50.770454,115.07654,0.40480521,0.59519476,0.15686275,15.192742,-3.4383497,28.487299,18.868406,3.1220689,0.15686275,4,81.401527,62.181934,0.63281095,0.36718908,142.63083,21.639183,14.743505,143.17329,129.0639,18.05938,171.8735,3.4383497,680.80298,0.47058824,81,0.8888889,166.63008,8596,158.83496,18.622774,169.55179,106.62206,416.29263,22.143381,215.06,77.697189,49.992279,97,0.25355992,77,242,11.016082,24.007343,402.8605,233.76015,81.401527,99,30,48,29,17,636.62067,636.62067,23.136847,8,18.439579,18.381586,8,36.249985,8,158.78867,763.53357,636.62067,43.404846,14,-0.003007656,1.0206783,0.001795761,6.6724253,3,35,6,31.552702,3,26.999058,116.88609,104.69624,12,51,6,12,49,2,16,3,14,8,13.566921,9,0,5,3,-7.43
1.696,-6.0483098,0.06464,-0.40608495,2.4019058,2.4015594,-0.8198384,31.616989,0.083422288,-0.2270685,169.47636,0.82346338,-0.531789,-0.40583938,0.043478262,1.5825058,2.6853828,-0.53807992,0.71157181,-5.7160411,12.39698,27.542452,-0.56022507,12.378518,0.19288501,-2.8812034,2.9306624,0.18120155,215.39388,0.074774936,1.8939289,354.64627,0.58965826,-1.1670846,10.631534,9.778759,12.746386,0.63221025,15.091839,15.441693,3.7494555,3.2946153,26.798204,-0.40441683,37.736813,29.713451,142.42552,244.14044,2.9762814,-2.6836598,0.13581116,12.742807,9.9644194,0.19755982,8.458519,2.6816609,-2.4348552,29.805708,0.086001031,19,25.385227,115.07654,0.40772521,0.59227479,0.14583333,15.192742,-3.2179329,26.592491,18.868406,3.0541182,0.14583333,4,81.401527,57.809109,0.60955518,0.39044484,129.0639,20.620119,13.683104,143.17329,115.49698,16.999201,138.54749,3.2179329,636.75,0.47058824,74,0.8888889,133.30406,7379,133.44974,17.533915,159.10117,99.632889,392.02563,20.695787,194.83,77.697189,68.431854,90,0.26638746,72,226,10.832287,22.55975,364.99353,233.79318,81.401527,92,30,44,27,17,598.78674,598.78674,21.870319,7,36.879158,17.340509,7,33.802391,7,158.78867,719.39813,598.78674,40.429688,14,-0.003008189,1.0206814,0.001796079,6.5849624,3,33,6,31.552702,3,40.59901,116.88609,118.2962,12,48,6,12,46,2,14,3,13,7,13.566921,9,0,5,3,-8.05
0.61299998,-6.08289,-0.82205999,-0.39000916,2.043817,2.0434704,-0.81983507,31.616989,0.078074761,-0.22544535,167.26782,0.83746028,-0.53292644,-0.40025687,0.10638298,1.6046103,2.6911736,-0.53807992,0.7127676,-5.4078465,12.396913,37.993073,-0.56578875,13.613392,0.21332747,-2.8891053,2.9264202,0.18680871,215.39388,0.076151974,1.9082209,347.2963,0.60328478,-1.1672153,10.511814,10.00829,12.616629,0.63603073,15.297917,15.515294,3.7929447,3.3071845,35.256725,-0.40189469,37.736813,31.553617,146.01955,257.70737,2.9834065,-2.6801164,0.13820785,13.194234,10.468316,0.1730506,8.458519,2.6764362,-2.4300008,30.748606,0.080511957,19,50.770454,115.07654,0.42596,0.57404,0.14285715,10.781946,-3.4383476,26.909948,18.868406,3.0684197,0.14285715,4,81.401527,57.809109,0.61362195,0.38637808,142.63083,20.750725,14.269508,143.17329,129.0639,17.142981,138.54749,3.4383476,652.74896,0.47058824,75,0.8888889,133.30406,7794,158.83496,17.714003,169.55179,100.43489,384.67566,20.566031,215.06,77.697189,49.992279,91,0.2619549,73,232,10.891458,22.429993,371.24353,233.76015,81.401527,93,30,44,27,17,605.00366,605.00366,22.226162,7,18.439579,17.462702,7,34.672634,8,158.78867,726.47864,605.00366,41.421074,14,-0.003007599,1.0206779,0.001795726,6.6147099,3,33,6,31.552702,3,26.999058,112.4753,104.69624,12,49,6,12,47,2,16,3,14,8,13.566921,9,0,5,3,-7.64
-0.296,-6.1187,-1.3274601,-0.39000916,1.3300828,1.3297356,-0.82433629,31.616989,0.074679933,-0.22815943,137.85938,0.84527618,-0.53286833,-0.40189835,0.0625,1.634763,2.6908946,-0.53807992,0.71176893,-5.2363515,13.41045,31.524422,-0.57261419,14.311496,0.21032608,-2.879143,2.9161479,0.18967351,234.26228,0.077351317,1.9065448,338.18735,0.58002335,-1.3705726,10.362932,9.8608456,12.522442,0.63730466,15.435455,15.601012,3.8006821,3.2815614,33.497757,-0.38988602,37.736813,35.112667,148.76344,275.44986,2.9470453,-2.6754508,0.13821095,13.368349,10.893591,0.180801,24.267014,2.6658676,-2.4264972,30.664505,0.076962627,20,25.385227,115.07654,0.44888061,0.55111939,0.16,10.781946,-3.5957134,27.078091,37.736813,3.0412157,0.16,4,94.968445,57.013901,0.60887295,0.39112708,160.37331,21.507786,15.257171,167.03551,129.0639,17.356039,105.22147,3.5957134,665.74799,0.41176471,74,0.69999999,99.978043,8296,166.34692,18.012192,186.94536,100.8681,362.61719,20.195787,237.92,90.646713,55.251064,91,0.25768197,73,236,10.954798,22.137098,373.62708,240.01013,94.968445,93,30,43,26,17,613.63721,613.63721,22.709326,8,18.439579,17.698866,8,35.379742,8,158.78867,736.33209,613.63721,42.4128,14,-0.003009346,1.0206883,0.001796771,6.643856,3,33,7,36.811485,3,20.299505,112.4753,110.94622,12,50,7,12,48,2,16,3,15,8,13.566921,10,32.897186,5,3,-8.17
0.039999999,-5.8803501,-1.4611599,-0.41803211,1.7383902,1.7380432,-0.81905723,31.616989,0.073426463,-0.23155928,167.26782,0.84618843,-0.53292596,-0.40961081,0.18367347,1.6109431,2.6911733,-0.53807992,0.70684385,-5.2491837,12.396808,44.46172,-0.56230438,14.831452,0.22747082,-2.8976953,2.9287632,0.18684888,215.39388,0.07823658,1.955323,355.75482,0.60814142,-1.167376,10.845147,10.771618,12.949963,0.58592379,16.17024,16.106827,3.8004601,3.3383811,37.015694,-0.40567726,37.736813,33.303097,153.0396,271.27429,3.0092876,-2.6805763,0.09781716,13.475921,10.968156,0.1776565,8.458519,2.6797256,-2.430424,32.640781,0.075735658,20,76.155678,115.07654,0.43263429,0.56736571,0.15686275,10.781946,-3.656014,27.934513,18.868406,3.1017046,0.15686275,4,81.401527,59.995522,0.59487271,0.40512732,156.19774,21.639183,14.743505,143.17329,142.63083,17.74366,138.54749,3.656014,682.77496,0.47058824,79,0.8888889,133.30406,8596,184.22018,18.348471,176.02045,104.33047,393.13419,21.143381,235.28999,77.697189,49.992279,95,0.25355992,77,242,11.016082,23.007343,373.00247,254.02661,81.401527,97,30,46,28,17,627.02911,627.02911,23.136847,8,18.439579,18.066841,8,36.249985,9,158.78867,752.08661,627.02911,43.404846,14,-0.003009554,1.0206895,0.001796895,6.6724253,3,34,6,31.552702,3,33.698608,112.4753,111.3958,12,51,6,12,49,2,18,3,15,9,13.566921,9,0,5,3,-7.8
0.237,-5.7743602,-1.11896,-0.38729054,2.303247,2.3029001,-0.83745319,31.616989,0.082276978,-0.22169784,167.26782,0.83865583,-0.5329268,-0.394678,0.2,1.5979526,2.691174,-0.53807992,0.70392781,-5.658638,12.397036,44.46172,-0.55363441,14.855969,0.20900281,-2.8941467,2.9305789,0.18463781,215.39388,0.076782413,1.9885991,389.65427,0.59788126,-1.167367,10.845147,11.00205,12.949963,0.54057634,16.377058,16.49032,3.7966616,3.3686574,57.315197,-0.39982051,70.633995,32.201374,156.59937,265.59171,3.0399439,-2.6810772,0.041607603,14.976532,10.964476,0.13902609,42.357979,2.6815395,-2.43067,33.589825,0.074021541,20,79.279991,115.07654,0.40533131,0.59466869,0.15384616,10.781946,-3.7398314,28.881725,18.868406,3.1325598,0.15384616,4,81.401527,63.501938,0.6519711,0.3480289,150.51517,21.777779,14.641428,143.17329,136.94824,18.20639,138.54749,3.7398314,696.802,0.47058824,82,0.8888889,166.20125,8967,166.20943,18.802887,176.02045,107.42406,427.03363,22.143381,226.5,77.697189,49.992279,98,0.24958064,80,248,11.076845,24.007343,427.20145,228.04454,81.401527,100,30,48,29,17,655.24597,655.24597,23.547529,8,18.439579,18.522192,8,37.120228,9,158.78867,773.16339,655.24597,44.39719,14,-0.003009456,1.0206889,0.001796836,6.7004399,3,35,6,34.677017,3,13.399102,94.464546,91.096291,12,52,6,12,50,2,17,3,15,9,13.566921,9,0,5,3,-7.68
0.43399999,-5.6683698,-0.77675998,-0.38729054,2.8603888,2.8600421,-0.83864945,31.616989,0.080485657,-0.2189756,167.26782,0.83152306,-0.53292698,-0.39365864,0.21568628,1.5854471,2.6911774,-0.52423638,0.70341367,-6.0646181,12.397267,44.46172,-0.54644907,14.882016,0.1920597,-2.8897073,2.9343066,0.17716606,215.39388,0.070391715,2.0230119,423.55374,0.59788096,-1.1667778,10.845147,11.233418,12.949963,0.53185147,16.586355,16.880665,3.7947075,3.4036314,64.014748,-0.3997196,103.53119,31.126049,160.13016,259.90912,3.0763896,-2.6825063,0.037871473,16.517414,10.716219,0.12348401,76.257439,2.6855333,-2.4314222,34.540695,0.071873926,20,82.404305,115.07654,0.38028273,0.61971724,0.1509434,10.781946,-3.8236713,29.828939,18.868406,3.1681774,0.1509434,4,81.401527,67.008347,0.68445629,0.31554371,144.8326,21.922937,14.222222,143.17329,131.26567,18.669121,138.54749,3.8236713,710.82898,0.47058824,85,0.8888889,199.09843,9342,148.19868,19.257305,176.02045,110.51765,460.93311,23.143381,217.71001,77.697189,49.992279,101,0.24573661,84,254,11.135668,25.007343,467.80048,215.66241,81.401527,103,30,50,30,17,683.46289,683.46289,23.97505,8,18.439579,18.980776,8,37.990471,9,158.78867,794.24017,683.46289,45.38982,14,-0.003009454,1.0206889,0.001796835,6.7279205,3,36,6,37.801331,3,6.6995511,76.453796,84.396736,12,53,6,12,51,2,16,3,15,9,13.566921,9,0,5,3,-8.15
