logP(o/w),logS,PEOE_VSA+1,GCUT_SMR_1,PEOE_RPC-,rsynth,BCUT_SMR_2,GCUT_SMR_2,h_ema,h_logS,BCUT_SLOGP_3,BCUT_SLOGP_1,h_log_pbo,chi1v_C,balabanJ,BCUT_PEOE_1,GCUT_PEOE_2,vsa_other,BCUT_PEOE_2,BCUT_PEOE_0,SMR_VSA5,chi1v,chi1_C,BCUT_SMR_0,BCUT_SMR_1,PEOE_VSA+3,VDistEq,lip_violation,PEOE_VSA_FPOS,PEOE_RPC+,PEOE_VSA_FNEG,PEOE_VSA_NEG,BCUT_SLOGP_2,PEOE_PC-,Kier2,PEOE_PC+,PEOE_VSA-0,vsa_acc,SMR_VSA0,SlogP_VSA4,apol,Weight,PEOE_VSA-5,petitjeanSC,petitjean,SMR,SMR_VSA6,SlogP_VSA2,weinerPath,VDistMa,b_double,chi0_C,h_pstates,a_nO,weinerPol,h_mr,VAdjEq,SlogP_VSA3,zagreb,chi1,Kier1,opr_brigid,mr,chi0,diameter,vdw_vol,SlogP_VSA7,a_hyd,b_max1len,opr_violation,a_acc,SlogP_VSA1,VAdjMa,a_nC,b_heavy,a_aro,a_heavy,b_ar,a_nN,lip_acc,rings,opr_nring,PEOE_VSA-3,ast_violation_ext,ast_violation,logPapp
4.743,-8.9262896,15.808495,-0.21893343,0.095013782,0,0.59597051,0.15122849,12.432638,-7.401619,2.7145169,-0.48684505,9.3322973,13.608256,2.0422966,-0.49977624,0.046404615,77.697189,0.45341608,-2.7115493,202.65158,18.548018,14.742526,-2.4586413,-0.33116147,40.197308,3.7826133,3,0.77224243,0.083704077,0.2277576,157.20685,0.40234792,-3.2801476,21.922937,3.2801476,33.825527,81.401527,143.17329,20.82876,119.10158,712.93298,81.401527,0.63636363,0.3888889,19.40193,49.992279,167.06511,9286,11.138001,6,26.877586,1.0206779,7,80,19.903839,0.24573661,18.439579,254,23.941376,45.38982,28,19.655594,37.990471,18,814.58478,70.572739,32,3,4,7,34.677017,6.7279205,38,53,6,51,6,6,13,3,2,13.566921,5,3,-5.79
3.717,-7.8132601,15.808495,-0.22227845,0.092628509,0,0.62425941,0.16490763,12.450751,-6.9835553,2.7272413,-0.51666963,9.3324823,13.045307,1.6994125,-0.52512324,0.052761275,77.697189,0.50613815,-2.7067482,221.51997,18.244427,14.179578,-2.4543409,-0.34645662,40.197308,3.7580242,2,0.77029163,0.081587732,0.22970839,151.52428,0.46759626,-3.3652329,20.0704,3.3652329,33.825527,81.401527,143.17329,16.417963,114.67441,696.89001,81.401527,0.80000001,0.44444445,18.73686,68.431854,167.06511,8721,11.078074,6,25.714449,1.0206779,7,81,19.279648,0.25318992,36.879158,256,23.636847,42.737629,32,19.016987,36.697578,18,790.61218,70.572739,31,3,3,7,37.801331,6.7279205,37,53,6,50,6,6,13,4,3,13.566921,5,3,-7.05
4.9400001,-8.8203001,15.808495,-0.21689926,0.092666239,0,0.57713556,0.14170554,12.455304,-7.8007283,2.7154424,-0.4728893,9.3325148,13.608256,2.0831182,-0.48520017,0.045584165,77.697189,0.44340777,-2.7220182,202.65158,18.938362,14.742526,-2.4673555,-0.32023764,40.197308,3.7748463,2,0.78909689,0.081635751,0.21090311,151.52428,0.39866349,-3.3632445,22.0741,3.3632445,33.825527,81.401527,143.17329,20.82876,122.19517,726.95996,81.401527,0.63636363,0.3888889,19.86466,49.992279,167.06511,9640,11.196231,6,27.877586,1.0206773,7,84,20.358253,0.24202083,18.439579,260,24.368896,46.382717,28,20.110783,38.860714,18,835.6615,70.572739,33,3,3,7,37.801331,6.7548876,39,54,6,52,6,6,13,3,2,13.566921,5,3,-6.11
4.9400001,-8.8203001,15.808495,-0.21767119,0.092666239,0,0.57927448,0.14410675,12.455299,-7.8006902,2.716934,-0.4734318,9.3325148,13.608256,2.080765,-0.48761404,0.045803845,77.697189,0.44356149,-2.7229836,202.65158,18.938362,14.742526,-2.4682086,-0.32084051,40.197308,3.7802708,2,0.78909689,0.081635967,0.21090311,151.52428,0.39744279,-3.3632445,22.0741,3.3632445,33.825527,81.401527,143.17329,20.82876,122.19517,726.95996,81.401527,0.63636363,0.3888889,19.86466,49.992279,167.06511,9650,11.195508,6,27.877586,1.0206779,7,84,20.358253,0.24202083,18.439579,260,24.368896,46.382717,28,20.110783,38.860714,18,835.6615,70.572739,33,3,3,7,37.801331,6.7548876,39,54,6,52,6,6,13,3,2,13.566921,5,3,-6.12
4.9400001,-8.8203001,15.808495,-0.21784224,0.092676349,0,0.58285028,0.14680316,12.455561,-7.8014498,2.7158818,-0.47530657,9.3325148,13.608256,2.0867555,-0.49007797,0.043855675,77.697189,0.4415786,-2.7127059,202.65158,18.938362,14.742526,-2.4592972,-0.32114303,40.197308,3.7744868,2,0.78909689,0.081529588,0.21090311,151.52428,0.38937762,-3.3633904,22.0741,3.3633904,33.825527,81.401527,143.17329,20.82876,122.19517,726.95996,81.401527,0.63636363,0.3888889,19.86466,49.992279,167.06511,9630,11.196175,6,27.877586,1.0206338,7,84,20.358253,0.24202083,18.439579,260,24.368896,46.382717,28,20.110783,38.860714,18,835.6615,70.572739,33,3,3,7,37.801331,6.7548876,39,54,6,52,6,6,13,3,2,13.566921,5,3,-5.89
5.1370001,-8.7143097,15.808495,-0.21689363,0.090432346,0,0.56275046,0.13765125,12.477889,-8.1990976,2.7189193,-0.46108758,9.3327312,13.608256,2.1221468,-0.47653648,0.042893041,77.697189,0.43189821,-2.7320607,202.65158,19.328705,14.742526,-2.4758353,-0.30990374,40.197308,3.7726858,2,0.80467749,0.079667769,0.19532248,145.84171,0.38675478,-3.4463248,22.23077,3.4463248,33.825527,81.401527,143.17329,20.82876,125.28875,740.987,81.401527,0.63636363,0.3888889,20.327391,49.992279,167.06511,10009,11.252588,6,28.877586,1.0206773,7,88,20.812668,0.23842676,18.439579,266,24.796417,47.375866,28,20.56572,39.730957,18,856.73828,70.572739,34,3,3,7,40.925644,6.7813597,40,55,6,53,6,6,13,3,2,13.566921,6,4,-6.02
5.1370001,-8.7143097,15.808495,-0.21551289,0.09044186,0,0.56303149,0.1377418,12.478225,-8.2005329,2.7166679,-0.45969206,9.3327322,13.608256,2.1270418,-0.47545156,0.042950295,77.697189,0.43199068,-2.7229962,202.65158,19.328705,14.742526,-2.4679489,-0.30974722,40.197308,3.7666883,2,0.80467749,0.07956364,0.19532248,145.84171,0.38641202,-3.4464877,22.23077,3.4464877,33.825527,81.401527,143.17329,20.82876,125.28875,740.987,81.401527,0.63636363,0.3888889,20.327391,49.992279,167.06511,9992,11.253344,6,28.877586,1.0206331,7,88,20.812668,0.23842676,18.439579,266,24.796417,47.375866,28,20.56572,39.730957,18,856.73828,70.572739,34,3,3,7,40.925644,6.7813597,40,55,6,53,6,6,13,3,2,13.566921,6,4,-5.82
5.1370001,-8.7143097,15.808495,-0.21588673,0.09044186,0,0.56364185,0.13838093,12.478223,-8.2005186,2.717972,-0.46152717,9.3327322,13.608256,2.1239085,-0.47597057,0.043488272,77.697189,0.43242347,-2.7236719,202.65158,19.328705,14.742526,-2.4686189,-0.31010997,40.197308,3.772558,2,0.80467749,0.07956364,0.19532248,145.84171,0.38646603,-3.4464877,22.23077,3.4464877,33.825527,81.401527,143.17329,20.82876,125.28875,740.987,81.401527,0.63636363,0.3888889,20.327391,49.992279,167.06511,10005,11.252579,6,28.877586,1.0206338,7,88,20.812668,0.23842676,18.439579,266,24.796417,47.375866,28,20.56572,39.730957,18,856.73828,70.572739,34,3,3,7,40.925644,6.7813597,40,55,6,53,6,6,13,3,2,13.566921,6,4,-5.88
5.3340001,-8.6083202,15.808495,-0.20838208,0.088313013,0,0.54008973,0.1279964,12.500811,-8.5989008,2.7197008,-0.43912184,9.3329477,13.608256,2.1647811,-0.45936254,0.041448314,77.697189,0.41852248,-2.7327073,202.65158,19.719049,14.742526,-2.4762423,-0.29497853,40.197308,3.7649143,2,0.81912345,0.077219523,0.18087657,140.15913,0.38036171,-3.5295677,22.3925,3.5295677,33.825527,81.401527,143.17329,20.82876,128.38234,755.01398,81.401527,0.63636363,0.3888889,20.790119,49.992279,167.06511,10372,11.308639,6,29.877586,1.0206331,7,92,21.267082,0.23494832,18.439579,272,25.223938,48.369259,28,21.020418,40.6012,18,877.815,70.572739,35,3,3,7,44.049957,6.8073549,41,56,6,54,6,6,13,3,2,13.566921,5,3,-6.24
5.1370001,-8.7143097,15.808495,-0.2155181,0.090432316,0,0.56363153,0.13711824,12.477974,-8.1995106,2.7165568,-0.46030846,9.3327312,13.608256,2.1273618,-0.47525889,0.043242972,77.697189,0.43304425,-2.7284334,202.65158,19.328705,14.742526,-2.4724531,-0.31028131,40.197308,3.7667177,2,0.80467749,0.079567373,0.19532248,145.84171,0.38707954,-3.446326,22.23077,3.446326,33.825527,81.401527,143.17329,20.82876,125.28875,740.987,81.401527,0.63636363,0.3888889,20.327391,49.992279,167.06511,9990,11.253336,6,28.877586,1.0206616,7,88,20.812668,0.23842676,18.439579,266,24.796417,47.375866,28,20.56572,39.730957,18,856.73828,70.572739,34,3,3,7,40.925644,6.7813597,40,55,6,53,6,6,13,3,2,13.566921,6,4,-5.42
4.1110001,-7.6012802,15.808495,-0.21605732,0.088269666,0,0.61580157,0.15851116,12.496084,-7.7814198,2.7280087,-0.48645151,9.3329163,13.045307,1.7685483,-0.51536518,0.050025791,77.697189,0.49301279,-2.7269962,221.51997,19.025116,14.179578,-2.4710639,-0.33788794,40.197308,3.7401924,2,0.80426651,0.07708399,0.19573347,140.15913,0.45924678,-3.5314114,20.429419,3.5314114,33.825527,81.401527,143.17329,16.417963,120.86158,724.94397,81.401527,0.80000001,0.44444445,19.662319,68.431854,167.06511,9397,11.196194,6,27.714449,1.0206616,7,89,20.188477,0.24540348,36.879158,268,24.491886,44.711407,32,19.928228,38.438065,18,832.76569,70.572739,33,3,3,7,44.049957,6.7813597,39,55,6,52,6,6,13,4,3,13.566921,4,2,-5.95
5.3340001,-8.6083202,15.808495,-0.21319209,0.088319816,0,0.5404101,0.12841988,12.500566,-8.5978794,2.7221699,-0.44446942,9.3329468,13.608256,2.1648073,-0.4615207,0.040837944,77.697189,0.41856411,-2.7322106,202.65158,19.719049,14.742526,-2.475605,-0.29537719,40.197308,3.7641683,2,0.81912345,0.077127792,0.18087657,140.15913,0.38037053,-3.5294061,22.3925,3.5294061,33.825527,81.401527,143.17329,20.82876,128.38234,755.01398,81.401527,0.63636363,0.3888889,20.790119,49.992279,167.06511,10372,11.308724,6,29.877586,1.0206616,7,92,21.267082,0.23494832,18.439579,272,25.223938,48.369259,28,21.020418,40.6012,18,877.815,70.572739,35,3,3,7,44.049957,6.8073549,41,56,6,54,6,6,13,3,2,13.566921,5,3,-5.83
5.5310001,-8.5023298,15.808495,-0.20625593,0.086282447,0,0.53471178,0.12701815,12.523401,-8.9969559,2.720896,-0.43233445,9.3331633,13.608256,2.2089617,-0.4562887,0.039097201,77.697189,0.41321313,-2.7374866,202.65158,20.109394,14.742526,-2.4800308,-0.29110774,40.197308,3.756861,2,0.83255422,0.075348169,0.16744576,134.47655,0.37385523,-3.6126323,22.558893,3.6126323,33.825527,81.401527,143.17329,20.82876,131.47592,769.04095,81.401527,0.63636363,0.3888889,21.25285,49.992279,167.06511,10735,11.36366,6,30.877586,1.0206177,7,96,21.721497,0.23157986,18.439579,278,25.651457,49.362881,28,21.474892,41.471443,18,898.89178,70.572739,36,3,3,7,47.174271,6.83289,42,57,6,55,6,6,13,3,2,13.566921,5,3,-5.82
5.3340001,-8.6083202,15.808495,-0.21319209,0.088319816,0,0.5404101,0.12841988,12.500566,-8.5978794,2.7221699,-0.44446942,9.3329468,13.608256,2.1648073,-0.4615207,0.040837944,77.697189,0.41856411,-2.7322106,202.65158,19.719049,14.742526,-2.475605,-0.29537719,40.197308,3.7641683,2,0.81912345,0.077127792,0.18087657,140.15913,0.38037053,-3.5294061,22.3925,3.5294061,33.825527,81.401527,143.17329,20.82876,128.38234,755.01398,81.401527,0.63636363,0.3888889,20.790119,49.992279,167.06511,10372,11.308724,6,29.877586,1.0206616,7,92,21.267082,0.23494832,18.439579,272,25.223938,48.369259,28,21.020418,40.6012,18,877.815,70.572739,35,3,3,7,44.049957,6.8073549,41,56,6,54,6,6,13,3,2,13.566921,5,3,-6.54
5.2529998,-9.73106,29.207598,-0.21900006,0.093986869,0.1509434,0.62448668,0.14818507,11.561097,-8.2117949,2.7145095,-0.44016227,10.69818,14.191589,1.6986922,-0.49718869,0.046548493,77.697189,0.45510095,-2.7114723,220.29475,19.407743,15.57586,-2.4586308,-0.33118856,40.197308,3.8380089,3,0.83573234,0.082816057,0.16426767,115.49698,0.52115297,-3.3159871,21.671528,3.3159871,0,81.401527,143.17329,20.399931,123.58637,735.97101,81.401527,0.63636363,0.3888889,20.42112,49.992279,183.85065,10325,11.245952,6,28.162043,1,6,84,20.80818,0.24170427,18.439579,270,25.013855,45.698978,32,20.561451,38.982033,18,848.96753,92.933022,34,3,4,6,34.677017,6.8073549,40,56,9,53,10,7,13,4,3,0,6,4,-5.48
4.2270002,-8.6180296,29.207598,-0.22233817,0.091652416,0.15384616,0.62632072,0.1604728,11.57921,-7.7937336,2.7272365,-0.45862833,10.698365,13.628641,1.4688106,-0.52458686,0.052769635,77.697189,0.50615609,-2.7066576,239.16316,19.104153,15.012911,-2.4543281,-0.34646839,40.197308,3.8186152,2,0.83670777,0.080744229,0.16329224,109.81441,0.55117834,-3.4010725,19.921875,3.4010725,0,81.401527,143.17329,15.989136,119.1592,719.92798,81.401527,0.80000001,0.44444445,19.75605,68.431854,183.85065,9729,11.187761,6,26.998907,1,6,85,20.18399,0.24876592,36.879158,272,24.709326,43.128826,36,19.922482,37.68914,18,824.995,92.933022,33,3,3,6,37.801331,6.8073549,39,56,9,52,10,7,13,5,4,0,5,3,-6.72
5.2529998,-8.7907104,29.207598,-0.21266146,0.093986779,0.1509434,0.60425609,0.1387351,11.561163,-7.9267116,2.7144163,-0.42701882,10.69818,14.356114,1.7213608,-0.47580582,0.040244151,77.697189,0.44094226,-2.7199171,220.29475,19.572268,15.740384,-2.4675124,-0.31839165,40.197308,3.8189566,3,0.83573234,0.082815975,0.16426767,115.49698,0.50965887,-3.3159902,21.671528,3.3159902,0,81.401527,143.17329,20.399931,123.58637,735.97101,81.401527,0.63636363,0.3888889,20.42112,49.992279,183.85065,10181,11.246307,6,28.162043,1,6,90,20.80818,0.24170427,18.439579,270,25.178381,45.698978,32,20.59166,38.982033,18,848.96753,92.933022,34,3,4,6,34.677017,6.8073549,40,56,9,53,10,7,13,4,3,0,6,4,-6.39
2.1630001,-7.5734601,60.824585,-0.22340214,0.083735868,0.20338982,0.7390939,0.18626277,14.824323,-8.0831337,2.6896958,-0.53807992,16.827934,14.470704,1.314695,-0.56993294,0.076899432,77.697189,0.62351364,-2.6708901,415.595,20.353306,17.77599,-2.4186029,-0.42692316,41.956276,3.9468095,3,0.5744167,0.074379534,0.42558333,309.30841,0.67789757,-3.7218213,24.333937,3.7218213,162.50203,81.401527,143.17329,9.1278973,127.86082,806.96497,81.401527,0.81818181,0.44999999,22.12694,68.431854,190.31929,13808,11.557405,6,29.069975,1.0066818,7,95,22.602154,0.22728641,36.879158,304,28.498444,48.456055,44,22.406485,41.889965,20,924.02271,269.36487,38,5,5,8,34.677017,7,44,64,21,59,22,8,15,6,5,0,5,3,-7.1
1.574,-6.4046102,31.616989,-0.22078753,0.094276935,0.021276595,0.71442968,0.18308596,12.411865,-6.0708456,2.711822,-0.53807992,12.397199,11.009379,1.5751328,-0.55312836,0.072236463,77.697189,0.58070201,-2.6808207,253.13069,16.014017,13.114194,-2.4303303,-0.39121345,33.497757,3.8683147,3,0.60244012,0.083715543,0.39755985,238.45787,0.67211181,-3.3057845,19.565218,3.3057845,115.07654,81.401527,143.17329,10.781946,101.39289,648.76099,81.401527,1,0.5,17.255329,68.431854,163.08315,7863,10.876521,6,22.973963,1.0206776,7,74,17.818501,0.26595098,36.879158,238,22.404795,39.7808,34,17.597973,34.086845,20,732.48047,158.78867,28,3,4,7,34.677017,6.643856,34,50,12,47,12,6,13,4,3,13.566921,5,3,-8.3
2.5999999,-7.5176401,31.616989,-0.22165909,0.083351374,0.020833334,0.7146216,0.18061323,12.393719,-6.4883714,2.699101,-0.53807992,12.397014,11.572328,1.8902178,-0.55938637,0.073184334,77.697189,0.59338468,-2.6974244,234.26228,16.317608,13.677142,-2.4461389,-0.40820563,33.497757,3.8756859,3,0.61272365,0.085927613,0.38727635,244.14044,0.64507174,-3.2206821,21.507786,3.2206821,115.07654,81.401527,143.17329,15.192742,105.82006,664.80402,81.401527,1,0.5,17.920401,49.992279,163.08315,8371,10.94424,6,24.137098,1.0206778,7,73,18.44269,0.25768197,18.439579,236,22.709326,42.4128,30,18.242588,35.379742,20,756.45306,158.78867,29,3,4,7,31.552702,6.643856,35,50,12,48,12,6,13,3,2,13.566921,5,3,-7.62
2.165,-6.0866399,31.616989,-0.21605732,0.087654419,0.039999999,0.70891851,0.17097443,12.481122,-7.2786169,2.7135241,-0.52081102,12.397861,11.009379,1.6674221,-0.53585601,0.058869828,77.697189,0.57053804,-2.6861107,253.13069,17.178202,13.114194,-2.4330845,-0.39001438,53.79726,3.8482141,2,0.67651582,0.076643661,0.32348415,221.41014,0.52001458,-3.5560873,20.0704,3.5560873,115.07654,81.401527,143.17329,10.781946,110.67365,690.84198,81.401527,1,0.5,18.64352,68.431854,163.08315,8891,11.063437,6,25.973963,1.0206326,7,85,19.181746,0.25318992,36.879158,256,23.670519,42.737629,34,18.967388,36.697578,20,795.71075,158.78867,31,3,3,7,44.049957,6.7279205,37,53,12,50,12,6,13,4,3,13.566921,4,2,-6.46
2.165,-6.0866399,31.616989,-0.21605732,0.087688595,0.02,0.71134168,0.16588113,12.480455,-7.2703829,2.7192698,-0.51071674,12.397855,11.009379,1.6751992,-0.53523934,0.058726236,77.697189,0.57824659,-2.7034693,253.13069,17.185051,13.114194,-2.4478536,-0.38975132,33.497757,3.8515487,2,0.67651582,0.077148043,0.32348415,221.41014,0.52816862,-3.5553546,20.0704,3.5553546,115.07654,81.401527,143.17329,10.781946,110.67365,690.84198,81.401527,1,0.5,18.64352,68.431854,163.08315,8860,11.061907,6,25.973963,1.0206332,7,86,19.181746,0.25318992,36.879158,256,23.687357,42.737629,34,18.971075,36.697578,20,795.71075,158.78867,31,3,3,7,44.049957,6.7279205,37,53,12,50,12,6,13,4,3,13.566921,4,2,-6.81
2.165,-6.0866399,31.616989,-0.21605732,0.087665185,0.039999999,0.70298451,0.16748607,12.480547,-7.27597,2.7177858,-0.51304233,12.397855,11.009379,1.6674532,-0.53386986,0.058957618,77.697189,0.54989934,-2.6996627,253.13069,17.178202,13.114194,-2.4454134,-0.38755578,53.79726,3.8447411,2,0.67651582,0.077244937,0.32348415,221.41014,0.48559135,-3.5557616,20.0704,3.5557616,115.07654,81.401527,143.17329,10.781946,110.67365,690.84198,81.401527,1,0.5,18.64352,68.431854,163.08315,8891,11.064069,6,25.973963,1.0206611,7,85,19.181746,0.25318992,36.879158,256,23.670519,42.737629,34,18.967388,36.697578,20,795.71075,158.78867,31,3,3,7,44.049957,6.7279205,37,53,12,50,12,6,13,4,3,13.566921,4,2,-7.15
3.388,-7.0936799,31.616989,-0.21416666,0.087150626,0.03846154,0.66006881,0.15986992,12.48506,-8.0926533,2.711031,-0.46031672,12.397886,11.572328,2.0513721,-0.52161741,0.057705436,77.697189,0.52187091,-2.7231448,234.26228,17.872135,13.677142,-2.4671347,-0.36385629,53.79726,3.8400223,2,0.70211393,0.077288523,0.29788604,221.41014,0.47287655,-3.5537565,22.0741,3.5537565,115.07654,81.401527,143.17329,15.192742,118.1944,720.91199,81.401527,1,0.5,19.77132,49.992279,163.08315,9775,11.186072,6,28.137098,1.0206599,7,88,20.260351,0.24202083,18.439579,260,24.402571,46.382717,30,20.065578,38.860714,20,840.76007,158.78867,33,3,3,7,44.049957,6.7548876,39,54,12,52,12,6,13,3,2,13.566921,4,2,-6.03
1.9680001,-6.1926298,31.616989,-0.21605732,0.089746021,0.040816326,0.70615369,0.17828852,12.457888,-6.8771453,2.711853,-0.53807992,12.397637,11.009379,1.6332526,-0.54574722,0.061957203,77.697189,0.56032103,-2.6817038,253.13069,16.787857,13.114194,-2.430629,-0.38945487,53.79726,3.8506594,2,0.65394735,0.079093173,0.34605265,227.09271,0.51147407,-3.4726803,19.897167,3.4726803,115.07654,81.401527,143.17329,10.781946,107.58006,676.815,81.401527,1,0.5,18.18079,68.431854,163.08315,8555,11.003574,6,24.973963,1.0206612,7,81,18.727329,0.25729144,36.879158,250,23.242998,41.75148,34,18.510111,35.827335,20,774.63397,158.78867,30,3,3,7,40.925644,6.7004399,36,52,12,49,12,6,13,4,3,13.566921,5,3,-7.47
3.382,-7.42484,31.616989,-0.21605732,0.089745998,0.03846154,0.7008304,0.16949302,12.456367,-7.798697,2.7120428,-0.51417506,12.397633,12.403226,1.6855333,-0.5405674,0.06051895,77.697189,0.55630398,-2.7016711,271.99908,18.181704,14.50804,-2.4469278,-0.38915694,53.79726,3.8586519,2,0.67727059,0.079093158,0.32272938,227.09271,0.51095474,-3.472681,21.504469,3.472681,115.07654,81.401527,143.17329,15.192742,116.86082,718.896,81.401527,1,0.5,19.558889,68.431854,163.08315,9857,11.184048,6,27.258419,1.0206618,7,85,20.090487,0.24540348,36.879158,264,24.636847,44.711407,34,19.89221,38.11179,20,830.21643,158.78867,33,3,3,7,40.925644,6.7813597,39,55,12,52,12,6,13,4,3,13.566921,5,3,-7
5.2579999,-8.9842596,31.616989,-0.21605732,0.089693435,0,0.69823867,0.1604785,12.469925,-8.9596786,2.7133369,-0.49114877,12.397657,14.309545,1.7730147,-0.52219504,0.058827173,77.697189,0.55583495,-2.7234766,290.86749,20.029993,16.404322,-2.4674942,-0.38902336,40.197308,3.8430953,2,0.70388103,0.079016812,0.29611894,227.09271,0.51089907,-3.4747162,23.280592,3.4747162,115.07654,81.401527,143.17329,19.603539,129.23517,775.00397,81.401527,0.81818181,0.44999999,21.39649,49.992279,167.06511,11626,11.409931,6,30.41312,1.0206617,7,93,21.908031,0.23130681,18.439579,284,26.458214,48.664177,34,21.717131,41.266491,20,904.32629,158.78867,37,3,3,7,40.925644,6.8826432,43,59,12,56,12,6,13,4,3,13.566921,6,4,-6.39
5.053,-9.4422903,60.824585,-0.21605732,0.092404567,0.13793103,0.72058225,0.16880937,11.545495,-9.3017673,2.7123687,-0.51717448,16.828035,15.111003,1.3256936,-0.5347532,0.061183397,77.697189,0.58835423,-2.6923032,377.85818,20.327156,18.416288,-2.4404593,-0.39743021,40.197308,3.868335,3,0.61799943,0.081421822,0.3820006,277.99899,0.67152441,-3.3727686,23.082645,3.3727686,162.50203,81.401527,143.17329,17.94949,128.38562,789.97797,81.401527,0.69999999,0.41176471,22.09762,49.992279,183.85065,13011,11.513602,6,30.526005,1,6,94,22.544523,0.23050116,18.439579,302,27.854284,47.478458,44,22.386562,41.345997,17,925.61615,269.36487,39,3,5,6,34.677017,6.9772801,45,63,21,58,22,7,13,6,5,0,6,4,-6.43
1.962,-6.5237899,31.616989,-0.22847043,0.091910779,0.020408163,0.72267193,0.18167551,12.428604,-6.5759444,2.7117097,-0.53807992,12.39738,11.840277,1.4342732,-0.5791406,0.072320372,77.697189,0.57928383,-2.6775165,290.86749,17.104275,13.945091,-2.4278061,-0.40546933,33.497757,3.7728734,2,0.62250358,0.081611291,0.37749639,232.7753,0.62258309,-3.3908887,19.363039,3.3908887,115.07654,81.401527,143.17329,10.781946,106.24648,674.79901,81.401527,1,0.5,17.968361,86.871437,163.08315,8418,11.01543,6,24.095284,1.0206683,7,79,18.557465,0.26099879,55.318733,254,23.494112,40.190815,38,18.338238,35.078411,18,764.09033,158.78867,30,3,3,7,37.801331,6.7279205,36,53,12,49,12,6,13,5,4,13.566921,5,3,-7.89
2.425,-6.22475,15.808495,-0.22376485,0.09509065,0.021739131,0.60635304,0.15590008,12.419037,-5.7078671,2.6942689,-0.51053888,9.3322697,11.273616,1.9585382,-0.51618874,0.069058873,77.697189,0.46974793,-2.7038627,164.91476,16.278255,12.417923,-2.4521418,-0.33835414,33.497757,3.7355042,3,0.74278778,0.084437564,0.25721222,157.20685,0.41548741,-3.2773983,19.40744,3.2773983,33.825527,81.401527,143.17329,16.417963,103.63365,642.79797,81.401527,1,0.5,17.102631,68.431854,163.08315,7151,10.829488,6,23.015779,1.0206653,7,75,17.631907,0.26638746,36.879158,230,21.708525,40.429688,28,17.377476,34.128662,18,721.94739,70.572739,27,3,4,7,34.677017,6.5849624,33,48,6,46,6,6,13,3,2,13.566921,5,3,-8.52
1.585,-6.4864302,31.616989,-0.22469662,0.078074716,0.10204082,0.71273488,0.18679208,13.612382,-5.8993769,2.6911931,-0.53807992,12.39691,11.422498,1.955323,-0.56543112,0.076145865,77.697189,0.60029596,-2.6828885,215.39388,16.425978,13.527312,-2.431792,-0.40080184,35.256725,3.8004601,3,0.59519476,0.080511905,0.40480521,257.70737,0.62281024,-3.4383497,21.639183,3.4383497,115.07654,81.401527,143.17329,15.192742,106.62206,680.80298,81.401527,0.8888889,0.47058824,18.05938,49.992279,169.55179,8596,11.016082,6,24.007343,1.0206783,8,77,18.622774,0.25355992,18.439579,242,23.136847,43.404846,30,18.381586,36.249985,17,763.53357,158.78867,29,3,4,8,31.552702,6.6724253,35,51,12,49,12,6,14,3,2,13.566921,5,3,-7.43
1.696,-6.0483098,31.616989,-0.2270685,0.083422288,0.043478262,0.71157181,0.18120155,12.378518,-5.7160411,2.6853828,-0.53807992,12.39698,10.631534,1.8939289,-0.56022507,0.074774936,77.697189,0.58965826,-2.6836598,215.39388,15.441693,12.746386,-2.4348552,-0.40441683,26.798204,3.7494555,3,0.59227479,0.086001031,0.40772521,244.14044,0.63221025,-3.2179329,20.620119,3.2179329,115.07654,81.401527,143.17329,15.192742,99.632889,636.75,81.401527,0.8888889,0.47058824,16.999201,68.431854,159.10117,7379,10.832287,6,22.55975,1.0206814,7,72,17.533915,0.26638746,36.879158,226,21.870319,40.429688,30,17.340509,33.802391,17,719.39813,158.78867,27,3,4,7,31.552702,6.5849624,33,48,12,46,12,6,13,3,2,13.566921,5,3,-8.05
0.61299998,-6.08289,31.616989,-0.22544535,0.078074761,0.10638298,0.7127676,0.18680871,13.613392,-5.4078465,2.6911736,-0.53807992,12.396913,10.511814,1.9082209,-0.56578875,0.076151974,77.697189,0.60328478,-2.6801164,215.39388,15.515294,12.616629,-2.4300008,-0.40189469,35.256725,3.7929447,3,0.57404,0.080511957,0.42596,257.70737,0.63603073,-3.4383476,20.750725,3.4383476,115.07654,81.401527,143.17329,10.781946,100.43489,652.74896,81.401527,0.8888889,0.47058824,17.142981,49.992279,169.55179,7794,10.891458,6,22.429993,1.0206779,8,73,17.714003,0.2619549,18.439579,232,22.226162,41.421074,30,17.462702,34.672634,17,726.47864,158.78867,27,3,4,8,31.552702,6.6147099,33,49,12,47,12,6,14,3,2,13.566921,5,3,-7.64
-0.296,-6.1187,31.616989,-0.22815943,0.074679933,0.0625,0.71176893,0.18967351,14.311496,-5.2363515,2.6908946,-0.53807992,13.41045,10.362932,1.9065448,-0.57261419,0.077351317,90.646713,0.58002335,-2.6754508,234.26228,15.601012,12.522442,-2.4264972,-0.38988602,33.497757,3.8006821,3,0.55111939,0.076962627,0.44888061,275.44986,0.63730466,-3.5957134,21.507786,3.5957134,115.07654,94.968445,167.03551,10.781946,100.8681,665.74799,94.968445,0.69999999,0.41176471,17.356039,55.251064,186.94536,8296,10.954798,7,22.137098,1.0206883,8,73,18.012192,0.25768197,18.439579,236,22.709326,42.4128,30,17.698866,35.379742,17,736.33209,158.78867,26,3,4,8,36.811485,6.643856,33,50,12,48,12,7,15,3,2,13.566921,5,3,-8.17
0.039999999,-5.8803501,31.616989,-0.23155928,0.073426463,0.18367347,0.70684385,0.18684888,14.831452,-5.2491837,2.6911733,-0.53807992,12.396808,10.845147,1.955323,-0.56230438,0.07823658,77.697189,0.60814142,-2.6805763,215.39388,16.106827,12.949963,-2.430424,-0.40567726,37.015694,3.8004601,3,0.56736571,0.075735658,0.43263429,271.27429,0.58592379,-3.656014,21.639183,3.656014,115.07654,81.401527,143.17329,10.781946,104.33047,682.77496,81.401527,0.8888889,0.47058824,17.74366,49.992279,176.02045,8596,11.016082,6,23.007343,1.0206895,9,77,18.348471,0.25355992,18.439579,242,23.136847,43.404846,30,18.066841,36.249985,17,752.08661,158.78867,28,3,4,9,31.552702,6.6724253,34,51,12,49,12,6,15,3,2,13.566921,5,3,-7.8
0.237,-5.7743602,31.616989,-0.22169784,0.082276978,0.2,0.70392781,0.18463781,14.855969,-5.658638,2.691174,-0.53807992,12.397036,10.845147,1.9885991,-0.55363441,0.076782413,77.697189,0.59788126,-2.6810772,215.39388,16.49032,12.949963,-2.43067,-0.39982051,57.315197,3.7966616,3,0.59466869,0.074021541,0.40533131,265.59171,0.54057634,-3.7398314,21.777779,3.7398314,115.07654,81.401527,143.17329,10.781946,107.42406,696.802,81.401527,0.8888889,0.47058824,18.20639,49.992279,176.02045,8967,11.076845,6,24.007343,1.0206889,9,80,18.802887,0.24958064,18.439579,248,23.547529,44.39719,30,18.522192,37.120228,17,773.16339,158.78867,29,3,4,9,34.677017,6.7004399,35,52,12,50,12,6,15,3,2,13.566921,5,3,-7.68
0.43399999,-5.6683698,31.616989,-0.2189756,0.080485657,0.21568628,0.70341367,0.17716606,14.882016,-6.0646181,2.6911774,-0.52423638,12.397267,10.845147,2.0230119,-0.54644907,0.070391715,77.697189,0.59788096,-2.6825063,215.39388,16.880665,12.949963,-2.4314222,-0.3997196,64.014748,3.7947075,3,0.61971724,0.071873926,0.38028273,259.90912,0.53185147,-3.8236713,21.922937,3.8236713,115.07654,81.401527,143.17329,10.781946,110.51765,710.82898,81.401527,0.8888889,0.47058824,18.669121,49.992279,176.02045,9342,11.135668,6,25.007343,1.0206889,9,84,19.257305,0.24573661,18.439579,254,23.97505,45.38982,30,18.980776,37.990471,17,794.24017,158.78867,30,3,4,9,37.801331,6.7279205,36,53,12,51,12,6,15,3,2,13.566921,5,3,-8.15
