119.10158,3,5,7,6,111,13,51,32,165.18422,1.4881462,38,60,6,7,2.0422966,-2.7115493,-0.49977624,0.45341608,2.7505443,-2.882278,-0.48684505,0.40234792,2.7145169,-2.4586413,-0.33116147,0.59597051,3.0038259,76.620422,10,0.18867925,6,113,6,53,3,10,0.18867925,101,37.990471,31.583675,25.739758,26.877586,23.941376,18.548018,13.608256,14.742526,0.80096388,18,-0.83912516,-0.36753029,0.046404615,3.2817996,-1.167057,-0.31897238,0.024780791,3.2236996,-0.53557402,-0.21893343,0.15122849,3.5115564,12.432638,27.913586,13.612513,5.2350574,5.2347112,-7.401619,9.3322973,19.903839,-0.003007597,14,1.0206779,0.001795725,45.38982,21.922937,14.876033,36.329762,17.464907,11.811868,12.441095,13,3,4.743,-8.9262896,19.655594,28,2,21,4,3.2801476,-3.2801476,0.083704077,0.095013782,370.5697,15.808495,28.758026,40.197308,0,33.825527,13.566921,81.401527,0.72833759,0.2277576,0.15909654,0.27166238,0.77224243,0.11256586,502.72598,157.20685,109.81441,187.5116,533.0307,77.697189,0.3888889,0.63636363,690.23761,690.23761,11,3,0,2.5476699,115.43898,34.677017,167.06511,18.439579,20.82876,18.868406,70.572739,113.21043,271.85153,19.40193,143.17329,28.509541,107.69694,32.320816,0,202.65158,49.992279,266.60812,186.03999,0.24573661,6.7279205,3.7826133,11.138001,690.23761,814.58478,81.401527,489.15906,77.697189,123.38132,712.93298,9286,80,254,-5.79
114.67441,3,5,7,6,106,12,50,31,160.03665,1.5097798,37,56,6,7,1.6994125,-2.7067482,-0.52512324,0.50613815,2.7789619,-2.8738637,-0.51666963,0.46759626,2.7272413,-2.4543409,-0.34645662,0.62425941,3.0334816,73.567589,8,0.1509434,6,109,6,53,3,8,0.1509434,97,36.697578,30.367752,24.576622,25.714449,23.636847,18.244427,13.045307,14.179578,0.8100583,18,-0.84201682,-0.38185328,0.052761275,3.2868505,-1.1665535,-0.36387005,0.038227946,3.2264254,-0.53540766,-0.22227845,0.16490763,3.5176997,12.450751,26.665581,14.857837,4.2498112,4.249465,-6.9835553,9.3324823,19.279648,-0.003007597,14,1.0206779,0.001795725,42.737629,20.0704,12.25532,34.046928,15.911066,9.6827774,10.834458,13,2,3.717,-7.8132601,19.016987,32,3,18,3,3.3652329,-3.3652329,0.081587732,0.092628509,325.35275,15.808495,49.057533,40.197308,0,33.825527,13.566921,81.401527,0.72435009,0.22970839,0.15786219,0.27564988,0.77029163,0.11778769,477.80856,151.52428,104.13183,181.82901,508.11328,77.697189,0.44444445,0.80000001,659.63757,659.63757,10,4,0,2.0077701,97.42823,37.801331,167.06511,36.879158,16.417963,18.868406,70.572739,132.07884,205.19952,18.73686,143.17329,31.633854,85.275391,32.320816,0,221.51997,68.431854,199.95609,177.25,0.25318992,6.7279205,3.7580242,11.078074,659.63757,790.61218,81.401527,464.24164,77.697189,117.69875,696.89001,8721,81,256,-7.05
122.19517,3,5,7,6,114,12,52,33,168.49734,1.4780469,39,62,6,7,2.0831182,-2.7220182,-0.48520017,0.44340777,2.751081,-2.8756375,-0.4728893,0.39866349,2.7154424,-2.4673555,-0.32023764,0.57713556,3.0044885,80.126831,10,0.18518518,6,116,6,54,3,10,0.18518518,104,38.860714,32.530888,26.739758,27.877586,24.368896,18.938362,13.608256,14.742526,0.79513532,18,-0.83912611,-0.36745596,0.045584165,3.3217402,-1.1670562,-0.31245816,0.023516564,3.2668803,-0.5357219,-0.21689926,0.14170554,3.5512736,12.455304,26.900154,15.103414,5.7766399,5.7762947,-7.8007283,9.3325148,20.358253,-0.003007504,14,1.0206773,0.001795669,46.382717,22.0741,14.473063,37.291901,17.66799,11.548249,12.670632,13,2,4.9400001,-8.8203001,20.110783,28,2,21,3,3.3632445,-3.3632445,0.081635751,0.092666239,370.5697,15.808495,62.657486,40.197308,0,33.825527,13.566921,81.401527,0.74691641,0.21090311,0.14493866,0.25308356,0.78909689,0.1081449,536.62543,151.52428,104.13183,181.82901,566.93018,77.697189,0.3888889,0.63636363,718.45447,718.45447,11,3,0,2.8898699,97.42823,37.801331,167.06511,18.439579,20.82876,51.765594,70.572739,113.21043,271.85153,19.86466,143.17329,31.633854,89.686188,32.320816,0,202.65158,49.992279,299.50531,177.25,0.24202083,6.7548876,3.7748463,11.196231,718.45447,835.6615,81.401527,523.05853,77.697189,117.69875,726.95996,9640,84,260,-6.11
122.19517,3,5,7,6,114,12,52,33,168.49734,1.4780469,39,62,6,7,2.080765,-2.7229836,-0.48761404,0.44356149,2.7517164,-2.8762834,-0.4734318,0.39744279,2.716934,-2.4682086,-0.32084051,0.57927448,3.0051882,80.126831,10,0.18518518,6,116,6,54,3,10,0.18518518,104,38.860714,32.530888,26.739758,27.877586,24.368896,18.938362,13.608256,14.742526,0.79513532,18,-0.83918202,-0.36752352,0.045803845,3.3229065,-1.1662743,-0.31240979,0.023665244,3.2682331,-0.53578496,-0.21767119,0.14410675,3.5522981,12.455299,26.90049,15.103083,5.7765503,5.7762046,-7.8006902,9.3325148,20.358253,-0.003007597,14,1.0206779,0.001795725,46.382717,22.0741,14.473063,37.291901,17.66799,11.548249,12.670632,13,2,4.9400001,-8.8203001,20.110783,28,2,21,3,3.3632445,-3.3632445,0.081635967,0.092666239,370.5697,15.808495,62.657486,40.197308,0,33.825527,13.566921,81.401527,0.74691641,0.21090311,0.14493866,0.25308356,0.78909689,0.1081449,536.62543,151.52428,104.13183,181.82901,566.93018,77.697189,0.3888889,0.63636363,718.45447,718.45447,11,3,0,2.8898699,97.42823,37.801331,167.06511,18.439579,20.82876,51.765594,70.572739,113.21043,271.85153,19.86466,143.17329,31.633854,89.686188,32.320816,0,202.65158,49.992279,299.50531,177.25,0.24202083,6.7548876,3.7802708,11.195508,718.45447,835.6615,81.401527,523.05853,77.697189,117.69875,726.95996,9650,84,260,-6.12
122.19517,3,5,7,6,114,12,52,33,168.49734,1.4780469,39,62,6,7,2.0867555,-2.7127059,-0.49007797,0.4415786,2.7548184,-2.8792241,-0.47530657,0.38937762,2.7158818,-2.4592972,-0.32114303,0.58285028,3.0085404,80.126831,10,0.18518518,6,116,6,54,3,10,0.18518518,104,38.860714,32.530888,26.739758,27.877586,24.368896,18.938362,13.608256,14.742526,0.79513532,18,-0.84039122,-0.35880631,0.043855675,3.3205192,-1.1664981,-0.30390847,0.02023541,3.2650619,-0.53558439,-0.21784224,0.14680316,3.5506239,12.455561,26.891817,15.116567,5.7787905,5.7784615,-7.8014498,9.3325148,20.358253,-0.003000145,14,1.0206338,0.001791269,46.382717,22.0741,14.473063,37.291901,17.66799,11.548249,12.670632,13,2,4.9400001,-8.8203001,20.110783,28,2,21,3,3.3633904,-3.3633904,0.081529588,0.092676349,370.5697,15.808495,62.657486,40.197308,0,33.825527,13.566921,81.401527,0.74691641,0.21090311,0.14493866,0.25308356,0.78909689,0.1081449,536.62543,151.52428,104.13183,181.82901,566.93018,77.697189,0.3888889,0.63636363,718.45447,718.45447,11,3,0,2.8898699,97.42823,37.801331,167.06511,18.439579,20.82876,51.765594,70.572739,113.21043,271.85153,19.86466,143.17329,31.633854,89.686188,32.320816,0,202.65158,49.992279,299.50531,177.25,0.24202083,6.7548876,3.7744868,11.196175,718.45447,835.6615,81.401527,523.05853,77.697189,117.69875,726.95996,9630,84,260,-5.89
125.28875,4,6,7,6,117,11,53,34,171.7943,1.4683273,40,64,6,7,2.1221468,-2.7320607,-0.47653648,0.43189821,2.7524817,-2.8699033,-0.46108758,0.38675478,2.7189193,-2.4758353,-0.30990374,0.56275046,3.0061214,83.633247,10,0.18181819,6,119,6,55,3,10,0.18181819,107,39.730957,33.478104,27.739758,28.877586,24.796417,19.328705,13.608256,14.742526,0.78959352,18,-0.83930945,-0.36744049,0.042893041,3.3634553,-1.1662313,-0.31043905,0.019455239,3.3121774,-0.53593266,-0.21689363,0.13765125,3.592653,12.477889,25.893,16.589384,6.3165488,6.3162036,-8.1990976,9.3327312,20.812668,-0.0030075,14,1.0206773,0.001795667,47.375866,22.23077,14.105903,38.25536,17.873632,11.306778,12.901175,13,2,5.1370001,-8.7143097,20.56572,28,2,21,3,3.4463248,-3.4463248,0.079667769,0.090432346,370.5697,15.808495,96.556946,40.197308,0,33.825527,13.566921,81.401527,0.76409107,0.19532248,0.13185085,0.23590893,0.80467749,0.10405808,570.5249,145.84171,98.449257,176.14644,600.82965,77.697189,0.3888889,0.63636363,746.67133,746.67133,11,3,0,3.23207,79.41748,40.925644,167.06511,18.439579,20.82876,84.662781,70.572739,113.21043,271.85153,20.327391,143.17329,34.758167,71.675438,32.320816,0,202.65158,49.992279,332.4025,168.46001,0.23842676,6.7813597,3.7726858,11.252588,746.67133,856.73828,81.401527,556.95801,77.697189,112.01617,740.987,10009,88,266,-6.02
125.28875,4,6,7,6,117,11,53,34,171.7943,1.4683273,40,64,6,7,2.1270418,-2.7229962,-0.47545156,0.43199068,2.755326,-2.8723178,-0.45969206,0.38641202,2.7166679,-2.4679489,-0.30974722,0.56303149,3.0091615,83.633247,10,0.18181819,6,119,6,55,3,10,0.18181819,107,39.730957,33.478104,27.739758,28.877586,24.796417,19.328705,13.608256,14.742526,0.78959352,18,-0.84039426,-0.35864949,0.042950295,3.3588836,-1.1661499,-0.30360502,0.019105632,3.3064103,-0.53573561,-0.21551289,0.1377418,3.5887268,12.478225,25.878603,16.607298,6.3203149,6.3199859,-8.2005329,9.3327322,20.812668,-0.003000042,14,1.0206331,0.001791207,47.375866,22.23077,14.105903,38.25536,17.873632,11.306778,12.901175,13,2,5.1370001,-8.7143097,20.56572,28,2,21,3,3.4464877,-3.4464877,0.07956364,0.09044186,370.5697,15.808495,96.556946,40.197308,0,33.825527,13.566921,81.401527,0.76409107,0.19532248,0.13185085,0.23590893,0.80467749,0.10405808,570.5249,145.84171,98.449257,176.14644,600.82965,77.697189,0.3888889,0.63636363,746.67133,746.67133,11,3,0,3.23207,79.41748,40.925644,167.06511,18.439579,20.82876,84.662781,70.572739,113.21043,271.85153,20.327391,143.17329,34.758167,71.675438,32.320816,0,202.65158,49.992279,332.4025,168.46001,0.23842676,6.7813597,3.7666883,11.253344,746.67133,856.73828,81.401527,556.95801,77.697189,112.01617,740.987,9992,88,266,-5.82
125.28875,4,6,7,6,117,11,53,34,171.7943,1.4683273,40,64,6,7,2.1239085,-2.7236719,-0.47597057,0.43242347,2.7558115,-2.8725975,-0.46152717,0.38646603,2.717972,-2.4686189,-0.31010997,0.56364185,3.0096843,83.633247,10,0.18181819,6,119,6,55,3,10,0.18181819,107,39.730957,33.478104,27.739758,28.877586,24.796417,19.328705,13.608256,14.742526,0.78959352,18,-0.84041947,-0.35862377,0.043488272,3.3591197,-1.166155,-0.30353358,0.019108133,3.3066728,-0.53579479,-0.21588673,0.13838093,3.58883,12.478223,25.878738,16.607124,6.3202791,6.3199501,-8.2005186,9.3327322,20.812668,-0.003000146,14,1.0206338,0.00179127,47.375866,22.23077,14.105903,38.25536,17.873632,11.306778,12.901175,13,2,5.1370001,-8.7143097,20.56572,28,2,21,3,3.4464877,-3.4464877,0.07956364,0.09044186,370.5697,15.808495,96.556946,40.197308,0,33.825527,13.566921,81.401527,0.76409107,0.19532248,0.13185085,0.23590893,0.80467749,0.10405808,570.5249,145.84171,98.449257,176.14644,600.82965,77.697189,0.3888889,0.63636363,746.67133,746.67133,11,3,0,3.23207,79.41748,40.925644,167.06511,18.439579,20.82876,84.662781,70.572739,113.21043,271.85153,20.327391,143.17329,34.758167,71.675438,32.320816,0,202.65158,49.992279,332.4025,168.46001,0.23842676,6.7813597,3.772558,11.252579,746.67133,856.73828,81.401527,556.95801,77.697189,112.01617,740.987,10005,88,266,-5.88
128.38234,3,5,7,6,120,10,54,35,175.07597,1.4589664,41,66,6,7,2.1647811,-2.7327073,-0.45936254,0.41852248,2.7565064,-2.8658757,-0.43912184,0.38036171,2.7197008,-2.4762423,-0.29497853,0.54008973,3.0105252,87.139664,10,0.17857143,6,122,6,56,3,10,0.17857143,110,40.6012,34.425316,28.739758,29.877586,25.223938,19.719049,13.608256,14.742526,0.78431785,18,-0.84046239,-0.3578617,0.041448314,3.3982344,-1.1650271,-0.30237678,0.018272303,3.3489587,-0.53594488,-0.20838208,0.1279964,3.627713,12.500811,24.871464,18.093258,6.8602195,6.8598905,-8.5989008,9.3329477,21.267082,-0.003000036,14,1.0206331,0.001791204,48.369259,22.3925,13.7904,39.22007,18.081635,11.103734,13.132648,13,2,5.3340001,-8.6083202,21.020418,28,2,21,3,3.5295677,-3.5295677,0.077219523,0.088313013,370.5697,15.808495,130.45641,40.197308,0,33.825527,13.566921,81.401527,0.78001493,0.18087657,0.1197162,0.2199851,0.81912345,0.10026889,604.42438,140.15913,92.766678,170.46387,634.72913,77.697189,0.3888889,0.63636363,774.88824,774.88824,11,3,0,3.57427,61.406727,44.049957,167.06511,18.439579,20.82876,117.55997,70.572739,113.21043,271.85153,20.790119,143.17329,37.882481,53.664684,32.320816,0,202.65158,49.992279,365.29968,159.67,0.23494832,6.8073549,3.7649143,11.308639,774.88824,877.815,81.401527,590.85742,77.697189,106.3336,755.01398,10372,92,272,-6.24
125.28875,4,6,7,6,117,11,53,34,171.7943,1.4683273,40,64,6,7,2.1273618,-2.7284334,-0.47525889,0.43304425,2.7521181,-2.8708169,-0.46030846,0.38707954,2.7165568,-2.4724531,-0.31028131,0.56363153,3.0057549,83.633247,10,0.18181819,6,119,6,55,3,10,0.18181819,107,39.730957,33.478104,27.739758,28.877586,24.796417,19.328705,13.608256,14.742526,0.78959352,18,-0.83934492,-0.36713699,0.043242972,3.3614657,-1.1662594,-0.31146187,0.019467426,3.3097324,-0.53576458,-0.2155181,0.13711824,3.591105,12.477974,25.888859,16.595089,6.3176355,6.3172956,-8.1995106,9.3327312,20.812668,-0.003004852,14,1.0206616,0.001794083,47.375866,22.23077,14.105903,38.25536,17.873632,11.306778,12.901175,13,2,5.1370001,-8.7143097,20.56572,28,2,21,3,3.446326,-3.446326,0.079567373,0.090432316,370.5697,15.808495,96.556946,40.197308,0,33.825527,13.566921,81.401527,0.76409107,0.19532248,0.13185085,0.23590893,0.80467749,0.10405808,570.5249,145.84171,98.449257,176.14644,600.82965,77.697189,0.3888889,0.63636363,746.67133,746.67133,11,3,0,3.23207,79.41748,40.925644,167.06511,18.439579,20.82876,84.662781,70.572739,113.21043,271.85153,20.327391,143.17329,34.758167,71.675438,32.320816,0,202.65158,49.992279,332.4025,168.46001,0.23842676,6.7813597,3.7667177,11.253336,746.67133,856.73828,81.401527,556.95801,77.697189,112.01617,740.987,9990,88,266,-5.42
120.86158,2,4,7,6,112,10,52,33,166.71837,1.4885569,39,60,6,7,1.7685483,-2.7269962,-0.51536518,0.49301279,2.779654,-2.8587956,-0.48645151,0.45924678,2.7280087,-2.4710639,-0.33788794,0.61580157,3.0343101,80.580421,8,0.14545454,6,115,6,55,3,8,0.14545454,103,38.438065,32.26218,26.576622,27.714449,24.491886,19.025116,13.045307,14.179578,0.79790026,18,-0.84206313,-0.38185328,0.050025791,3.3658078,-1.1651111,-0.34232894,0.038064327,3.3123169,-0.53565121,-0.21605732,0.15851116,3.5963774,12.496084,24.641073,17.840263,5.3323307,5.3319907,-7.7814198,9.3329163,20.188477,-0.003004849,14,1.0206616,0.001794082,44.711407,20.429419,11.774318,35.948158,16.351595,9.3948851,11.304033,13,2,4.1110001,-7.6012802,19.928228,32,3,18,3,3.5314114,-3.5314114,0.07708399,0.088269666,325.35275,15.808495,116.85645,40.197308,0,33.825527,13.566921,81.401527,0.76194572,0.19573347,0.12954949,0.23805431,0.80426651,0.10850481,545.60748,140.15913,92.766678,170.46387,575.91223,77.697189,0.44444445,0.80000001,716.07135,716.07135,10,4,0,2.6921699,61.406727,44.049957,167.06511,36.879158,16.417963,84.662781,70.572739,132.07884,205.19952,19.662319,143.17329,37.882481,49.253891,32.320816,0,221.51997,68.431854,265.75046,159.67,0.24540348,6.7813597,3.7401924,11.196194,716.07135,832.76569,81.401527,532.04053,77.697189,106.3336,724.94397,9397,89,268,-5.95
128.38234,3,5,7,6,120,10,54,35,175.07597,1.4589664,41,66,6,7,2.1648073,-2.7322106,-0.4615207,0.41856411,2.7566624,-2.8655388,-0.44446942,0.38037053,2.7221699,-2.475605,-0.29537719,0.5404101,3.010644,87.139664,10,0.17857143,6,122,6,56,3,10,0.17857143,110,40.6012,34.425316,28.739758,29.877586,25.223938,19.719049,13.608256,14.742526,0.78431785,18,-0.84130359,-0.36698803,0.040837944,3.3993995,-1.1651068,-0.31025335,0.018405816,3.3504505,-0.53590083,-0.21319209,0.12841988,3.6287801,12.500566,24.881483,18.081726,6.8576026,6.8572626,-8.5978794,9.3329468,21.267082,-0.003004842,14,1.0206616,0.001794078,48.369259,22.3925,13.7904,39.22007,18.081635,11.103734,13.132648,13,2,5.3340001,-8.6083202,21.020418,28,2,21,3,3.5294061,-3.5294061,0.077127792,0.088319816,370.5697,15.808495,130.45641,40.197308,0,33.825527,13.566921,81.401527,0.78001493,0.18087657,0.1197162,0.2199851,0.81912345,0.10026889,604.42438,140.15913,92.766678,170.46387,634.72913,77.697189,0.3888889,0.63636363,774.88824,774.88824,11,3,0,3.57427,61.406727,44.049957,167.06511,18.439579,20.82876,117.55997,70.572739,113.21043,271.85153,20.790119,143.17329,37.882481,53.664684,32.320816,0,202.65158,49.992279,365.29968,159.67,0.23494832,6.8073549,3.7641683,11.308724,774.88824,877.815,81.401527,590.85742,77.697189,106.3336,755.01398,10372,92,272,-5.83
131.47592,3,5,7,6,123,9,55,36,178.34322,1.4499449,42,68,6,7,2.2089617,-2.7374866,-0.4562887,0.41321313,2.7577875,-2.8609266,-0.43233445,0.37385523,2.720896,-2.4800308,-0.29110774,0.53471178,3.0120571,90.646072,10,0.1754386,6,125,6,57,3,10,0.1754386,113,41.471443,35.372528,29.739758,30.877586,25.651457,20.109394,13.608256,14.742526,0.77928954,18,-0.8406294,-0.35661671,0.039097201,3.4370589,-1.1639822,-0.30236042,0.015203857,3.3908002,-0.53598756,-0.20625593,0.12701815,3.666609,12.523401,23.866331,19.580135,7.3995724,7.3992486,-8.9969559,9.3331633,21.721497,-0.002997434,14,1.0206177,0.001789648,49.362881,22.558893,13.5,40.185974,18.291813,10.915775,13.364986,13,2,5.5310001,-8.5023298,21.474892,28,2,21,3,3.6126323,-3.6126323,0.075348169,0.086282447,370.5697,15.808495,164.35587,40.197308,0,33.825527,13.566921,81.401527,0.79481977,0.16744576,0.10843425,0.20518023,0.83255422,0.096745975,638.32385,134.47655,87.084099,164.78128,668.62854,77.697189,0.3888889,0.63636363,803.1051,803.1051,11,3,0,3.9164701,43.395977,47.174271,167.06511,18.439579,20.82876,150.45715,70.572739,113.21043,271.85153,21.25285,143.17329,41.006798,35.653934,32.320816,0,202.65158,49.992279,398.19687,150.88,0.23157986,6.83289,3.756861,11.36366,803.1051,898.89178,81.401527,624.7569,77.697189,100.65102,769.04095,10735,96,278,-5.82
128.38234,3,5,7,6,120,10,54,35,175.07597,1.4589664,41,66,6,7,2.1648073,-2.7322106,-0.4615207,0.41856411,2.7566624,-2.8655388,-0.44446942,0.38037053,2.7221699,-2.475605,-0.29537719,0.5404101,3.010644,87.139664,10,0.17857143,6,122,6,56,3,10,0.17857143,110,40.6012,34.425316,28.739758,29.877586,25.223938,19.719049,13.608256,14.742526,0.78431785,18,-0.84130359,-0.36698803,0.040837944,3.3993995,-1.1651068,-0.31025335,0.018405816,3.3504505,-0.53590083,-0.21319209,0.12841988,3.6287801,12.500566,24.881483,18.081726,6.8576026,6.8572626,-8.5978794,9.3329468,21.267082,-0.003004842,14,1.0206616,0.001794078,48.369259,22.3925,13.7904,39.22007,18.081635,11.103734,13.132648,13,2,5.3340001,-8.6083202,21.020418,28,2,21,3,3.5294061,-3.5294061,0.077127792,0.088319816,370.5697,15.808495,130.45641,40.197308,0,33.825527,13.566921,81.401527,0.78001493,0.18087657,0.1197162,0.2199851,0.81912345,0.10026889,604.42438,140.15913,92.766678,170.46387,634.72913,77.697189,0.3888889,0.63636363,774.88824,774.88824,11,3,0,3.57427,61.406727,44.049957,167.06511,18.439579,20.82876,117.55997,70.572739,113.21043,271.85153,20.790119,143.17329,37.882481,53.664684,32.320816,0,202.65158,49.992279,365.29968,159.67,0.23494832,6.8073549,3.7641683,11.308724,774.88824,877.815,81.401527,590.85742,77.697189,106.3336,755.01398,10372,92,272,-6.54
123.58637,4,6,6,9,114,12,53,34,169.13611,1.48365,40,61,7,6,1.6986922,-2.7114723,-0.49718869,0.45510095,2.7507191,-2.8823566,-0.44016227,0.52115297,2.7145095,-2.4586308,-0.33118856,0.62448668,3.0038457,78.373627,10,0.17857143,10,117,6,56,3,10,0.17857143,101,38.982033,32.71381,26.817108,28.162043,25.013855,19.407743,14.191589,15.57586,0.79447436,18,-0.86051941,-0.35240901,0.046548493,3.295233,-1.1670736,-0.31308156,0.062754408,3.2396173,-0.53557438,-0.21900006,0.14818507,3.5277798,11.561097,28.140064,13.18865,5.8568664,5.8568664,-8.2117949,10.69818,20.80818,0,14,1,0,45.698978,21.671528,13.816559,35.933002,16.957298,10.773957,11.496729,13,3,5.2529998,-9.73106,20.561451,32,3,21,4,3.3159871,-3.3159871,0.082816057,0.093986869,420.20374,29.207598,20.299505,40.197308,0,0,0,81.401527,0.7252261,0.16426767,0.16426767,0.2747739,0.83573234,0.11050623,509.90814,115.49698,115.49698,193.19417,587.60535,77.697189,0.3888889,0.63636363,703.10229,703.10229,11,4,0.1509434,3.32337,90.053757,34.677017,183.85065,18.439579,20.399931,18.868406,92.933022,113.21043,266.60812,20.42112,143.17329,3.1243138,124.48247,26.64856,4.7171016,220.29475,49.992279,266.60812,181.60001,0.24170427,6.8073549,3.8380089,11.245952,703.10229,848.96753,81.401527,509.90814,77.697189,115.49698,735.97101,10325,84,270,-5.48
119.1592,3,5,6,9,109,11,52,33,163.96541,1.5042698,39,57,7,6,1.4688106,-2.7066576,-0.52458686,0.50615609,2.7790322,-2.8739672,-0.45862833,0.55117834,2.7272365,-2.4543281,-0.34646839,0.62632072,3.0334883,75.320801,8,0.14285715,10,113,6,56,3,8,0.14285715,97,37.68914,31.497889,25.653971,26.998907,24.709326,19.104153,13.628641,15.012911,0.80300122,18,-0.86051941,-0.36252132,0.052769635,3.2998104,-1.1665715,-0.34620064,0.068313897,3.2418535,-0.5354082,-0.22233817,0.1604728,3.5333099,11.57921,26.89204,14.433986,4.8716249,4.8716249,-7.7937336,10.698365,20.18399,0,14,1,0,43.128826,19.921875,11.5468,33.746971,15.509207,8.9577188,10.065168,13,2,4.2270002,-8.6180296,19.922482,36,4,18,3,3.4010725,-3.4010725,0.080744229,0.091652416,374.98679,29.207598,40.59901,40.197308,0,0,0,81.401527,0.72117329,0.16329224,0.16329224,0.27882668,0.83670777,0.11553445,484.99072,109.81441,109.81441,187.5116,562.68787,77.697189,0.44444445,0.80000001,672.50232,672.50232,10,5,0.15384616,2.7834699,72.042999,37.801331,183.85065,36.879158,15.989136,18.868406,92.933022,132.07884,199.95609,19.75605,143.17329,6.2486277,102.06092,26.64856,4.7171016,239.16316,68.431854,199.95609,172.81,0.24876592,6.8073549,3.8186152,11.187761,672.50232,824.995,81.401527,484.99072,77.697189,109.81441,719.92798,9729,85,272,-6.72
123.58637,4,6,6,9,114,12,53,34,169.13611,1.48365,40,61,7,6,1.7213608,-2.7199171,-0.47580582,0.44094226,2.7568562,-2.8949008,-0.42701882,0.50965887,2.7144163,-2.4675124,-0.31839165,0.60425609,3.0095899,78.373627,10,0.17857143,10,117,6,56,3,10,0.17857143,101,38.982033,32.71381,26.817108,28.162043,25.178381,19.572268,14.356114,15.740384,0.79447436,18,-0.86051792,-0.350382,0.040244151,3.3242126,-1.1672463,-0.31248283,0.061783534,3.2662423,-0.53604937,-0.21266146,0.1387351,3.5562184,11.561163,28.12281,13.171695,5.1026716,5.1026716,-7.9267116,10.69818,20.80818,0,14,1,0,45.698978,21.671528,12.253747,35.933002,16.957298,9.5552988,11.496729,13,3,5.2529998,-8.7907104,20.59166,32,3,21,4,3.3159902,-3.3159902,0.082815975,0.093986779,420.20374,29.207598,20.299505,40.197308,0,0,0,81.401527,0.7252261,0.16426767,0.16426767,0.2747739,0.83573234,0.11050623,509.90814,115.49698,115.49698,193.19417,587.60535,77.697189,0.3888889,0.63636363,703.10229,703.10229,11,4,0.1509434,3.32337,90.053757,34.677017,183.85065,18.439579,20.399931,18.868406,92.933022,113.21043,266.60812,20.42112,143.17329,3.1243138,124.48247,26.64856,4.7171016,220.29475,49.992279,266.60812,181.60001,0.24170427,6.8073549,3.8189566,11.246307,703.10229,848.96753,81.401527,509.90814,77.697189,115.49698,735.97101,10181,90,270,-6.39
127.86082,3,5,8,21,113,16,59,38,176.04982,1.557963,44,54,8,7,1.314695,-2.6708901,-0.56993294,0.62351364,2.7418919,-2.8902628,-0.53807992,0.67789757,2.6896958,-2.4186029,-0.42692316,0.7390939,2.9949009,70.06118,11,0.171875,22,118,6,64,5,11,0.171875,90,41.889965,33.194042,26.272774,29.069975,28.498444,20.353306,14.470704,17.77599,0.81440961,20,-0.86051625,-0.39000916,0.076899432,3.2433279,-1.3632903,-0.39372486,0.14032654,3.1690574,-0.5286656,-0.22340214,0.18626277,3.486372,14.824323,32.662521,15.470663,0.60344565,3.6846051,-8.0831337,16.827934,22.602154,0.99917817,3.9151244,1.0066818,4.2351608,48.456055,24.333937,13.995691,35.817142,17.887268,10.247971,10.858829,15,3,2.1630001,-7.5734601,22.406485,44,5,22,5,3.7218213,-3.7218213,0.074379534,0.083735868,189.70193,60.824585,40.59901,41.956276,6.6995511,162.50203,0,81.401527,0.70629543,0.42558333,0.17758147,0.29370454,0.5744167,0.11612307,513.32629,309.30841,129.0639,213.46063,417.47855,84.396736,0.44999999,0.81818181,726.78699,726.78699,11,6,0.20338982,1.13411,148.33617,34.677017,190.31929,36.879158,9.1278973,56.605217,269.36487,94.342026,33.326015,22.12694,143.17329,28.509541,106.83928,39.488358,37.614288,415.595,68.431854,33.326015,227.85001,0.22728641,7,3.9468095,11.557405,726.78699,924.02271,81.401527,502.28339,77.697189,146.8064,806.96497,13808,95,304,-7.1
101.39289,3,5,7,12,91,13,47,28,143.85933,1.5808717,34,44,6,7,1.5751328,-2.6808207,-0.55312836,0.58070201,2.7482057,-2.8630142,-0.53807992,0.67211181,2.711822,-2.4303303,-0.39121345,0.71442968,3.0012429,59.129108,6,0.12,12,94,6,50,3,6,0.12,76,34.086845,26.953918,21.110001,22.973963,22.404795,16.014017,11.009379,13.114194,0.82515371,20,-0.83912122,-0.39000916,0.072236463,3.1146507,-1.1670475,-0.39636448,0.13821536,3.0420074,-0.53352064,-0.22078753,0.18308596,3.3532224,12.411865,28.619946,14.220887,2.6778662,2.6775203,-6.0708456,12.397199,17.818501,-0.003007533,14,1.0206776,0.001795686,39.7808,19.565218,12.32609,29.530962,14.423934,9.0425968,9.0628223,13,3,1.574,-6.4046102,17.597973,34,3,17,4,3.3057845,-3.3057845,0.083715543,0.094276935,169.47636,31.616989,28.758026,33.497757,20.299505,115.07654,13.566921,81.401527,0.65353483,0.39755985,0.18308391,0.3464652,0.60244012,0.16338128,391.99258,238.45787,109.81441,207.8111,361.34583,97.996689,0.5,1,599.80371,599.80371,10,4,0.021276595,0.30333999,115.43898,34.677017,163.08315,36.879158,10.781946,37.736813,158.78867,56.605217,105.22147,17.255329,143.17329,28.509541,94.464546,31.524422,0,253.13069,68.431854,99.978043,186.03999,0.26595098,6.643856,3.8683147,10.876521,599.80371,732.48047,81.401527,398.72519,77.697189,123.38132,648.76099,7863,74,238,-8.3
105.82006,3,5,7,12,96,14,48,29,149.39203,1.556167,35,48,6,7,1.8902178,-2.6974244,-0.55938637,0.59338468,2.690011,-2.8809988,-0.53807992,0.64507174,2.699101,-2.4461389,-0.40820563,0.7146216,2.9405878,62.181934,8,0.16,12,98,6,50,3,8,0.16,80,35.379742,28.169842,22.273138,24.137098,22.709326,16.317608,11.572328,13.677142,0.81488204,20,-0.81988519,-0.38457191,0.073184334,3.1057951,-1.1670467,-0.39343876,0.14229633,3.0370796,-0.53473151,-0.22165909,0.18061323,3.3429854,12.393719,29.872196,12.972976,3.6619732,3.6616266,-6.4883714,12.397014,18.44269,-0.003007578,14,1.0206778,0.001795713,42.4128,21.507786,15.257171,31.69367,15.966134,11.274308,10.542195,13,3,2.5999999,-7.5176401,18.242588,30,2,20,4,3.2206821,-3.2206821,0.085927613,0.083351374,214.6933,31.616989,8.458519,33.497757,20.299505,115.07654,13.566921,81.401527,0.66133815,0.38727635,0.18321113,0.33866182,0.61272365,0.15545069,416.91003,244.14044,115.49698,213.49367,386.26328,97.996689,0.5,1,630.40369,630.40369,10,3,0.020833334,0.84324002,133.44974,31.552702,163.08315,18.439579,15.192742,37.736813,158.78867,37.736813,171.8735,17.920401,143.17329,25.385227,116.88609,31.524422,0,234.26228,49.992279,166.63008,194.83,0.25768197,6.643856,3.8756859,10.94424,630.40369,756.45306,81.401527,423.64261,77.697189,129.0639,664.80402,8371,73,236,-7.62
110.67365,2,4,7,12,100,10,50,31,154.28177,1.5428177,37,50,6,7,1.6674221,-2.6861107,-0.53585601,0.57053804,2.7530768,-2.8492038,-0.52081102,0.52001458,2.7135241,-2.4330845,-0.39001438,0.70891851,3.0067141,69.648354,6,0.11320755,12,103,6,53,3,6,0.11320755,85,36.697578,29.795559,24.110001,25.973963,23.670519,17.178202,11.009379,13.114194,0.8048678,20,-0.84048456,-0.38185328,0.058869828,3.2210364,-1.1649427,-0.35583255,0.051517136,3.1548312,-0.5336175,-0.21605732,0.17097443,3.4590127,12.481122,25.490599,18.706831,4.3262939,4.3259649,-7.2786169,12.397861,19.181746,-0.002999959,14,1.0206326,0.001791158,42.737629,20.0704,11.75,32.33424,15.093097,8.7991819,9.7604771,13,2,2.165,-6.0866399,18.967388,34,3,17,3,3.5560873,-3.5560873,0.076643661,0.087654419,169.47636,31.616989,130.45641,53.79726,0,115.07654,13.566921,81.401527,0.75094926,0.32348415,0.13553376,0.24905074,0.67651582,0.11351697,513.99048,221.41014,92.766678,170.46387,463.04422,77.697189,0.5,1,684.45435,684.45435,10,4,0.039999999,1.32994,61.406727,44.049957,163.08315,36.879158,10.781946,136.42838,158.78867,56.605217,105.22147,18.64352,143.17329,37.882481,40.432297,31.524422,0,253.13069,68.431854,198.6696,159.67,0.25318992,6.7279205,3.8482141,11.063437,684.45435,795.71075,81.401527,500.42355,77.697189,106.3336,690.84198,8891,85,256,-6.46
110.67365,2,4,7,12,100,10,50,31,154.28177,1.5428177,37,50,6,7,1.6751992,-2.7034693,-0.53523934,0.57824659,2.7569773,-2.8469477,-0.51071674,0.52816862,2.7192698,-2.4478536,-0.38975132,0.71134168,3.0109313,69.648354,6,0.11320755,12,103,6,53,3,6,0.11320755,85,36.697578,29.795559,24.110001,25.973963,23.687357,17.185051,11.009379,13.114194,0.8048678,20,-0.84184098,-0.39000914,0.058726236,3.2416306,-1.163982,-0.34672654,0.049313229,3.1798375,-0.53370064,-0.21605732,0.16588113,3.4792159,12.480455,25.557938,18.721096,4.3082724,4.3079429,-7.2703829,12.397855,19.181746,-0.003000048,14,1.0206332,0.001791211,42.737629,20.0704,11.508981,32.33424,15.093097,8.6186905,9.7604771,13,2,2.165,-6.0866399,18.971075,34,3,17,3,3.5553546,-3.5553546,0.077148043,0.087688595,169.47636,31.616989,130.45641,33.497757,20.299505,115.07654,13.566921,81.401527,0.7212913,0.32348415,0.13553376,0.2787087,0.67651582,0.14317492,493.69098,221.41014,92.766678,190.76337,463.04422,97.996689,0.5,1,684.45435,684.45435,10,4,0.02,1.32994,61.406727,44.049957,163.08315,36.879158,10.781946,136.42838,158.78867,56.605217,105.22147,18.64352,143.17329,37.882481,40.432297,31.524422,0,253.13069,68.431854,198.6696,159.67,0.25318992,6.7279205,3.8515487,11.061907,684.45435,795.71075,81.401527,500.42355,77.697189,106.3336,690.84198,8860,86,256,-6.81
110.67365,2,4,7,12,100,10,50,31,154.28177,1.5428177,37,50,6,7,1.6674532,-2.6996627,-0.53386986,0.54989934,2.7529666,-2.8482184,-0.51304233,0.48559135,2.7177858,-2.4454134,-0.38755578,0.70298451,3.0065665,69.648354,6,0.11320755,12,103,6,53,3,6,0.11320755,85,36.697578,29.795559,24.110001,25.973963,23.670519,17.178202,11.009379,13.114194,0.8048678,20,-0.84133404,-0.38185328,0.058957618,3.2227094,-1.165127,-0.3616733,0.0405058,3.157141,-0.53360593,-0.21605732,0.16748607,3.4603581,12.480547,25.516056,18.678467,4.3196082,4.3192677,-7.27597,12.397855,19.181746,-0.003004768,14,1.0206611,0.001794034,42.737629,20.0704,11.75,32.33424,15.093097,8.7991819,9.7604771,13,2,2.165,-6.0866399,18.967388,34,3,17,3,3.5557616,-3.5557616,0.077244937,0.087665185,169.47636,31.616989,130.45641,53.79726,0,115.07654,13.566921,81.401527,0.75094926,0.32348415,0.13553376,0.24905074,0.67651582,0.11351697,513.99048,221.41014,92.766678,170.46387,463.04422,77.697189,0.5,1,684.45435,684.45435,10,4,0.039999999,1.32994,61.406727,44.049957,163.08315,36.879158,10.781946,136.42838,158.78867,56.605217,105.22147,18.64352,143.17329,37.882481,40.432297,31.524422,0,253.13069,68.431854,198.6696,159.67,0.25318992,6.7279205,3.8447411,11.064069,684.45435,795.71075,81.401527,500.42355,77.697189,106.3336,690.84198,8891,85,256,-7.15
118.1944,2,4,7,12,108,10,52,33,163.02403,1.5094818,39,56,6,7,2.0513721,-2.7231448,-0.52161741,0.52187091,2.7115452,-2.8615007,-0.46031672,0.47287655,2.711031,-2.4671347,-0.36385629,0.66006881,2.9643967,76.207588,8,0.14814815,12,110,6,54,3,8,0.14814815,92,38.860714,31.958696,26.273138,28.137098,24.402571,17.872135,11.572328,13.677142,0.79031342,20,-0.84025294,-0.3794587,0.057705436,3.2633328,-1.1651586,-0.34432951,0.039804414,3.205241,-0.53502017,-0.21416666,0.15986992,3.4990916,12.48506,25.754671,18.921255,5.8453546,5.8450146,-8.0926533,12.397886,20.260351,-0.003004556,14,1.0206599,0.001793907,46.382717,22.0741,13.863739,35.493301,16.797926,10.509558,11.465651,13,2,3.388,-7.0936799,20.065578,30,2,20,3,3.5537565,-3.5537565,0.077288523,0.087150626,214.6933,31.616989,144.05637,53.79726,0,115.07654,13.566921,81.401527,0.77065724,0.29788604,0.12480865,0.22934274,0.70211393,0.1045341,572.80737,221.41014,92.766678,170.46387,521.86108,77.697189,0.5,1,743.27124,743.27124,10,3,0.03846154,2.2120399,61.406727,44.049957,163.08315,18.439579,15.192742,169.32556,158.78867,37.736813,171.8735,19.77132,143.17329,37.882481,44.843094,31.524422,0,234.26228,49.992279,298.21881,159.67,0.24202083,6.7548876,3.8400223,11.186072,743.27124,840.76007,81.401527,559.24048,77.697189,106.3336,720.91199,9775,88,260,-6.03
107.58006,3,5,7,12,97,11,49,30,150.83479,1.5549978,36,48,6,7,1.6332526,-2.6817038,-0.54574722,0.56032103,2.7487385,-2.8553493,-0.53807992,0.51147407,2.711853,-2.430629,-0.38945487,0.70615369,3.0019407,66.141937,6,0.11538462,12,100,6,52,3,6,0.11538462,82,35.827335,28.848345,23.110001,24.973963,23.242998,16.787857,11.009379,13.114194,0.81126183,20,-0.84019268,-0.38185328,0.061957203,3.176626,-1.1662509,-0.36546952,0.050895862,3.1061006,-0.53352147,-0.21605732,0.17828852,3.4148536,12.457888,26.527813,17.186184,3.7784765,3.7781363,-6.8771453,12.397637,18.727329,-0.003004778,14,1.0206612,0.00179404,41.75148,19.897167,12,31.397438,14.868489,8.9271774,9.5271931,13,2,1.9680001,-6.1926298,18.510111,34,3,17,3,3.4726803,-3.4726803,0.079093173,0.089746021,169.47636,31.616989,96.556946,53.79726,0,115.07654,13.566921,81.401527,0.73158127,0.34605265,0.15002078,0.26841876,0.65394735,0.11839797,480.09103,227.09271,98.449257,176.14644,429.14474,77.697189,0.5,1,656.23749,656.23749,10,4,0.040816326,0.98773998,79.41748,40.925644,163.08315,36.879158,10.781946,103.53119,158.78867,56.605217,105.22147,18.18079,143.17329,34.758167,58.443047,31.524422,0,253.13069,68.431854,165.77242,168.46001,0.25729144,6.7004399,3.8506594,11.003574,656.23749,774.63397,81.401527,466.52411,77.697189,112.01617,676.815,8555,81,250,-7.47
116.86082,3,5,7,12,106,11,52,33,161.1037,1.5198462,39,54,6,7,1.6855333,-2.7016711,-0.5405674,0.55630398,2.7494881,-2.8587101,-0.51417506,0.51095474,2.7120428,-2.4469278,-0.38915694,0.7008304,3.0028267,72.70118,8,0.14545454,12,109,6,55,3,8,0.14545454,91,38.11179,31.132803,25.394459,27.258419,24.636847,18.181704,12.403226,14.50804,0.80035031,20,-0.83997089,-0.38185328,0.06051895,3.2470167,-1.1662526,-0.36143091,0.050895836,3.1851196,-0.5335291,-0.21605732,0.16949302,3.4834006,12.456367,26.595812,17.253929,5.091188,5.090848,-7.798697,12.397633,20.090487,-0.003004888,14,1.0206618,0.001794105,44.711407,21.504469,13.292101,34.214371,16.364449,10.076221,10.767294,13,2,3.382,-7.42484,19.89221,34,3,19,3,3.472681,-3.472681,0.079093158,0.089745998,216.90184,31.616989,96.556946,53.79726,0,115.07654,13.566921,81.401527,0.74967211,0.32272938,0.13990967,0.25032786,0.67727059,0.11041819,527.51648,227.09271,98.449257,176.14644,476.57022,77.697189,0.5,1,703.66296,703.66296,10,4,0.03846154,2.0139401,79.41748,40.925644,163.08315,36.879158,15.192742,103.53119,158.78867,75.473625,138.54749,19.558889,143.17329,34.758167,62.853844,31.524422,0,271.99908,68.431854,199.09843,168.46001,0.24540348,6.7813597,3.8586519,11.184048,703.66296,830.21643,81.401527,513.94958,77.697189,112.01617,718.896,9857,85,264,-7
129.23517,4,6,7,12,118,11,56,37,174.50107,1.4788226,43,62,6,7,1.7730147,-2.7234766,-0.52219504,0.55583495,2.750622,-2.8697319,-0.49114877,0.51089907,2.7133369,-2.4674942,-0.38902336,0.69823867,3.004209,81.446831,10,0.16949153,12,121,6,59,3,10,0.16949153,103,41.266491,34.287502,28.54916,30.41312,26.458214,20.029993,14.309545,16.404322,0.78788817,20,-0.83933777,-0.38185328,0.058827173,3.3529174,-1.1662787,-0.34231907,0.05088548,3.2999105,-0.53504461,-0.21605732,0.1604785,3.5869923,12.469925,26.822935,17.49169,6.630156,6.6298161,-8.9596786,12.397657,21.908031,-0.003004872,14,1.0206617,0.001794096,48.664177,23.280592,14.288832,37.997784,18.091703,11.067813,12.275797,13,2,5.2579999,-8.9842596,21.717131,34,3,21,3,3.4747162,-3.4747162,0.079016812,0.089693435,293.73578,31.616989,96.556946,40.197308,0,115.07654,13.566921,81.401527,0.77031279,0.29611894,0.12837352,0.22968724,0.70388103,0.10131373,590.75049,227.09271,98.449257,176.14644,539.8042,77.697189,0.44999999,0.81818181,766.89691,766.89691,11,4,0,3.4286399,79.41748,40.925644,167.06511,18.439579,19.603539,103.53119,158.78867,94.342026,205.19952,21.39649,143.17329,34.758167,67.264641,35.50639,0,290.86749,49.992279,265.75046,168.46001,0.23130681,6.8826432,3.8430953,11.409931,766.89691,904.32629,81.401527,577.18359,77.697189,112.01617,775.00397,11626,93,284,-6.39
128.38562,4,6,6,21,113,12,58,39,170.4108,1.5080601,45,55,7,6,1.3256936,-2.6923032,-0.5347532,0.58835423,2.7498386,-2.8847818,-0.51717448,0.67152441,2.7123687,-2.4404593,-0.39743021,0.72058225,3.0029812,71.814384,9,0.14285715,22,118,6,63,3,9,0.14285715,90,41.345997,33.625507,27.728804,30.526005,27.854284,20.327156,15.111003,18.416288,0.79356652,17,-0.86051446,-0.38207537,0.061183397,3.2653215,-1.1671613,-0.37560141,0.1383221,3.2030313,-0.53453904,-0.21605732,0.16880937,3.5079336,11.545495,29.949347,14.921803,5.7168927,5.7168927,-9.3017673,16.828035,22.544523,0,14,1,0,47.478458,23.082645,13.507714,34.900227,16.870022,9.8331203,10.151166,13,3,5.053,-9.4422903,22.386562,44,5,20,5,3.3727686,-3.3727686,0.081421822,0.092404567,250.72737,60.824585,20.299505,40.197308,0,162.50203,0,81.401527,0.73453039,0.3820006,0.15870529,0.26546961,0.61799943,0.10676431,534.55078,277.99899,115.49698,193.19417,449.74597,77.697189,0.41176471,0.69999999,727.745,727.745,10,6,0.13793103,3.3264101,90.053757,34.677017,183.85065,18.439579,17.94949,56.605217,269.36487,56.605217,133.30406,22.09762,143.17329,3.1243138,115.66087,33.019711,4.7171016,377.85818,49.992279,133.30406,181.60001,0.23050116,6.9772801,3.868335,11.513602,727.745,925.61615,81.401527,534.55078,77.697189,115.49698,789.97797,13011,94,302,-6.43
106.24648,3,5,7,12,95,12,49,30,148.77388,1.5660408,36,46,6,7,1.4342732,-2.6775165,-0.5791406,0.57928383,2.7507303,-2.8533218,-0.53807992,0.62258309,2.7117097,-2.4278061,-0.40546933,0.72267193,3.0046024,62.635521,6,0.11320755,12,99,6,53,3,6,0.11320755,81,35.078411,28.022453,22.231321,24.095284,23.494112,17.104275,11.840277,13.945091,0.82245642,18,-0.83913893,-0.41803882,0.072320372,3.1774304,-1.1669594,-0.39830515,0.10956182,3.1073134,-0.53343505,-0.22847043,0.18167551,3.4166691,12.428604,27.429697,15.533509,3.0080507,3.0077102,-6.5759444,12.39738,18.557465,-0.003005979,14,1.0206683,0.001794758,40.190815,19.363039,11.254072,30.223806,14.469353,8.3722582,8.9248762,13,2,1.962,-6.5237899,18.338238,38,4,16,3,3.3908887,-3.3908887,0.081611291,0.091910779,171.68491,31.616989,49.057533,33.497757,20.299505,115.07654,13.566921,81.401527,0.67220408,0.37749639,0.1688727,0.32779592,0.62250358,0.15892322,414.50064,232.7753,104.13183,202.12852,383.85388,97.996689,0.5,1,616.62915,616.62915,9,5,0.020408163,0.78964001,97.42823,37.801331,163.08315,55.318733,10.781946,37.736813,158.78867,94.342026,71.895454,17.968361,143.17329,31.633854,76.453796,31.524422,0,290.86749,86.871437,66.652031,177.25,0.26099879,6.7279205,3.7728734,11.01543,616.62915,764.09033,81.401527,421.23322,77.697189,117.69875,674.79901,8418,79,254,-7.89
103.63365,3,5,7,6,96,13,46,27,148.33733,1.5451804,33,50,6,7,1.9585382,-2.7038627,-0.51618874,0.46974793,2.7405477,-2.886791,-0.51053888,0.41548741,2.6942689,-2.4521418,-0.33835414,0.60635304,2.9938297,65.688347,7,0.14583333,6,98,6,48,3,7,0.14583333,86,34.128662,27.721869,21.877951,23.015779,21.708525,16.278255,11.273616,12.417923,0.82055563,18,-0.83884484,-0.39859664,0.069058873,3.1833451,-1.1669871,-0.37630194,0.028194824,3.112643,-0.53465813,-0.22376485,0.15590008,3.4156601,12.419037,27.682663,13.327376,2.6633782,2.6630378,-5.7078671,9.3322697,17.631907,-0.003005473,14,1.0206653,0.001794455,40.429688,19.40744,12.084192,31.541624,15.052668,9.3347521,10.321425,13,3,2.425,-6.22475,17.377476,28,2,18,4,3.2773983,-3.2773983,0.084437564,0.09509065,277.92728,15.808495,28.758026,33.497757,20.299505,33.825527,13.566921,81.401527,0.65999222,0.25721222,0.1796716,0.34000778,0.74278778,0.16033618,403.384,157.20685,109.81441,207.8111,453.98825,97.996689,0.5,1,611.19513,611.19513,9,3,0.021739131,0.74286997,115.43898,34.677017,163.08315,36.879158,16.417963,18.868406,70.572739,75.473625,205.19952,17.102631,143.17329,28.509541,103.28614,28.338846,0,164.91476,68.431854,199.95609,186.03999,0.26638746,6.5849624,3.7355042,10.829488,611.19513,721.94739,81.401527,410.11661,77.697189,123.38132,642.79797,7151,75,230,-8.52
106.62206,3,5,8,12,97,16,49,29,153.07866,1.5781306,35,48,6,8,1.955323,-2.6828885,-0.56543112,0.60029596,2.6823497,-2.8939016,-0.53807992,0.62281024,2.6911931,-2.431792,-0.40080184,0.71273488,2.9328907,62.181934,8,0.15686275,12,99,6,51,3,8,0.15686275,81,36.249985,28.487299,22.143381,24.007343,23.136847,16.425978,11.422498,13.527312,0.8282792,17,-0.81959885,-0.39000916,0.076145865,3.1220689,-1.1672801,-0.39996728,0.13795526,3.0400004,-0.53292602,-0.22469662,0.18679208,3.3591995,13.612382,31.561914,13.19766,2.5917335,2.5913873,-5.8993769,12.39691,18.622774,-0.003007656,14,1.0206783,0.001795761,43.404846,21.639183,14.743505,32.640781,16.17024,10.968156,10.771618,14,3,1.585,-6.4864302,18.381586,30,2,20,4,3.4383497,-3.4383497,0.080511905,0.078074716,198.88481,31.616989,8.458519,35.256725,26.999058,115.07654,13.566921,81.401527,0.63281095,0.40480521,0.20273283,0.36718908,0.59519476,0.16445625,402.8605,257.70737,129.0639,233.76015,378.9133,104.69624,0.47058824,0.8888889,636.62067,636.62067,9,3,0.10204082,-0.18595999,158.83496,31.552702,169.55179,18.439579,15.192742,37.736813,158.78867,18.868406,171.8735,18.05938,143.17329,50.770454,116.88609,37.993073,0,215.39388,49.992279,166.63008,215.06,0.25355992,6.6724253,3.8004601,11.016082,636.62067,763.53357,81.401527,416.29263,77.697189,142.63083,680.80298,8596,77,242,-7.43
99.632889,3,5,7,12,90,14,46,27,142.42552,1.5825058,33,44,6,7,1.8939289,-2.6836598,-0.56022507,0.58965826,2.6816609,-2.8812034,-0.53807992,0.63221025,2.6853828,-2.4348552,-0.40441683,0.71157181,2.9306624,57.809109,7,0.14583333,12,92,6,48,3,7,0.14583333,74,33.802391,26.592491,20.695787,22.55975,21.870319,15.441693,10.631534,12.746386,0.82346338,17,-0.8198384,-0.40608495,0.074774936,3.0541182,-1.1670846,-0.40583938,0.13581116,2.9762814,-0.531789,-0.2270685,0.18120155,3.2946153,12.378518,29.713451,12.742807,2.4019058,2.4015594,-5.7160411,12.39698,17.533915,-0.003008189,14,1.0206814,0.001796079,40.429688,20.620119,13.683104,29.805708,15.091839,9.9644194,9.778759,13,3,1.696,-6.0483098,17.340509,30,2,19,4,3.2179329,-3.2179329,0.086001031,0.083422288,169.47636,31.616989,8.458519,26.798204,40.59901,115.07654,13.566921,81.401527,0.60955518,0.40772521,0.19288501,0.39044484,0.59227479,0.19755982,364.99353,244.14044,115.49698,233.79318,354.64627,118.2962,0.47058824,0.8888889,598.78674,598.78674,9,3,0.043478262,0.06464,133.44974,31.552702,159.10117,36.879158,15.192742,37.736813,158.78867,18.868406,138.54749,16.999201,143.17329,25.385227,116.88609,27.542452,0,215.39388,68.431854,133.30406,194.83,0.26638746,6.5849624,3.7494555,10.832287,598.78674,719.39813,81.401527,392.02563,77.697189,129.0639,636.75,7379,72,226,-8.05
100.43489,3,5,8,12,91,16,47,27,146.01955,1.6046103,33,44,6,8,1.9082209,-2.6801164,-0.56578875,0.60328478,2.6764362,-2.8891053,-0.53807992,0.63603073,2.6911736,-2.4300008,-0.40189469,0.7127676,2.9264202,57.809109,7,0.14285715,12,93,6,49,3,7,0.14285715,75,34.672634,26.909948,20.566031,22.429993,22.226162,15.515294,10.511814,12.616629,0.83746028,17,-0.81983507,-0.39000916,0.076151974,3.0684197,-1.1672153,-0.40025687,0.13820785,2.9834065,-0.53292644,-0.22544535,0.18680871,3.3071845,13.613392,31.553617,13.194234,2.043817,2.0434704,-5.4078465,12.396913,17.714003,-0.003007599,14,1.0206779,0.001795726,41.421074,20.750725,14.269508,30.748606,15.297917,10.468316,10.00829,14,3,0.61299998,-6.08289,17.462702,30,2,19,4,3.4383476,-3.4383476,0.080511957,0.078074761,167.26782,31.616989,8.458519,35.256725,26.999058,115.07654,13.566921,81.401527,0.61362195,0.42596,0.21332747,0.38637808,0.57404,0.1730506,371.24353,257.70737,129.0639,233.76015,347.2963,104.69624,0.47058824,0.8888889,605.00366,605.00366,9,3,0.10638298,-0.82205999,158.83496,31.552702,169.55179,18.439579,10.781946,37.736813,158.78867,18.868406,138.54749,17.142981,143.17329,50.770454,112.4753,37.993073,0,215.39388,49.992279,133.30406,215.06,0.2619549,6.6147099,3.7929447,10.891458,605.00366,726.47864,81.401527,384.67566,77.697189,142.63083,652.74896,7794,73,232,-7.64
100.8681,3,5,8,12,91,16,48,26,148.76344,1.634763,33,43,7,8,1.9065448,-2.6754508,-0.57261419,0.58002335,2.6658676,-2.879143,-0.53807992,0.63730466,2.6908946,-2.4264972,-0.38988602,0.71176893,2.9161479,57.013901,8,0.16,12,93,7,50,3,8,0.16,74,35.379742,27.078091,20.195787,22.137098,22.709326,15.601012,10.362932,12.522442,0.84527618,17,-0.82433629,-0.39000916,0.077351317,3.0412157,-1.3705726,-0.40189835,0.13821095,2.9470453,-0.53286833,-0.22815943,0.18967351,3.2815614,14.311496,35.112667,13.368349,1.3300828,1.3297356,-5.2363515,13.41045,18.012192,-0.003009346,14,1.0206883,0.001796771,42.4128,21.507786,15.257171,30.664505,15.435455,10.893591,9.8608456,15,3,-0.296,-6.1187,17.698866,30,2,20,4,3.5957134,-3.5957134,0.076962627,0.074679933,137.85938,31.616989,24.267014,33.497757,20.299505,115.07654,13.566921,94.968445,0.60887295,0.44888061,0.21032608,0.39112708,0.55111939,0.180801,373.62708,275.44986,129.0639,240.01013,338.18735,110.94622,0.41176471,0.69999999,613.63721,613.63721,10,3,0.0625,-1.3274601,166.34692,36.811485,186.94536,18.439579,10.781946,37.736813,158.78867,37.736813,105.22147,17.356039,167.03551,25.385227,112.4753,31.524422,32.897186,234.26228,55.251064,99.978043,237.92,0.25768197,6.643856,3.8006821,10.954798,613.63721,736.33209,94.968445,362.61719,90.646713,160.37331,665.74799,8296,73,236,-8.17
104.33047,3,5,9,12,95,18,49,28,153.0396,1.6109431,34,46,6,9,1.955323,-2.6805763,-0.56230438,0.60814142,2.6797256,-2.8976953,-0.53807992,0.58592379,2.6911733,-2.430424,-0.40567726,0.70684385,2.9287632,59.995522,8,0.15686275,12,97,6,51,3,8,0.15686275,79,36.249985,27.934513,21.143381,23.007343,23.136847,16.106827,10.845147,12.949963,0.84618843,17,-0.81905723,-0.41803211,0.07823658,3.1017046,-1.167376,-0.40961081,0.09781716,3.0092876,-0.53292596,-0.23155928,0.18684888,3.3383811,14.831452,33.303097,13.475921,1.7383902,1.7380432,-5.2491837,12.396808,18.348471,-0.003009554,14,1.0206895,0.001796895,43.404846,21.639183,14.743505,32.640781,16.17024,10.968156,10.771618,15,3,0.039999999,-5.8803501,18.066841,30,2,20,4,3.656014,-3.656014,0.075735658,0.073426463,167.26782,31.616989,8.458519,37.015694,33.698608,115.07654,13.566921,81.401527,0.59487271,0.43263429,0.22747082,0.40512732,0.56736571,0.1776565,373.00247,271.27429,142.63083,254.02661,355.75482,111.3958,0.47058824,0.8888889,627.02911,627.02911,9,3,0.18367347,-1.4611599,184.22018,31.552702,176.02045,18.439579,10.781946,37.736813,158.78867,18.868406,138.54749,17.74366,143.17329,76.155678,112.4753,44.46172,0,215.39388,49.992279,133.30406,235.28999,0.25355992,6.6724253,3.8004601,11.016082,627.02911,752.08661,81.401527,393.13419,77.697189,156.19774,682.77496,8596,77,242,-7.8
107.42406,3,5,9,12,98,17,50,29,156.59937,1.5979526,35,48,6,9,1.9885991,-2.6810772,-0.55363441,0.59788126,2.6815395,-2.8941467,-0.53807992,0.54057634,2.691174,-2.43067,-0.39982051,0.70392781,2.9305789,63.501938,8,0.15384616,12,100,6,52,3,8,0.15384616,82,37.120228,28.881725,22.143381,24.007343,23.547529,16.49032,10.845147,12.949963,0.83865583,17,-0.83745319,-0.38729054,0.076782413,3.1325598,-1.167367,-0.394678,0.041607603,3.0399439,-0.5329268,-0.22169784,0.18463781,3.3686574,14.855969,32.201374,14.976532,2.303247,2.3029001,-5.658638,12.397036,18.802887,-0.003009456,14,1.0206889,0.001796836,44.39719,21.777779,14.641428,33.589825,16.377058,10.964476,11.00205,15,3,0.237,-5.7743602,18.522192,30,2,20,4,3.7398314,-3.7398314,0.074021541,0.082276978,167.26782,31.616989,42.357979,57.315197,13.399102,115.07654,13.566921,81.401527,0.6519711,0.40533131,0.20900281,0.3480289,0.59466869,0.13902609,427.20145,265.59171,136.94824,228.04454,389.65427,91.096291,0.47058824,0.8888889,655.24597,655.24597,9,3,0.2,-1.11896,166.20943,34.677017,176.02045,18.439579,10.781946,70.633995,158.78867,18.868406,138.54749,18.20639,143.17329,79.279991,94.464546,44.46172,0,215.39388,49.992279,166.20125,226.5,0.24958064,6.7004399,3.7966616,11.076845,655.24597,773.16339,81.401527,427.03363,77.697189,150.51517,696.802,8967,80,248,-7.68
110.51765,3,5,9,12,101,16,51,30,160.13016,1.5854471,36,50,6,9,2.0230119,-2.6825063,-0.54644907,0.59788096,2.6855333,-2.8897073,-0.52423638,0.53185147,2.6911774,-2.4314222,-0.3997196,0.70341367,2.9343066,67.008347,8,0.1509434,12,103,6,53,3,8,0.1509434,85,37.990471,29.828939,23.143381,25.007343,23.97505,16.880665,10.845147,12.949963,0.83152306,17,-0.83864945,-0.38729054,0.070391715,3.1681774,-1.1667778,-0.39365864,0.037871473,3.0763896,-0.53292698,-0.2189756,0.17716606,3.4036314,14.882016,31.126049,16.517414,2.8603888,2.8600421,-6.0646181,12.397267,19.257305,-0.003009454,14,1.0206889,0.001796835,45.38982,21.922937,14.222222,34.540695,16.586355,10.716219,11.233418,15,3,0.43399999,-5.6683698,18.980776,30,2,20,4,3.8236713,-3.8236713,0.071873926,0.080485657,167.26782,31.616989,76.257439,64.014748,6.6995511,115.07654,13.566921,81.401527,0.68445629,0.38028273,0.1920597,0.31554371,0.61971724,0.12348401,467.80048,259.90912,131.26567,215.66241,423.55374,84.396736,0.47058824,0.8888889,683.46289,683.46289,9,3,0.21568628,-0.77675998,148.19868,37.801331,176.02045,18.439579,10.781946,103.53119,158.78867,18.868406,138.54749,18.669121,143.17329,82.404305,76.453796,44.46172,0,215.39388,49.992279,199.09843,217.71001,0.24573661,6.7279205,3.7947075,11.135668,683.46289,794.24017,81.401527,460.93311,77.697189,144.8326,710.82898,9342,84,254,-8.15
