logP(o/w),logS,SlogP,GCUT_PEOE_1,PEOE_VSA+1,GCUT_PEOE_0,h_logD,h_logP,GCUT_SMR_1,PEOE_RPC-,PEOE_VSA+0,density,GCUT_SLOGP_1,BCUT_PEOE_2,BCUT_SLOGP_1,BCUT_SMR_2,a_ICM,h_log_pbo,GCUT_SMR_2,h_logS,PEOE_VSA_FPNEG,h_ema,rsynth,BCUT_SMR_3,balabanJ,BCUT_SLOGP_0,BCUT_PEOE_1,SMR_VSA3,BCUT_SLOGP_3,PEOE_VSA_POS,BCUT_SMR_1,chi1v_C,chi1_C,GCUT_PEOE_2,GCUT_SMR_3,KierFlex,PEOE_VSA+2,a_IC,chi1v,h_emd_C,BCUT_PEOE_3,GCUT_SLOGP_2,h_emd,PEOE_RPC+,KierA2,PEOE_VSA_NEG,SMR_VSA5,BCUT_SMR_0,BCUT_SLOGP_2,PEOE_VSA+3,KierA3,KierA1,BCUT_PEOE_0,SMR_VSA1,PEOE_VSA_FPOS,GCUT_SLOGP_3,PEOE_VSA_FPPOS,SlogP_VSA9,VDistEq,vsa_pol,SlogP_VSA5,chi0v,SlogP_VSA4,PEOE_VSA_FNEG,PEOE_VSA_FHYD,SlogP_VSA8,bpol,b_rotR,weinerPath,opr_nrot,SMR,PEOE_VSA-0,Kier3,petitjean,PEOE_PC-,petitjeanSC,SMR_VSA7,GCUT_PEOE_3,lip_violation,b_1rotR,Kier2,vsa_acc,Weight,PEOE_PC+,chi1,b_single,weinerPol,PEOE_VSA_FPOL,SMR_VSA0,apol,chi0_C,h_mr,VDistMa,PEOE_VSA_PNEG,vsa_hyd,PEOE_VSA_HYD,zagreb,chi0,opr_violation,SlogP_VSA2,a_nH,TPSA,chi0v_C,mr,VAdjEq,b_count,SMR_VSA6,SlogP_VSA0,vdw_vol,diameter,h_pKb,a_count,PEOE_VSA_POL,PEOE_VSA+4,vsa_other,Q_VSA_HYD,SlogP_VSA3,b_1rotN,vdw_area,Q_VSA_POS,b_rotN,PEOE_VSA-5,Kier1,SlogP_VSA7,b_max1len,b_ar,a_aro,b_double,a_hyd,a_nO,h_pavgQ,VAdjMa,opr_brigid,h_pstates,b_heavy,PEOE_VSA_PPOS,rings,a_nN,a_heavy,SMR_VSA2,h_pstrain,lip_acc,a_donacc,a_nC,a_acc,SMR_VSA4,opr_nring,ast_violation_ext,PEOE_VSA-3,radius,ast_violation,logPapp
4.743,-8.9262896,2.5476699,-0.36753029,15.808495,-0.83912516,5.2350574,5.2347112,-0.21893343,0.095013782,370.5697,0.80096388,-0.31897238,0.45341608,-0.48684505,0.59597051,1.4881462,9.3322973,0.15122849,-7.401619,0.15909654,12.432638,0.0,3.0038259,2.0422966,-2.882278,-0.49977624,32.320816,2.7145169,533.0307,-0.33116147,13.608256,14.742526,0.046404615,3.5115564,12.441095,28.758026,165.18422,18.548018,13.612513,2.7505443,0.024780791,27.913586,0.083704077,17.464907,157.20685,202.65158,-2.4586413,0.40234792,40.197308,11.811868,36.329762,-2.7115493,28.509541,0.77224243,3.2236996,0.11256586,271.85153,3.7826133,123.38132,18.868406,31.583675,20.82876,0.2277576,0.72833759,113.21043,76.620422,0.18867925,9286.0,21.0,19.40193,33.825527,14.876033,0.3888889,-3.2801476,0.63636363,266.60812,3.2817996,3.0,0.18867925,21.922937,81.401527,712.93298,3.2801476,23.941376,101.0,80.0,0.27166238,143.17329,119.10158,26.877586,19.903839,11.138001,109.81441,489.15906,502.72598,254.0,37.990471,4.0,167.06511,60.0,186.03999,25.739758,19.655594,0.24573661,113.0,49.992279,115.43898,814.58478,18.0,14.0,111.0,187.5116,0.0,77.697189,690.23761,18.439579,10.0,690.23761,690.23761,10.0,81.401527,45.38982,70.572739,3.0,6.0,6.0,6.0,32.0,7.0,-0.003007597,6.7279205,28.0,1.0206779,53.0,77.697189,3.0,6.0,51.0,107.69694,0.001795725,13.0,13.0,38.0,7.0,0.0,2.0,5.0,13.566921,11.0,3.0,-5.79
3.717,-7.8132601,2.0077701,-0.38185328,15.808495,-0.84201682,4.2498112,4.249465,-0.22227845,0.092628509,325.35275,0.8100583,-0.36387005,0.50613815,-0.51666963,0.62425941,1.5097798,9.3324823,0.16490763,-6.9835553,0.15786219,12.450751,0.0,3.0334816,1.6994125,-2.8738637,-0.52512324,32.320816,2.7272413,508.11328,-0.34645662,13.045307,14.179578,0.052761275,3.5176997,10.834458,49.057533,160.03665,18.244427,14.857837,2.7789619,0.038227946,26.665581,0.081587732,15.911066,151.52428,221.51997,-2.4543409,0.46759626,40.197308,9.6827774,34.046928,-2.7067482,31.633854,0.77029163,3.2264254,0.11778769,205.19952,3.7580242,117.69875,18.868406,30.367752,16.417963,0.22970839,0.72435009,132.07884,73.567589,0.1509434,8721.0,18.0,18.73686,33.825527,12.25532,0.44444445,-3.3652329,0.80000001,199.95609,3.2868505,2.0,0.1509434,20.0704,81.401527,696.89001,3.3652329,23.636847,97.0,81.0,0.27564988,143.17329,114.67441,25.714449,19.279648,11.078074,104.13183,464.24164,477.80856,256.0,36.697578,3.0,167.06511,56.0,177.25,24.576622,19.016987,0.25318992,109.0,68.431854,97.42823,790.61218,18.0,14.0,106.0,181.82901,0.0,77.697189,659.63757,36.879158,8.0,659.63757,659.63757,8.0,81.401527,42.737629,70.572739,3.0,6.0,6.0,6.0,31.0,7.0,-0.003007597,6.7279205,32.0,1.0206779,53.0,77.697189,4.0,6.0,50.0,85.275391,0.001795725,13.0,12.0,37.0,7.0,0.0,3.0,5.0,13.566921,10.0,3.0,-7.05
4.743,-8.9262896,2.5476699,-0.36753029,15.808495,-0.83912516,5.2350574,5.2347112,-0.21893343,0.095013782,370.5697,0.80096388,-0.31897238,0.45341608,-0.48684505,0.59597051,1.4881462,9.3322973,0.15122849,-7.401619,0.15909654,12.432638,0.0,3.0038259,2.0422966,-2.882278,-0.49977624,32.320816,2.7145169,533.0307,-0.33116147,13.608256,14.742526,0.046404615,3.5115564,12.441095,28.758026,165.18422,18.548018,13.612513,2.7505443,0.024780791,27.913586,0.083704077,17.464907,157.20685,202.65158,-2.4586413,0.40234792,40.197308,11.811868,36.329762,-2.7115493,28.509541,0.77224243,3.2236996,0.11256586,271.85153,3.7826133,123.38132,18.868406,31.583675,20.82876,0.2277576,0.72833759,113.21043,76.620422,0.18867925,9286.0,21.0,19.40193,33.825527,14.876033,0.3888889,-3.2801476,0.63636363,266.60812,3.2817996,3.0,0.18867925,21.922937,81.401527,712.93298,3.2801476,23.941376,101.0,80.0,0.27166238,143.17329,119.10158,26.877586,19.903839,11.138001,109.81441,489.15906,502.72598,254.0,37.990471,4.0,167.06511,60.0,186.03999,25.739758,19.655594,0.24573661,113.0,49.992279,115.43898,814.58478,18.0,14.0,111.0,187.5116,0.0,77.697189,690.23761,18.439579,10.0,690.23761,690.23761,10.0,81.401527,45.38982,70.572739,3.0,6.0,6.0,6.0,32.0,7.0,-0.003007597,6.7279205,28.0,1.0206779,53.0,77.697189,3.0,6.0,51.0,107.69694,0.001795725,13.0,13.0,38.0,7.0,0.0,2.0,5.0,13.566921,11.0,3.0,-6.96
4.743,-8.9262896,2.5476699,-0.36753029,15.808495,-0.83912516,5.2350574,5.2347112,-0.21893343,0.095013782,370.5697,0.80096388,-0.31897238,0.45341608,-0.48684505,0.59597051,1.4881462,9.3322973,0.15122849,-7.401619,0.15909654,12.432638,0.0,3.0038259,2.0422966,-2.882278,-0.49977624,32.320816,2.7145169,533.0307,-0.33116147,13.608256,14.742526,0.046404615,3.5115564,12.441095,28.758026,165.18422,18.548018,13.612513,2.7505443,0.024780791,27.913586,0.083704077,17.464907,157.20685,202.65158,-2.4586413,0.40234792,40.197308,11.811868,36.329762,-2.7115493,28.509541,0.77224243,3.2236996,0.11256586,271.85153,3.7826133,123.38132,18.868406,31.583675,20.82876,0.2277576,0.72833759,113.21043,76.620422,0.18867925,9286.0,21.0,19.40193,33.825527,14.876033,0.3888889,-3.2801476,0.63636363,266.60812,3.2817996,3.0,0.18867925,21.922937,81.401527,712.93298,3.2801476,23.941376,101.0,80.0,0.27166238,143.17329,119.10158,26.877586,19.903839,11.138001,109.81441,489.15906,502.72598,254.0,37.990471,4.0,167.06511,60.0,186.03999,25.739758,19.655594,0.24573661,113.0,49.992279,115.43898,814.58478,18.0,14.0,111.0,187.5116,0.0,77.697189,690.23761,18.439579,10.0,690.23761,690.23761,10.0,81.401527,45.38982,70.572739,3.0,6.0,6.0,6.0,32.0,7.0,-0.003007597,6.7279205,28.0,1.0206779,53.0,77.697189,3.0,6.0,51.0,107.69694,0.001795725,13.0,13.0,38.0,7.0,0.0,2.0,5.0,13.566921,11.0,3.0,-5.46
4.743,-8.9262896,2.5476699,-0.36753029,15.808495,-0.83912516,5.2350574,5.2347112,-0.21893343,0.095013782,370.5697,0.80096388,-0.31897238,0.45341608,-0.48684505,0.59597051,1.4881462,9.3322973,0.15122849,-7.401619,0.15909654,12.432638,0.0,3.0038259,2.0422966,-2.882278,-0.49977624,32.320816,2.7145169,533.0307,-0.33116147,13.608256,14.742526,0.046404615,3.5115564,12.441095,28.758026,165.18422,18.548018,13.612513,2.7505443,0.024780791,27.913586,0.083704077,17.464907,157.20685,202.65158,-2.4586413,0.40234792,40.197308,11.811868,36.329762,-2.7115493,28.509541,0.77224243,3.2236996,0.11256586,271.85153,3.7826133,123.38132,18.868406,31.583675,20.82876,0.2277576,0.72833759,113.21043,76.620422,0.18867925,9286.0,21.0,19.40193,33.825527,14.876033,0.3888889,-3.2801476,0.63636363,266.60812,3.2817996,3.0,0.18867925,21.922937,81.401527,712.93298,3.2801476,23.941376,101.0,80.0,0.27166238,143.17329,119.10158,26.877586,19.903839,11.138001,109.81441,489.15906,502.72598,254.0,37.990471,4.0,167.06511,60.0,186.03999,25.739758,19.655594,0.24573661,113.0,49.992279,115.43898,814.58478,18.0,14.0,111.0,187.5116,0.0,77.697189,690.23761,18.439579,10.0,690.23761,690.23761,10.0,81.401527,45.38982,70.572739,3.0,6.0,6.0,6.0,32.0,7.0,-0.003007597,6.7279205,28.0,1.0206779,53.0,77.697189,3.0,6.0,51.0,107.69694,0.001795725,13.0,13.0,38.0,7.0,0.0,2.0,5.0,13.566921,11.0,3.0,-5.91
4.9400001,-8.8203001,2.8898699,-0.36745596,15.808495,-0.83912611,5.7766399,5.7762947,-0.21689926,0.092666239,370.5697,0.79513532,-0.31245816,0.44340777,-0.4728893,0.57713556,1.4780469,9.3325148,0.14170554,-7.8007283,0.14493866,12.455304,0.0,3.0044885,2.0831182,-2.8756375,-0.48520017,32.320816,2.7154424,566.93018,-0.32023764,13.608256,14.742526,0.045584165,3.5512736,12.670632,62.657486,168.49734,18.938362,15.103414,2.751081,0.023516564,26.900154,0.081635751,17.66799,151.52428,202.65158,-2.4673555,0.39866349,40.197308,11.548249,37.291901,-2.7220182,31.633854,0.78909689,3.2668803,0.1081449,271.85153,3.7748463,117.69875,51.765594,32.530888,20.82876,0.21090311,0.74691641,113.21043,80.126831,0.18518518,9640.0,21.0,19.86466,33.825527,14.473063,0.3888889,-3.3632445,0.63636363,299.50531,3.3217402,2.0,0.18518518,22.0741,81.401527,726.95996,3.3632445,24.368896,104.0,84.0,0.25308356,143.17329,122.19517,27.877586,20.358253,11.196231,104.13183,523.05853,536.62543,260.0,38.860714,3.0,167.06511,62.0,177.25,26.739758,20.110783,0.24202083,116.0,49.992279,97.42823,835.6615,18.0,14.0,114.0,181.82901,0.0,77.697189,718.45447,18.439579,10.0,718.45447,718.45447,10.0,81.401527,46.382717,70.572739,3.0,6.0,6.0,6.0,33.0,7.0,-0.003007504,6.7548876,28.0,1.0206773,54.0,77.697189,3.0,6.0,52.0,89.686188,0.001795669,13.0,12.0,39.0,7.0,0.0,2.0,5.0,13.566921,11.0,3.0,-6.11
4.9400001,-8.8203001,2.8898699,-0.36752352,15.808495,-0.83918202,5.7765503,5.7762046,-0.21767119,0.092666239,370.5697,0.79513532,-0.31240979,0.44356149,-0.4734318,0.57927448,1.4780469,9.3325148,0.14410675,-7.8006902,0.14493866,12.455299,0.0,3.0051882,2.080765,-2.8762834,-0.48761404,32.320816,2.716934,566.93018,-0.32084051,13.608256,14.742526,0.045803845,3.5522981,12.670632,62.657486,168.49734,18.938362,15.103083,2.7517164,0.023665244,26.90049,0.081635967,17.66799,151.52428,202.65158,-2.4682086,0.39744279,40.197308,11.548249,37.291901,-2.7229836,31.633854,0.78909689,3.2682331,0.1081449,271.85153,3.7802708,117.69875,51.765594,32.530888,20.82876,0.21090311,0.74691641,113.21043,80.126831,0.18518518,9650.0,21.0,19.86466,33.825527,14.473063,0.3888889,-3.3632445,0.63636363,299.50531,3.3229065,2.0,0.18518518,22.0741,81.401527,726.95996,3.3632445,24.368896,104.0,84.0,0.25308356,143.17329,122.19517,27.877586,20.358253,11.195508,104.13183,523.05853,536.62543,260.0,38.860714,3.0,167.06511,62.0,177.25,26.739758,20.110783,0.24202083,116.0,49.992279,97.42823,835.6615,18.0,14.0,114.0,181.82901,0.0,77.697189,718.45447,18.439579,10.0,718.45447,718.45447,10.0,81.401527,46.382717,70.572739,3.0,6.0,6.0,6.0,33.0,7.0,-0.003007597,6.7548876,28.0,1.0206779,54.0,77.697189,3.0,6.0,52.0,89.686188,0.001795725,13.0,12.0,39.0,7.0,0.0,2.0,5.0,13.566921,11.0,3.0,-6.12
4.9400001,-8.8203001,2.8898699,-0.35880631,15.808495,-0.84039122,5.7787905,5.7784615,-0.21784224,0.092676349,370.5697,0.79513532,-0.30390847,0.4415786,-0.47530657,0.58285028,1.4780469,9.3325148,0.14680316,-7.8014498,0.14493866,12.455561,0.0,3.0085404,2.0867555,-2.8792241,-0.49007797,32.320816,2.7158818,566.93018,-0.32114303,13.608256,14.742526,0.043855675,3.5506239,12.670632,62.657486,168.49734,18.938362,15.116567,2.7548184,0.02023541,26.891817,0.081529588,17.66799,151.52428,202.65158,-2.4592972,0.38937762,40.197308,11.548249,37.291901,-2.7127059,31.633854,0.78909689,3.2650619,0.1081449,271.85153,3.7744868,117.69875,51.765594,32.530888,20.82876,0.21090311,0.74691641,113.21043,80.126831,0.18518518,9630.0,21.0,19.86466,33.825527,14.473063,0.3888889,-3.3633904,0.63636363,299.50531,3.3205192,2.0,0.18518518,22.0741,81.401527,726.95996,3.3633904,24.368896,104.0,84.0,0.25308356,143.17329,122.19517,27.877586,20.358253,11.196175,104.13183,523.05853,536.62543,260.0,38.860714,3.0,167.06511,62.0,177.25,26.739758,20.110783,0.24202083,116.0,49.992279,97.42823,835.6615,18.0,14.0,114.0,181.82901,0.0,77.697189,718.45447,18.439579,10.0,718.45447,718.45447,10.0,81.401527,46.382717,70.572739,3.0,6.0,6.0,6.0,33.0,7.0,-0.003000145,6.7548876,28.0,1.0206338,54.0,77.697189,3.0,6.0,52.0,89.686188,0.001791269,13.0,12.0,39.0,7.0,0.0,2.0,5.0,13.566921,11.0,3.0,-5.89
5.1370001,-8.7143097,3.23207,-0.36744049,15.808495,-0.83930945,6.3165488,6.3162036,-0.21689363,0.090432346,370.5697,0.78959352,-0.31043905,0.43189821,-0.46108758,0.56275046,1.4683273,9.3327312,0.13765125,-8.1990976,0.13185085,12.477889,0.0,3.0061214,2.1221468,-2.8699033,-0.47653648,32.320816,2.7189193,600.82965,-0.30990374,13.608256,14.742526,0.042893041,3.592653,12.901175,96.556946,171.7943,19.328705,16.589384,2.7524817,0.019455239,25.893,0.079667769,17.873632,145.84171,202.65158,-2.4758353,0.38675478,40.197308,11.306778,38.25536,-2.7320607,34.758167,0.80467749,3.3121774,0.10405808,271.85153,3.7726858,112.01617,84.662781,33.478104,20.82876,0.19532248,0.76409107,113.21043,83.633247,0.18181819,10009.0,21.0,20.327391,33.825527,14.105903,0.3888889,-3.4463248,0.63636363,332.4025,3.3634553,2.0,0.18181819,22.23077,81.401527,740.987,3.4463248,24.796417,107.0,88.0,0.23590893,143.17329,125.28875,28.877586,20.812668,11.252588,98.449257,556.95801,570.5249,266.0,39.730957,3.0,167.06511,64.0,168.46001,27.739758,20.56572,0.23842676,119.0,49.992279,79.41748,856.73828,18.0,14.0,117.0,176.14644,0.0,77.697189,746.67133,18.439579,10.0,746.67133,746.67133,10.0,81.401527,47.375866,70.572739,3.0,6.0,6.0,6.0,34.0,7.0,-0.0030075,6.7813597,28.0,1.0206773,55.0,77.697189,3.0,6.0,53.0,71.675438,0.001795667,13.0,11.0,40.0,7.0,0.0,2.0,6.0,13.566921,11.0,4.0,-6.02
5.1370001,-8.7143097,3.23207,-0.35864949,15.808495,-0.84039426,6.3203149,6.3199859,-0.21551289,0.09044186,370.5697,0.78959352,-0.30360502,0.43199068,-0.45969206,0.56303149,1.4683273,9.3327322,0.1377418,-8.2005329,0.13185085,12.478225,0.0,3.0091615,2.1270418,-2.8723178,-0.47545156,32.320816,2.7166679,600.82965,-0.30974722,13.608256,14.742526,0.042950295,3.5887268,12.901175,96.556946,171.7943,19.328705,16.607298,2.755326,0.019105632,25.878603,0.07956364,17.873632,145.84171,202.65158,-2.4679489,0.38641202,40.197308,11.306778,38.25536,-2.7229962,34.758167,0.80467749,3.3064103,0.10405808,271.85153,3.7666883,112.01617,84.662781,33.478104,20.82876,0.19532248,0.76409107,113.21043,83.633247,0.18181819,9992.0,21.0,20.327391,33.825527,14.105903,0.3888889,-3.4464877,0.63636363,332.4025,3.3588836,2.0,0.18181819,22.23077,81.401527,740.987,3.4464877,24.796417,107.0,88.0,0.23590893,143.17329,125.28875,28.877586,20.812668,11.253344,98.449257,556.95801,570.5249,266.0,39.730957,3.0,167.06511,64.0,168.46001,27.739758,20.56572,0.23842676,119.0,49.992279,79.41748,856.73828,18.0,14.0,117.0,176.14644,0.0,77.697189,746.67133,18.439579,10.0,746.67133,746.67133,10.0,81.401527,47.375866,70.572739,3.0,6.0,6.0,6.0,34.0,7.0,-0.003000042,6.7813597,28.0,1.0206331,55.0,77.697189,3.0,6.0,53.0,71.675438,0.001791207,13.0,11.0,40.0,7.0,0.0,2.0,6.0,13.566921,11.0,4.0,-5.82
5.1370001,-8.7143097,3.23207,-0.35862377,15.808495,-0.84041947,6.3202791,6.3199501,-0.21588673,0.09044186,370.5697,0.78959352,-0.30353358,0.43242347,-0.46152717,0.56364185,1.4683273,9.3327322,0.13838093,-8.2005186,0.13185085,12.478223,0.0,3.0096843,2.1239085,-2.8725975,-0.47597057,32.320816,2.717972,600.82965,-0.31010997,13.608256,14.742526,0.043488272,3.58883,12.901175,96.556946,171.7943,19.328705,16.607124,2.7558115,0.019108133,25.878738,0.07956364,17.873632,145.84171,202.65158,-2.4686189,0.38646603,40.197308,11.306778,38.25536,-2.7236719,34.758167,0.80467749,3.3066728,0.10405808,271.85153,3.772558,112.01617,84.662781,33.478104,20.82876,0.19532248,0.76409107,113.21043,83.633247,0.18181819,10005.0,21.0,20.327391,33.825527,14.105903,0.3888889,-3.4464877,0.63636363,332.4025,3.3591197,2.0,0.18181819,22.23077,81.401527,740.987,3.4464877,24.796417,107.0,88.0,0.23590893,143.17329,125.28875,28.877586,20.812668,11.252579,98.449257,556.95801,570.5249,266.0,39.730957,3.0,167.06511,64.0,168.46001,27.739758,20.56572,0.23842676,119.0,49.992279,79.41748,856.73828,18.0,14.0,117.0,176.14644,0.0,77.697189,746.67133,18.439579,10.0,746.67133,746.67133,10.0,81.401527,47.375866,70.572739,3.0,6.0,6.0,6.0,34.0,7.0,-0.003000146,6.7813597,28.0,1.0206338,55.0,77.697189,3.0,6.0,53.0,71.675438,0.00179127,13.0,11.0,40.0,7.0,0.0,2.0,6.0,13.566921,11.0,4.0,-5.88
5.3340001,-8.6083202,3.57427,-0.3578617,15.808495,-0.84046239,6.8602195,6.8598905,-0.20838208,0.088313013,370.5697,0.78431785,-0.30237678,0.41852248,-0.43912184,0.54008973,1.4589664,9.3329477,0.1279964,-8.5989008,0.1197162,12.500811,0.0,3.0105252,2.1647811,-2.8658757,-0.45936254,32.320816,2.7197008,634.72913,-0.29497853,13.608256,14.742526,0.041448314,3.627713,13.132648,130.45641,175.07597,19.719049,18.093258,2.7565064,0.018272303,24.871464,0.077219523,18.081635,140.15913,202.65158,-2.4762423,0.38036171,40.197308,11.103734,39.22007,-2.7327073,37.882481,0.81912345,3.3489587,0.10026889,271.85153,3.7649143,106.3336,117.55997,34.425316,20.82876,0.18087657,0.78001493,113.21043,87.139664,0.17857143,10372.0,21.0,20.790119,33.825527,13.7904,0.3888889,-3.5295677,0.63636363,365.29968,3.3982344,2.0,0.17857143,22.3925,81.401527,755.01398,3.5295677,25.223938,110.0,92.0,0.2199851,143.17329,128.38234,29.877586,21.267082,11.308639,92.766678,590.85742,604.42438,272.0,40.6012,3.0,167.06511,66.0,159.67,28.739758,21.020418,0.23494832,122.0,49.992279,61.406727,877.815,18.0,14.0,120.0,170.46387,0.0,77.697189,774.88824,18.439579,10.0,774.88824,774.88824,10.0,81.401527,48.369259,70.572739,3.0,6.0,6.0,6.0,35.0,7.0,-0.003000036,6.8073549,28.0,1.0206331,56.0,77.697189,3.0,6.0,54.0,53.664684,0.001791204,13.0,10.0,41.0,7.0,0.0,2.0,5.0,13.566921,11.0,3.0,-6.24
5.1370001,-8.7143097,3.23207,-0.36713699,15.808495,-0.83934492,6.3176355,6.3172956,-0.2155181,0.090432316,370.5697,0.78959352,-0.31146187,0.43304425,-0.46030846,0.56363153,1.4683273,9.3327312,0.13711824,-8.1995106,0.13185085,12.477974,0.0,3.0057549,2.1273618,-2.8708169,-0.47525889,32.320816,2.7165568,600.82965,-0.31028131,13.608256,14.742526,0.043242972,3.591105,12.901175,96.556946,171.7943,19.328705,16.595089,2.7521181,0.019467426,25.888859,0.079567373,17.873632,145.84171,202.65158,-2.4724531,0.38707954,40.197308,11.306778,38.25536,-2.7284334,34.758167,0.80467749,3.3097324,0.10405808,271.85153,3.7667177,112.01617,84.662781,33.478104,20.82876,0.19532248,0.76409107,113.21043,83.633247,0.18181819,9990.0,21.0,20.327391,33.825527,14.105903,0.3888889,-3.446326,0.63636363,332.4025,3.3614657,2.0,0.18181819,22.23077,81.401527,740.987,3.446326,24.796417,107.0,88.0,0.23590893,143.17329,125.28875,28.877586,20.812668,11.253336,98.449257,556.95801,570.5249,266.0,39.730957,3.0,167.06511,64.0,168.46001,27.739758,20.56572,0.23842676,119.0,49.992279,79.41748,856.73828,18.0,14.0,117.0,176.14644,0.0,77.697189,746.67133,18.439579,10.0,746.67133,746.67133,10.0,81.401527,47.375866,70.572739,3.0,6.0,6.0,6.0,34.0,7.0,-0.003004852,6.7813597,28.0,1.0206616,55.0,77.697189,3.0,6.0,53.0,71.675438,0.001794083,13.0,11.0,40.0,7.0,0.0,2.0,6.0,13.566921,11.0,4.0,-5.42
4.1110001,-7.6012802,2.6921699,-0.38185328,15.808495,-0.84206313,5.3323307,5.3319907,-0.21605732,0.088269666,325.35275,0.79790026,-0.34232894,0.49301279,-0.48645151,0.61580157,1.4885569,9.3329163,0.15851116,-7.7814198,0.12954949,12.496084,0.0,3.0343101,1.7685483,-2.8587956,-0.51536518,32.320816,2.7280087,575.91223,-0.33788794,13.045307,14.179578,0.050025791,3.5963774,11.304033,116.85645,166.71837,19.025116,17.840263,2.779654,0.038064327,24.641073,0.07708399,16.351595,140.15913,221.51997,-2.4710639,0.45924678,40.197308,9.3948851,35.948158,-2.7269962,37.882481,0.80426651,3.3123169,0.10850481,205.19952,3.7401924,106.3336,84.662781,32.26218,16.417963,0.19573347,0.76194572,132.07884,80.580421,0.14545454,9397.0,18.0,19.662319,33.825527,11.774318,0.44444445,-3.5314114,0.80000001,265.75046,3.3658078,2.0,0.14545454,20.429419,81.401527,724.94397,3.5314114,24.491886,103.0,89.0,0.23805431,143.17329,120.86158,27.714449,20.188477,11.196194,92.766678,532.04053,545.60748,268.0,38.438065,3.0,167.06511,60.0,159.67,26.576622,19.928228,0.24540348,115.0,68.431854,61.406727,832.76569,18.0,14.0,112.0,170.46387,0.0,77.697189,716.07135,36.879158,8.0,716.07135,716.07135,8.0,81.401527,44.711407,70.572739,3.0,6.0,6.0,6.0,33.0,7.0,-0.003004849,6.7813597,32.0,1.0206616,55.0,77.697189,4.0,6.0,52.0,49.253891,0.001794082,13.0,10.0,39.0,7.0,0.0,3.0,4.0,13.566921,10.0,2.0,-5.95
5.3340001,-8.6083202,3.57427,-0.36698803,15.808495,-0.84130359,6.8576026,6.8572626,-0.21319209,0.088319816,370.5697,0.78431785,-0.31025335,0.41856411,-0.44446942,0.5404101,1.4589664,9.3329468,0.12841988,-8.5978794,0.1197162,12.500566,0.0,3.010644,2.1648073,-2.8655388,-0.4615207,32.320816,2.7221699,634.72913,-0.29537719,13.608256,14.742526,0.040837944,3.6287801,13.132648,130.45641,175.07597,19.719049,18.081726,2.7566624,0.018405816,24.881483,0.077127792,18.081635,140.15913,202.65158,-2.475605,0.38037053,40.197308,11.103734,39.22007,-2.7322106,37.882481,0.81912345,3.3504505,0.10026889,271.85153,3.7641683,106.3336,117.55997,34.425316,20.82876,0.18087657,0.78001493,113.21043,87.139664,0.17857143,10372.0,21.0,20.790119,33.825527,13.7904,0.3888889,-3.5294061,0.63636363,365.29968,3.3993995,2.0,0.17857143,22.3925,81.401527,755.01398,3.5294061,25.223938,110.0,92.0,0.2199851,143.17329,128.38234,29.877586,21.267082,11.308724,92.766678,590.85742,604.42438,272.0,40.6012,3.0,167.06511,66.0,159.67,28.739758,21.020418,0.23494832,122.0,49.992279,61.406727,877.815,18.0,14.0,120.0,170.46387,0.0,77.697189,774.88824,18.439579,10.0,774.88824,774.88824,10.0,81.401527,48.369259,70.572739,3.0,6.0,6.0,6.0,35.0,7.0,-0.003004842,6.8073549,28.0,1.0206616,56.0,77.697189,3.0,6.0,54.0,53.664684,0.001794078,13.0,10.0,41.0,7.0,0.0,2.0,5.0,13.566921,11.0,3.0,-5.73
5.3340001,-8.6083202,3.57427,-0.36698803,15.808495,-0.84130359,6.8576026,6.8572626,-0.21319209,0.088319816,370.5697,0.78431785,-0.31025335,0.41856411,-0.44446942,0.5404101,1.4589664,9.3329468,0.12841988,-8.5978794,0.1197162,12.500566,0.0,3.010644,2.1648073,-2.8655388,-0.4615207,32.320816,2.7221699,634.72913,-0.29537719,13.608256,14.742526,0.040837944,3.6287801,13.132648,130.45641,175.07597,19.719049,18.081726,2.7566624,0.018405816,24.881483,0.077127792,18.081635,140.15913,202.65158,-2.475605,0.38037053,40.197308,11.103734,39.22007,-2.7322106,37.882481,0.81912345,3.3504505,0.10026889,271.85153,3.7641683,106.3336,117.55997,34.425316,20.82876,0.18087657,0.78001493,113.21043,87.139664,0.17857143,10372.0,21.0,20.790119,33.825527,13.7904,0.3888889,-3.5294061,0.63636363,365.29968,3.3993995,2.0,0.17857143,22.3925,81.401527,755.01398,3.5294061,25.223938,110.0,92.0,0.2199851,143.17329,128.38234,29.877586,21.267082,11.308724,92.766678,590.85742,604.42438,272.0,40.6012,3.0,167.06511,66.0,159.67,28.739758,21.020418,0.23494832,122.0,49.992279,61.406727,877.815,18.0,14.0,120.0,170.46387,0.0,77.697189,774.88824,18.439579,10.0,774.88824,774.88824,10.0,81.401527,48.369259,70.572739,3.0,6.0,6.0,6.0,35.0,7.0,-0.003004842,6.8073549,28.0,1.0206616,56.0,77.697189,3.0,6.0,54.0,53.664684,0.001794078,13.0,10.0,41.0,7.0,0.0,2.0,5.0,13.566921,11.0,3.0,-7.0
5.5310001,-8.5023298,3.9164701,-0.35661671,15.808495,-0.8406294,7.3995724,7.3992486,-0.20625593,0.086282447,370.5697,0.77928954,-0.30236042,0.41321313,-0.43233445,0.53471178,1.4499449,9.3331633,0.12701815,-8.9969559,0.10843425,12.523401,0.0,3.0120571,2.2089617,-2.8609266,-0.4562887,32.320816,2.720896,668.62854,-0.29110774,13.608256,14.742526,0.039097201,3.666609,13.364986,164.35587,178.34322,20.109394,19.580135,2.7577875,0.015203857,23.866331,0.075348169,18.291813,134.47655,202.65158,-2.4800308,0.37385523,40.197308,10.915775,40.185974,-2.7374866,41.006798,0.83255422,3.3908002,0.096745975,271.85153,3.756861,100.65102,150.45715,35.372528,20.82876,0.16744576,0.79481977,113.21043,90.646072,0.1754386,10735.0,21.0,21.25285,33.825527,13.5,0.3888889,-3.6126323,0.63636363,398.19687,3.4370589,2.0,0.1754386,22.558893,81.401527,769.04095,3.6126323,25.651457,113.0,96.0,0.20518023,143.17329,131.47592,30.877586,21.721497,11.36366,87.084099,624.7569,638.32385,278.0,41.471443,3.0,167.06511,68.0,150.88,29.739758,21.474892,0.23157986,125.0,49.992279,43.395977,898.89178,18.0,14.0,123.0,164.78128,0.0,77.697189,803.1051,18.439579,10.0,803.1051,803.1051,10.0,81.401527,49.362881,70.572739,3.0,6.0,6.0,6.0,36.0,7.0,-0.002997434,6.83289,28.0,1.0206177,57.0,77.697189,3.0,6.0,55.0,35.653934,0.001789648,13.0,9.0,42.0,7.0,0.0,2.0,5.0,13.566921,11.0,3.0,-5.82
5.3340001,-8.6083202,3.57427,-0.36698803,15.808495,-0.84130359,6.8576026,6.8572626,-0.21319209,0.088319816,370.5697,0.78431785,-0.31025335,0.41856411,-0.44446942,0.5404101,1.4589664,9.3329468,0.12841988,-8.5978794,0.1197162,12.500566,0.0,3.010644,2.1648073,-2.8655388,-0.4615207,32.320816,2.7221699,634.72913,-0.29537719,13.608256,14.742526,0.040837944,3.6287801,13.132648,130.45641,175.07597,19.719049,18.081726,2.7566624,0.018405816,24.881483,0.077127792,18.081635,140.15913,202.65158,-2.475605,0.38037053,40.197308,11.103734,39.22007,-2.7322106,37.882481,0.81912345,3.3504505,0.10026889,271.85153,3.7641683,106.3336,117.55997,34.425316,20.82876,0.18087657,0.78001493,113.21043,87.139664,0.17857143,10372.0,21.0,20.790119,33.825527,13.7904,0.3888889,-3.5294061,0.63636363,365.29968,3.3993995,2.0,0.17857143,22.3925,81.401527,755.01398,3.5294061,25.223938,110.0,92.0,0.2199851,143.17329,128.38234,29.877586,21.267082,11.308724,92.766678,590.85742,604.42438,272.0,40.6012,3.0,167.06511,66.0,159.67,28.739758,21.020418,0.23494832,122.0,49.992279,61.406727,877.815,18.0,14.0,120.0,170.46387,0.0,77.697189,774.88824,18.439579,10.0,774.88824,774.88824,10.0,81.401527,48.369259,70.572739,3.0,6.0,6.0,6.0,35.0,7.0,-0.003004842,6.8073549,28.0,1.0206616,56.0,77.697189,3.0,6.0,54.0,53.664684,0.001794078,13.0,10.0,41.0,7.0,0.0,2.0,5.0,13.566921,11.0,3.0,-6.54
5.1370001,-8.7143097,3.23207,-0.36713699,15.808495,-0.83934492,6.3176355,6.3172956,-0.2155181,0.090432316,370.5697,0.78959352,-0.31146187,0.43304425,-0.46030846,0.56363153,1.4683273,9.3327312,0.13711824,-8.1995106,0.13185085,12.477974,0.0,3.0057549,2.1273618,-2.8708169,-0.47525889,32.320816,2.7165568,600.82965,-0.31028131,13.608256,14.742526,0.043242972,3.591105,12.901175,96.556946,171.7943,19.328705,16.595089,2.7521181,0.019467426,25.888859,0.079567373,17.873632,145.84171,202.65158,-2.4724531,0.38707954,40.197308,11.306778,38.25536,-2.7284334,34.758167,0.80467749,3.3097324,0.10405808,271.85153,3.7667177,112.01617,84.662781,33.478104,20.82876,0.19532248,0.76409107,113.21043,83.633247,0.18181819,9990.0,21.0,20.327391,33.825527,14.105903,0.3888889,-3.446326,0.63636363,332.4025,3.3614657,2.0,0.18181819,22.23077,81.401527,740.987,3.446326,24.796417,107.0,88.0,0.23590893,143.17329,125.28875,28.877586,20.812668,11.253336,98.449257,556.95801,570.5249,266.0,39.730957,3.0,167.06511,64.0,168.46001,27.739758,20.56572,0.23842676,119.0,49.992279,79.41748,856.73828,18.0,14.0,117.0,176.14644,0.0,77.697189,746.67133,18.439579,10.0,746.67133,746.67133,10.0,81.401527,47.375866,70.572739,3.0,6.0,6.0,6.0,34.0,7.0,-0.003004852,6.7813597,28.0,1.0206616,55.0,77.697189,3.0,6.0,53.0,71.675438,0.001794083,13.0,11.0,40.0,7.0,0.0,2.0,6.0,13.566921,11.0,4.0,-6.17
4.743,-8.9262896,2.5476699,-0.36753029,15.808495,-0.83912516,5.2350574,5.2347112,-0.21893343,0.095013782,370.5697,0.80096388,-0.31897238,0.45341608,-0.48684505,0.59597051,1.4881462,9.3322973,0.15122849,-7.401619,0.15909654,12.432638,0.0,3.0038259,2.0422966,-2.882278,-0.49977624,32.320816,2.7145169,533.0307,-0.33116147,13.608256,14.742526,0.046404615,3.5115564,12.441095,28.758026,165.18422,18.548018,13.612513,2.7505443,0.024780791,27.913586,0.083704077,17.464907,157.20685,202.65158,-2.4586413,0.40234792,40.197308,11.811868,36.329762,-2.7115493,28.509541,0.77224243,3.2236996,0.11256586,271.85153,3.7826133,123.38132,18.868406,31.583675,20.82876,0.2277576,0.72833759,113.21043,76.620422,0.18867925,9286.0,21.0,19.40193,33.825527,14.876033,0.3888889,-3.2801476,0.63636363,266.60812,3.2817996,3.0,0.18867925,21.922937,81.401527,712.93298,3.2801476,23.941376,101.0,80.0,0.27166238,143.17329,119.10158,26.877586,19.903839,11.138001,109.81441,489.15906,502.72598,254.0,37.990471,4.0,167.06511,60.0,186.03999,25.739758,19.655594,0.24573661,113.0,49.992279,115.43898,814.58478,18.0,14.0,111.0,187.5116,0.0,77.697189,690.23761,18.439579,10.0,690.23761,690.23761,10.0,81.401527,45.38982,70.572739,3.0,6.0,6.0,6.0,32.0,7.0,-0.003007597,6.7279205,28.0,1.0206779,53.0,77.697189,3.0,6.0,51.0,107.69694,0.001795725,13.0,13.0,38.0,7.0,0.0,2.0,5.0,13.566921,11.0,3.0,-6.23
5.3340001,-8.6083202,3.57427,-0.36698803,15.808495,-0.84130359,6.8576026,6.8572626,-0.21319209,0.088319816,370.5697,0.78431785,-0.31025335,0.41856411,-0.44446942,0.5404101,1.4589664,9.3329468,0.12841988,-8.5978794,0.1197162,12.500566,0.0,3.010644,2.1648073,-2.8655388,-0.4615207,32.320816,2.7221699,634.72913,-0.29537719,13.608256,14.742526,0.040837944,3.6287801,13.132648,130.45641,175.07597,19.719049,18.081726,2.7566624,0.018405816,24.881483,0.077127792,18.081635,140.15913,202.65158,-2.475605,0.38037053,40.197308,11.103734,39.22007,-2.7322106,37.882481,0.81912345,3.3504505,0.10026889,271.85153,3.7641683,106.3336,117.55997,34.425316,20.82876,0.18087657,0.78001493,113.21043,87.139664,0.17857143,10372.0,21.0,20.790119,33.825527,13.7904,0.3888889,-3.5294061,0.63636363,365.29968,3.3993995,2.0,0.17857143,22.3925,81.401527,755.01398,3.5294061,25.223938,110.0,92.0,0.2199851,143.17329,128.38234,29.877586,21.267082,11.308724,92.766678,590.85742,604.42438,272.0,40.6012,3.0,167.06511,66.0,159.67,28.739758,21.020418,0.23494832,122.0,49.992279,61.406727,877.815,18.0,14.0,120.0,170.46387,0.0,77.697189,774.88824,18.439579,10.0,774.88824,774.88824,10.0,81.401527,48.369259,70.572739,3.0,6.0,6.0,6.0,35.0,7.0,-0.003004842,6.8073549,28.0,1.0206616,56.0,77.697189,3.0,6.0,54.0,53.664684,0.001794078,13.0,10.0,41.0,7.0,0.0,2.0,5.0,13.566921,11.0,3.0,-5.64
4.743,-8.9262896,2.5476699,-0.36753029,15.808495,-0.83912516,5.2350574,5.2347112,-0.21893343,0.095013782,370.5697,0.80096388,-0.31897238,0.45341608,-0.48684505,0.59597051,1.4881462,9.3322973,0.15122849,-7.401619,0.15909654,12.432638,0.0,3.0038259,2.0422966,-2.882278,-0.49977624,32.320816,2.7145169,533.0307,-0.33116147,13.608256,14.742526,0.046404615,3.5115564,12.441095,28.758026,165.18422,18.548018,13.612513,2.7505443,0.024780791,27.913586,0.083704077,17.464907,157.20685,202.65158,-2.4586413,0.40234792,40.197308,11.811868,36.329762,-2.7115493,28.509541,0.77224243,3.2236996,0.11256586,271.85153,3.7826133,123.38132,18.868406,31.583675,20.82876,0.2277576,0.72833759,113.21043,76.620422,0.18867925,9286.0,21.0,19.40193,33.825527,14.876033,0.3888889,-3.2801476,0.63636363,266.60812,3.2817996,3.0,0.18867925,21.922937,81.401527,712.93298,3.2801476,23.941376,101.0,80.0,0.27166238,143.17329,119.10158,26.877586,19.903839,11.138001,109.81441,489.15906,502.72598,254.0,37.990471,4.0,167.06511,60.0,186.03999,25.739758,19.655594,0.24573661,113.0,49.992279,115.43898,814.58478,18.0,14.0,111.0,187.5116,0.0,77.697189,690.23761,18.439579,10.0,690.23761,690.23761,10.0,81.401527,45.38982,70.572739,3.0,6.0,6.0,6.0,32.0,7.0,-0.003007597,6.7279205,28.0,1.0206779,53.0,77.697189,3.0,6.0,51.0,107.69694,0.001795725,13.0,13.0,38.0,7.0,0.0,2.0,5.0,13.566921,11.0,3.0,-6.96
5.2529998,-9.73106,3.32337,-0.35240901,29.207598,-0.86051941,5.8568664,5.8568664,-0.21900006,0.093986869,420.20374,0.79447436,-0.31308156,0.45510095,-0.44016227,0.62448668,1.48365,10.69818,0.14818507,-8.2117949,0.16426767,11.561097,0.1509434,3.0038457,1.6986922,-2.8823566,-0.49718869,26.64856,2.7145095,587.60535,-0.33118856,14.191589,15.57586,0.046548493,3.5277798,11.496729,20.299505,169.13611,19.407743,13.18865,2.7507191,0.062754408,28.140064,0.082816057,16.957298,115.49698,220.29475,-2.4586308,0.52115297,40.197308,10.773957,35.933002,-2.7114723,3.1243138,0.83573234,3.2396173,0.11050623,266.60812,3.8380089,115.49698,18.868406,32.71381,20.399931,0.16426767,0.7252261,113.21043,78.373627,0.17857143,10325.0,21.0,20.42112,0.0,13.816559,0.3888889,-3.3159871,0.63636363,266.60812,3.295233,3.0,0.17857143,21.671528,81.401527,735.97101,3.3159871,25.013855,101.0,84.0,0.2747739,143.17329,123.58637,28.162043,20.80818,11.245952,115.49698,509.90814,509.90814,270.0,38.982033,4.0,183.85065,61.0,181.60001,26.817108,20.561451,0.24170427,117.0,49.992279,90.053757,848.96753,18.0,14.0,114.0,193.19417,0.0,77.697189,703.10229,18.439579,10.0,703.10229,703.10229,10.0,81.401527,45.698978,92.933022,3.0,10.0,9.0,6.0,34.0,6.0,0.0,6.8073549,32.0,1.0,56.0,77.697189,4.0,7.0,53.0,124.48247,0.0,13.0,12.0,40.0,6.0,4.7171016,3.0,6.0,0.0,11.0,4.0,-5.48
4.2270002,-8.6180296,2.7834699,-0.36252132,29.207598,-0.86051941,4.8716249,4.8716249,-0.22233817,0.091652416,374.98679,0.80300122,-0.34620064,0.50615609,-0.45862833,0.62632072,1.5042698,10.698365,0.1604728,-7.7937336,0.16329224,11.57921,0.15384616,3.0334883,1.4688106,-2.8739672,-0.52458686,26.64856,2.7272365,562.68787,-0.34646839,13.628641,15.012911,0.052769635,3.5333099,10.065168,40.59901,163.96541,19.104153,14.433986,2.7790322,0.068313897,26.89204,0.080744229,15.509207,109.81441,239.16316,-2.4543281,0.55117834,40.197308,8.9577188,33.746971,-2.7066576,6.2486277,0.83670777,3.2418535,0.11553445,199.95609,3.8186152,109.81441,18.868406,31.497889,15.989136,0.16329224,0.72117329,132.07884,75.320801,0.14285715,9729.0,18.0,19.75605,0.0,11.5468,0.44444445,-3.4010725,0.80000001,199.95609,3.2998104,2.0,0.14285715,19.921875,81.401527,719.92798,3.4010725,24.709326,97.0,85.0,0.27882668,143.17329,119.1592,26.998907,20.18399,11.187761,109.81441,484.99072,484.99072,272.0,37.68914,3.0,183.85065,57.0,172.81,25.653971,19.922482,0.24876592,113.0,68.431854,72.042999,824.995,18.0,14.0,109.0,187.5116,0.0,77.697189,672.50232,36.879158,8.0,672.50232,672.50232,8.0,81.401527,43.128826,92.933022,3.0,10.0,9.0,6.0,33.0,6.0,0.0,6.8073549,36.0,1.0,56.0,77.697189,5.0,7.0,52.0,102.06092,0.0,13.0,11.0,39.0,6.0,4.7171016,4.0,5.0,0.0,10.0,3.0,-6.72
5.2529998,-9.73106,3.32337,-0.35240901,29.207598,-0.86051941,5.8568664,5.8568664,-0.21900006,0.093986869,420.20374,0.79447436,-0.31308156,0.45510095,-0.44016227,0.62448668,1.48365,10.69818,0.14818507,-8.2117949,0.16426767,11.561097,0.1509434,3.0038457,1.6986922,-2.8823566,-0.49718869,26.64856,2.7145095,587.60535,-0.33118856,14.191589,15.57586,0.046548493,3.5277798,11.496729,20.299505,169.13611,19.407743,13.18865,2.7507191,0.062754408,28.140064,0.082816057,16.957298,115.49698,220.29475,-2.4586308,0.52115297,40.197308,10.773957,35.933002,-2.7114723,3.1243138,0.83573234,3.2396173,0.11050623,266.60812,3.8380089,115.49698,18.868406,32.71381,20.399931,0.16426767,0.7252261,113.21043,78.373627,0.17857143,10325.0,21.0,20.42112,0.0,13.816559,0.3888889,-3.3159871,0.63636363,266.60812,3.295233,3.0,0.17857143,21.671528,81.401527,735.97101,3.3159871,25.013855,101.0,84.0,0.2747739,143.17329,123.58637,28.162043,20.80818,11.245952,115.49698,509.90814,509.90814,270.0,38.982033,4.0,183.85065,61.0,181.60001,26.817108,20.561451,0.24170427,117.0,49.992279,90.053757,848.96753,18.0,14.0,114.0,193.19417,0.0,77.697189,703.10229,18.439579,10.0,703.10229,703.10229,10.0,81.401527,45.698978,92.933022,3.0,10.0,9.0,6.0,34.0,6.0,0.0,6.8073549,32.0,1.0,56.0,77.697189,4.0,7.0,53.0,124.48247,0.0,13.0,12.0,40.0,6.0,4.7171016,3.0,6.0,0.0,11.0,4.0,-6.55
5.2529998,-9.73106,3.32337,-0.35240901,29.207598,-0.86051941,5.8568664,5.8568664,-0.21900006,0.093986869,420.20374,0.79447436,-0.31308156,0.45510095,-0.44016227,0.62448668,1.48365,10.69818,0.14818507,-8.2117949,0.16426767,11.561097,0.1509434,3.0038457,1.6986922,-2.8823566,-0.49718869,26.64856,2.7145095,587.60535,-0.33118856,14.191589,15.57586,0.046548493,3.5277798,11.496729,20.299505,169.13611,19.407743,13.18865,2.7507191,0.062754408,28.140064,0.082816057,16.957298,115.49698,220.29475,-2.4586308,0.52115297,40.197308,10.773957,35.933002,-2.7114723,3.1243138,0.83573234,3.2396173,0.11050623,266.60812,3.8380089,115.49698,18.868406,32.71381,20.399931,0.16426767,0.7252261,113.21043,78.373627,0.17857143,10325.0,21.0,20.42112,0.0,13.816559,0.3888889,-3.3159871,0.63636363,266.60812,3.295233,3.0,0.17857143,21.671528,81.401527,735.97101,3.3159871,25.013855,101.0,84.0,0.2747739,143.17329,123.58637,28.162043,20.80818,11.245952,115.49698,509.90814,509.90814,270.0,38.982033,4.0,183.85065,61.0,181.60001,26.817108,20.561451,0.24170427,117.0,49.992279,90.053757,848.96753,18.0,14.0,114.0,193.19417,0.0,77.697189,703.10229,18.439579,10.0,703.10229,703.10229,10.0,81.401527,45.698978,92.933022,3.0,10.0,9.0,6.0,34.0,6.0,0.0,6.8073549,32.0,1.0,56.0,77.697189,4.0,7.0,53.0,124.48247,0.0,13.0,12.0,40.0,6.0,4.7171016,3.0,6.0,0.0,11.0,4.0,-5.6
5.2529998,-9.73106,3.32337,-0.35240901,29.207598,-0.86051941,5.8568664,5.8568664,-0.21900006,0.093986869,420.20374,0.79447436,-0.31308156,0.45510095,-0.44016227,0.62448668,1.48365,10.69818,0.14818507,-8.2117949,0.16426767,11.561097,0.1509434,3.0038457,1.6986922,-2.8823566,-0.49718869,26.64856,2.7145095,587.60535,-0.33118856,14.191589,15.57586,0.046548493,3.5277798,11.496729,20.299505,169.13611,19.407743,13.18865,2.7507191,0.062754408,28.140064,0.082816057,16.957298,115.49698,220.29475,-2.4586308,0.52115297,40.197308,10.773957,35.933002,-2.7114723,3.1243138,0.83573234,3.2396173,0.11050623,266.60812,3.8380089,115.49698,18.868406,32.71381,20.399931,0.16426767,0.7252261,113.21043,78.373627,0.17857143,10325.0,21.0,20.42112,0.0,13.816559,0.3888889,-3.3159871,0.63636363,266.60812,3.295233,3.0,0.17857143,21.671528,81.401527,735.97101,3.3159871,25.013855,101.0,84.0,0.2747739,143.17329,123.58637,28.162043,20.80818,11.245952,115.49698,509.90814,509.90814,270.0,38.982033,4.0,183.85065,61.0,181.60001,26.817108,20.561451,0.24170427,117.0,49.992279,90.053757,848.96753,18.0,14.0,114.0,193.19417,0.0,77.697189,703.10229,18.439579,10.0,703.10229,703.10229,10.0,81.401527,45.698978,92.933022,3.0,10.0,9.0,6.0,34.0,6.0,0.0,6.8073549,32.0,1.0,56.0,77.697189,4.0,7.0,53.0,124.48247,0.0,13.0,12.0,40.0,6.0,4.7171016,3.0,6.0,0.0,11.0,4.0,-5.78
5.2529998,-8.7907104,3.32337,-0.350382,29.207598,-0.86051792,5.1026716,5.1026716,-0.21266146,0.093986779,420.20374,0.79447436,-0.31248283,0.44094226,-0.42701882,0.60425609,1.48365,10.69818,0.1387351,-7.9267116,0.16426767,11.561163,0.1509434,3.0095899,1.7213608,-2.8949008,-0.47580582,26.64856,2.7144163,587.60535,-0.31839165,14.356114,15.740384,0.040244151,3.5562184,11.496729,20.299505,169.13611,19.572268,13.171695,2.7568562,0.061783534,28.12281,0.082815975,16.957298,115.49698,220.29475,-2.4675124,0.50965887,40.197308,9.5552988,35.933002,-2.7199171,3.1243138,0.83573234,3.2662423,0.11050623,266.60812,3.8189566,115.49698,18.868406,32.71381,20.399931,0.16426767,0.7252261,113.21043,78.373627,0.17857143,10181.0,21.0,20.42112,0.0,12.253747,0.3888889,-3.3159902,0.63636363,266.60812,3.3242126,3.0,0.17857143,21.671528,81.401527,735.97101,3.3159902,25.178381,101.0,90.0,0.2747739,143.17329,123.58637,28.162043,20.80818,11.246307,115.49698,509.90814,509.90814,270.0,38.982033,4.0,183.85065,61.0,181.60001,26.817108,20.59166,0.24170427,117.0,49.992279,90.053757,848.96753,18.0,14.0,114.0,193.19417,0.0,77.697189,703.10229,18.439579,10.0,703.10229,703.10229,10.0,81.401527,45.698978,92.933022,3.0,10.0,9.0,6.0,34.0,6.0,0.0,6.8073549,32.0,1.0,56.0,77.697189,4.0,7.0,53.0,124.48247,0.0,13.0,12.0,40.0,6.0,4.7171016,3.0,6.0,0.0,11.0,4.0,-6.39
2.1630001,-7.5734601,1.13411,-0.39000916,60.824585,-0.86051625,0.60344565,3.6846051,-0.22340214,0.083735868,189.70193,0.81440961,-0.39372486,0.62351364,-0.53807992,0.7390939,1.557963,16.827934,0.18626277,-8.0831337,0.17758147,14.824323,0.20338982,2.9949009,1.314695,-2.8902628,-0.56993294,39.488358,2.6896958,417.47855,-0.42692316,14.470704,17.77599,0.076899432,3.486372,10.858829,40.59901,176.04982,20.353306,15.470663,2.7418919,0.14032654,32.662521,0.074379534,17.887268,309.30841,415.595,-2.4186029,0.67789757,41.956276,10.247971,35.817142,-2.6708901,28.509541,0.5744167,3.1690574,0.11612307,33.326015,3.9468095,146.8064,56.605217,33.194042,9.1278973,0.42558333,0.70629543,94.342026,70.06118,0.171875,13808.0,22.0,22.12694,162.50203,13.995691,0.44999999,-3.7218213,0.81818181,33.326015,3.2433279,3.0,0.171875,24.333937,81.401527,806.96497,3.7218213,28.498444,90.0,95.0,0.29370454,143.17329,127.86082,29.069975,22.602154,11.557405,129.0639,502.28339,513.32629,304.0,41.889965,5.0,190.31929,54.0,227.85001,26.272774,22.406485,0.22728641,118.0,68.431854,148.33617,924.02271,20.0,3.9151244,113.0,213.46063,6.6995511,77.697189,726.78699,36.879158,11.0,726.78699,726.78699,11.0,81.401527,48.456055,269.36487,5.0,22.0,21.0,6.0,38.0,7.0,0.99917817,7.0,44.0,1.0066818,64.0,84.396736,6.0,8.0,59.0,106.83928,4.2351608,15.0,16.0,44.0,8.0,37.614288,5.0,5.0,0.0,11.0,3.0,-7.1
2.1630001,-7.5734601,1.13411,-0.39000916,60.824585,-0.86051625,0.60344565,3.6846051,-0.22340214,0.083735868,189.70193,0.81440961,-0.39372486,0.62351364,-0.53807992,0.7390939,1.557963,16.827934,0.18626277,-8.0831337,0.17758147,14.824323,0.20338982,2.9949009,1.314695,-2.8902628,-0.56993294,39.488358,2.6896958,417.47855,-0.42692316,14.470704,17.77599,0.076899432,3.486372,10.858829,40.59901,176.04982,20.353306,15.470663,2.7418919,0.14032654,32.662521,0.074379534,17.887268,309.30841,415.595,-2.4186029,0.67789757,41.956276,10.247971,35.817142,-2.6708901,28.509541,0.5744167,3.1690574,0.11612307,33.326015,3.9468095,146.8064,56.605217,33.194042,9.1278973,0.42558333,0.70629543,94.342026,70.06118,0.171875,13808.0,22.0,22.12694,162.50203,13.995691,0.44999999,-3.7218213,0.81818181,33.326015,3.2433279,3.0,0.171875,24.333937,81.401527,806.96497,3.7218213,28.498444,90.0,95.0,0.29370454,143.17329,127.86082,29.069975,22.602154,11.557405,129.0639,502.28339,513.32629,304.0,41.889965,5.0,190.31929,54.0,227.85001,26.272774,22.406485,0.22728641,118.0,68.431854,148.33617,924.02271,20.0,3.9151244,113.0,213.46063,6.6995511,77.697189,726.78699,36.879158,11.0,726.78699,726.78699,11.0,81.401527,48.456055,269.36487,5.0,22.0,21.0,6.0,38.0,7.0,0.99917817,7.0,44.0,1.0066818,64.0,84.396736,6.0,8.0,59.0,106.83928,4.2351608,15.0,16.0,44.0,8.0,37.614288,5.0,5.0,0.0,11.0,3.0,-7.05
1.574,-6.4046102,0.30333999,-0.39000916,31.616989,-0.83912122,2.6778662,2.6775203,-0.22078753,0.094276935,169.47636,0.82515371,-0.39636448,0.58070201,-0.53807992,0.71442968,1.5808717,12.397199,0.18308596,-6.0708456,0.18308391,12.411865,0.021276595,3.0012429,1.5751328,-2.8630142,-0.55312836,31.524422,2.711822,361.34583,-0.39121345,11.009379,13.114194,0.072236463,3.3532224,9.0628223,28.758026,143.85933,16.014017,14.220887,2.7482057,0.13821536,28.619946,0.083715543,14.423934,238.45787,253.13069,-2.4303303,0.67211181,33.497757,9.0425968,29.530962,-2.6808207,28.509541,0.60244012,3.0420074,0.16338128,105.22147,3.8683147,123.38132,37.736813,26.953918,10.781946,0.39755985,0.65353483,56.605217,59.129108,0.12,7863.0,17.0,17.255329,115.07654,12.32609,0.5,-3.3057845,1.0,99.978043,3.1146507,3.0,0.12,19.565218,81.401527,648.76099,3.3057845,22.404795,76.0,74.0,0.3464652,143.17329,101.39289,22.973963,17.818501,10.876521,109.81441,398.72519,391.99258,238.0,34.086845,4.0,163.08315,44.0,186.03999,21.110001,17.597973,0.26595098,94.0,68.431854,115.43898,732.48047,20.0,14.0,91.0,207.8111,20.299505,77.697189,599.80371,36.879158,6.0,599.80371,599.80371,6.0,81.401527,39.7808,158.78867,3.0,12.0,12.0,6.0,28.0,7.0,-0.003007533,6.643856,34.0,1.0206776,50.0,97.996689,4.0,6.0,47.0,94.464546,0.001795686,13.0,13.0,34.0,7.0,0.0,3.0,5.0,13.566921,10.0,3.0,-8.3
1.574,-6.4046102,0.30333999,-0.39000916,31.616989,-0.83912122,2.6778662,2.6775203,-0.22078753,0.094276935,169.47636,0.82515371,-0.39636448,0.58070201,-0.53807992,0.71442968,1.5808717,12.397199,0.18308596,-6.0708456,0.18308391,12.411865,0.021276595,3.0012429,1.5751328,-2.8630142,-0.55312836,31.524422,2.711822,361.34583,-0.39121345,11.009379,13.114194,0.072236463,3.3532224,9.0628223,28.758026,143.85933,16.014017,14.220887,2.7482057,0.13821536,28.619946,0.083715543,14.423934,238.45787,253.13069,-2.4303303,0.67211181,33.497757,9.0425968,29.530962,-2.6808207,28.509541,0.60244012,3.0420074,0.16338128,105.22147,3.8683147,123.38132,37.736813,26.953918,10.781946,0.39755985,0.65353483,56.605217,59.129108,0.12,7863.0,17.0,17.255329,115.07654,12.32609,0.5,-3.3057845,1.0,99.978043,3.1146507,3.0,0.12,19.565218,81.401527,648.76099,3.3057845,22.404795,76.0,74.0,0.3464652,143.17329,101.39289,22.973963,17.818501,10.876521,109.81441,398.72519,391.99258,238.0,34.086845,4.0,163.08315,44.0,186.03999,21.110001,17.597973,0.26595098,94.0,68.431854,115.43898,732.48047,20.0,14.0,91.0,207.8111,20.299505,77.697189,599.80371,36.879158,6.0,599.80371,599.80371,6.0,81.401527,39.7808,158.78867,3.0,12.0,12.0,6.0,28.0,7.0,-0.003007533,6.643856,34.0,1.0206776,50.0,97.996689,4.0,6.0,47.0,94.464546,0.001795686,13.0,13.0,34.0,7.0,0.0,3.0,5.0,13.566921,10.0,3.0,-7.18
2.5999999,-7.5176401,0.84324002,-0.38457191,31.616989,-0.81988519,3.6619732,3.6616266,-0.22165909,0.083351374,214.6933,0.81488204,-0.39343876,0.59338468,-0.53807992,0.7146216,1.556167,12.397014,0.18061323,-6.4883714,0.18321113,12.393719,0.020833334,2.9405878,1.8902178,-2.8809988,-0.55938637,31.524422,2.699101,386.26328,-0.40820563,11.572328,13.677142,0.073184334,3.3429854,10.542195,8.458519,149.39203,16.317608,12.972976,2.690011,0.14229633,29.872196,0.085927613,15.966134,244.14044,234.26228,-2.4461389,0.64507174,33.497757,11.274308,31.69367,-2.6974244,25.385227,0.61272365,3.0370796,0.15545069,171.8735,3.8756859,129.0639,37.736813,28.169842,15.192742,0.38727635,0.66133815,37.736813,62.181934,0.16,8371.0,20.0,17.920401,115.07654,15.257171,0.5,-3.2206821,1.0,166.63008,3.1057951,3.0,0.16,21.507786,81.401527,664.80402,3.2206821,22.709326,80.0,73.0,0.33866182,143.17329,105.82006,24.137098,18.44269,10.94424,115.49698,423.64261,416.91003,236.0,35.379742,4.0,163.08315,48.0,194.83,22.273138,18.242588,0.25768197,98.0,49.992279,133.44974,756.45306,20.0,14.0,96.0,213.49367,20.299505,77.697189,630.40369,18.439579,8.0,630.40369,630.40369,8.0,81.401527,42.4128,158.78867,3.0,12.0,12.0,6.0,29.0,7.0,-0.003007578,6.643856,30.0,1.0206778,50.0,97.996689,3.0,6.0,48.0,116.88609,0.001795713,13.0,14.0,35.0,7.0,0.0,2.0,5.0,13.566921,10.0,3.0,-7.62
1.574,-6.4046102,0.30333999,-0.39000916,31.616989,-0.83912122,2.6778662,2.6775203,-0.22078753,0.094276935,169.47636,0.82515371,-0.39636448,0.58070201,-0.53807992,0.71442968,1.5808717,12.397199,0.18308596,-6.0708456,0.18308391,12.411865,0.021276595,3.0012429,1.5751328,-2.8630142,-0.55312836,31.524422,2.711822,361.34583,-0.39121345,11.009379,13.114194,0.072236463,3.3532224,9.0628223,28.758026,143.85933,16.014017,14.220887,2.7482057,0.13821536,28.619946,0.083715543,14.423934,238.45787,253.13069,-2.4303303,0.67211181,33.497757,9.0425968,29.530962,-2.6808207,28.509541,0.60244012,3.0420074,0.16338128,105.22147,3.8683147,123.38132,37.736813,26.953918,10.781946,0.39755985,0.65353483,56.605217,59.129108,0.12,7863.0,17.0,17.255329,115.07654,12.32609,0.5,-3.3057845,1.0,99.978043,3.1146507,3.0,0.12,19.565218,81.401527,648.76099,3.3057845,22.404795,76.0,74.0,0.3464652,143.17329,101.39289,22.973963,17.818501,10.876521,109.81441,398.72519,391.99258,238.0,34.086845,4.0,163.08315,44.0,186.03999,21.110001,17.597973,0.26595098,94.0,68.431854,115.43898,732.48047,20.0,14.0,91.0,207.8111,20.299505,77.697189,599.80371,36.879158,6.0,599.80371,599.80371,6.0,81.401527,39.7808,158.78867,3.0,12.0,12.0,6.0,28.0,7.0,-0.003007533,6.643856,34.0,1.0206776,50.0,97.996689,4.0,6.0,47.0,94.464546,0.001795686,13.0,13.0,34.0,7.0,0.0,3.0,5.0,13.566921,10.0,3.0,-7.92
1.574,-6.4046102,0.30333999,-0.39000916,31.616989,-0.83912122,2.6778662,2.6775203,-0.22078753,0.094276935,169.47636,0.82515371,-0.39636448,0.58070201,-0.53807992,0.71442968,1.5808717,12.397199,0.18308596,-6.0708456,0.18308391,12.411865,0.021276595,3.0012429,1.5751328,-2.8630142,-0.55312836,31.524422,2.711822,361.34583,-0.39121345,11.009379,13.114194,0.072236463,3.3532224,9.0628223,28.758026,143.85933,16.014017,14.220887,2.7482057,0.13821536,28.619946,0.083715543,14.423934,238.45787,253.13069,-2.4303303,0.67211181,33.497757,9.0425968,29.530962,-2.6808207,28.509541,0.60244012,3.0420074,0.16338128,105.22147,3.8683147,123.38132,37.736813,26.953918,10.781946,0.39755985,0.65353483,56.605217,59.129108,0.12,7863.0,17.0,17.255329,115.07654,12.32609,0.5,-3.3057845,1.0,99.978043,3.1146507,3.0,0.12,19.565218,81.401527,648.76099,3.3057845,22.404795,76.0,74.0,0.3464652,143.17329,101.39289,22.973963,17.818501,10.876521,109.81441,398.72519,391.99258,238.0,34.086845,4.0,163.08315,44.0,186.03999,21.110001,17.597973,0.26595098,94.0,68.431854,115.43898,732.48047,20.0,14.0,91.0,207.8111,20.299505,77.697189,599.80371,36.879158,6.0,599.80371,599.80371,6.0,81.401527,39.7808,158.78867,3.0,12.0,12.0,6.0,28.0,7.0,-0.003007533,6.643856,34.0,1.0206776,50.0,97.996689,4.0,6.0,47.0,94.464546,0.001795686,13.0,13.0,34.0,7.0,0.0,3.0,5.0,13.566921,10.0,3.0,-8.05
1.574,-6.4046102,0.30333999,-0.39000916,31.616989,-0.83912122,2.6778662,2.6775203,-0.22078753,0.094276935,169.47636,0.82515371,-0.39636448,0.58070201,-0.53807992,0.71442968,1.5808717,12.397199,0.18308596,-6.0708456,0.18308391,12.411865,0.021276595,3.0012429,1.5751328,-2.8630142,-0.55312836,31.524422,2.711822,361.34583,-0.39121345,11.009379,13.114194,0.072236463,3.3532224,9.0628223,28.758026,143.85933,16.014017,14.220887,2.7482057,0.13821536,28.619946,0.083715543,14.423934,238.45787,253.13069,-2.4303303,0.67211181,33.497757,9.0425968,29.530962,-2.6808207,28.509541,0.60244012,3.0420074,0.16338128,105.22147,3.8683147,123.38132,37.736813,26.953918,10.781946,0.39755985,0.65353483,56.605217,59.129108,0.12,7863.0,17.0,17.255329,115.07654,12.32609,0.5,-3.3057845,1.0,99.978043,3.1146507,3.0,0.12,19.565218,81.401527,648.76099,3.3057845,22.404795,76.0,74.0,0.3464652,143.17329,101.39289,22.973963,17.818501,10.876521,109.81441,398.72519,391.99258,238.0,34.086845,4.0,163.08315,44.0,186.03999,21.110001,17.597973,0.26595098,94.0,68.431854,115.43898,732.48047,20.0,14.0,91.0,207.8111,20.299505,77.697189,599.80371,36.879158,6.0,599.80371,599.80371,6.0,81.401527,39.7808,158.78867,3.0,12.0,12.0,6.0,28.0,7.0,-0.003007533,6.643856,34.0,1.0206776,50.0,97.996689,4.0,6.0,47.0,94.464546,0.001795686,13.0,13.0,34.0,7.0,0.0,3.0,5.0,13.566921,10.0,3.0,-7.57
2.165,-6.0866399,1.32994,-0.38185328,31.616989,-0.84048456,4.3262939,4.3259649,-0.21605732,0.087654419,169.47636,0.8048678,-0.35583255,0.57053804,-0.52081102,0.70891851,1.5428177,12.397861,0.17097443,-7.2786169,0.13553376,12.481122,0.039999999,3.0067141,1.6674221,-2.8492038,-0.53585601,31.524422,2.7135241,463.04422,-0.39001438,11.009379,13.114194,0.058869828,3.4590127,9.7604771,130.45641,154.28177,17.178202,18.706831,2.7530768,0.051517136,25.490599,0.076643661,15.093097,221.41014,253.13069,-2.4330845,0.52001458,53.79726,8.7991819,32.33424,-2.6861107,37.882481,0.67651582,3.1548312,0.11351697,105.22147,3.8482141,106.3336,136.42838,29.795559,10.781946,0.32348415,0.75094926,56.605217,69.648354,0.11320755,8891.0,17.0,18.64352,115.07654,11.75,0.5,-3.5560873,1.0,198.6696,3.2210364,2.0,0.11320755,20.0704,81.401527,690.84198,3.5560873,23.670519,85.0,85.0,0.24905074,143.17329,110.67365,25.973963,19.181746,11.063437,92.766678,500.42355,513.99048,256.0,36.697578,3.0,163.08315,50.0,159.67,24.110001,18.967388,0.25318992,103.0,68.431854,61.406727,795.71075,20.0,14.0,100.0,170.46387,0.0,77.697189,684.45435,36.879158,6.0,684.45435,684.45435,6.0,81.401527,42.737629,158.78867,3.0,12.0,12.0,6.0,31.0,7.0,-0.002999959,6.7279205,34.0,1.0206326,53.0,77.697189,4.0,6.0,50.0,40.432297,0.001791158,13.0,10.0,37.0,7.0,0.0,3.0,4.0,13.566921,10.0,2.0,-6.46
2.165,-6.0866399,1.32994,-0.39000914,31.616989,-0.84184098,4.3082724,4.3079429,-0.21605732,0.087688595,169.47636,0.8048678,-0.34672654,0.57824659,-0.51071674,0.71134168,1.5428177,12.397855,0.16588113,-7.2703829,0.13553376,12.480455,0.02,3.0109313,1.6751992,-2.8469477,-0.53523934,31.524422,2.7192698,463.04422,-0.38975132,11.009379,13.114194,0.058726236,3.4792159,9.7604771,130.45641,154.28177,17.185051,18.721096,2.7569773,0.049313229,25.557938,0.077148043,15.093097,221.41014,253.13069,-2.4478536,0.52816862,33.497757,8.6186905,32.33424,-2.7034693,37.882481,0.67651582,3.1798375,0.14317492,105.22147,3.8515487,106.3336,136.42838,29.795559,10.781946,0.32348415,0.7212913,56.605217,69.648354,0.11320755,8860.0,17.0,18.64352,115.07654,11.508981,0.5,-3.5553546,1.0,198.6696,3.2416306,2.0,0.11320755,20.0704,81.401527,690.84198,3.5553546,23.687357,85.0,86.0,0.2787087,143.17329,110.67365,25.973963,19.181746,11.061907,92.766678,500.42355,493.69098,256.0,36.697578,3.0,163.08315,50.0,159.67,24.110001,18.971075,0.25318992,103.0,68.431854,61.406727,795.71075,20.0,14.0,100.0,190.76337,20.299505,77.697189,684.45435,36.879158,6.0,684.45435,684.45435,6.0,81.401527,42.737629,158.78867,3.0,12.0,12.0,6.0,31.0,7.0,-0.003000048,6.7279205,34.0,1.0206332,53.0,97.996689,4.0,6.0,50.0,40.432297,0.001791211,13.0,10.0,37.0,7.0,0.0,3.0,4.0,13.566921,10.0,2.0,-6.81
2.165,-6.0866399,1.32994,-0.38185328,31.616989,-0.84133404,4.3196082,4.3192677,-0.21605732,0.087665185,169.47636,0.8048678,-0.3616733,0.54989934,-0.51304233,0.70298451,1.5428177,12.397855,0.16748607,-7.27597,0.13553376,12.480547,0.039999999,3.0065665,1.6674532,-2.8482184,-0.53386986,31.524422,2.7177858,463.04422,-0.38755578,11.009379,13.114194,0.058957618,3.4603581,9.7604771,130.45641,154.28177,17.178202,18.678467,2.7529666,0.0405058,25.516056,0.077244937,15.093097,221.41014,253.13069,-2.4454134,0.48559135,53.79726,8.7991819,32.33424,-2.6996627,37.882481,0.67651582,3.157141,0.11351697,105.22147,3.8447411,106.3336,136.42838,29.795559,10.781946,0.32348415,0.75094926,56.605217,69.648354,0.11320755,8891.0,17.0,18.64352,115.07654,11.75,0.5,-3.5557616,1.0,198.6696,3.2227094,2.0,0.11320755,20.0704,81.401527,690.84198,3.5557616,23.670519,85.0,85.0,0.24905074,143.17329,110.67365,25.973963,19.181746,11.064069,92.766678,500.42355,513.99048,256.0,36.697578,3.0,163.08315,50.0,159.67,24.110001,18.967388,0.25318992,103.0,68.431854,61.406727,795.71075,20.0,14.0,100.0,170.46387,0.0,77.697189,684.45435,36.879158,6.0,684.45435,684.45435,6.0,81.401527,42.737629,158.78867,3.0,12.0,12.0,6.0,31.0,7.0,-0.003004768,6.7279205,34.0,1.0206611,53.0,77.697189,4.0,6.0,50.0,40.432297,0.001794034,13.0,10.0,37.0,7.0,0.0,3.0,4.0,13.566921,10.0,2.0,-7.15
3.388,-7.0936799,2.2120399,-0.3794587,31.616989,-0.84025294,5.8453546,5.8450146,-0.21416666,0.087150626,214.6933,0.79031342,-0.34432951,0.52187091,-0.46031672,0.66006881,1.5094818,12.397886,0.15986992,-8.0926533,0.12480865,12.48506,0.03846154,2.9643967,2.0513721,-2.8615007,-0.52161741,31.524422,2.711031,521.86108,-0.36385629,11.572328,13.677142,0.057705436,3.4990916,11.465651,144.05637,163.02403,17.872135,18.921255,2.7115452,0.039804414,25.754671,0.077288523,16.797926,221.41014,234.26228,-2.4671347,0.47287655,53.79726,10.509558,35.493301,-2.7231448,37.882481,0.70211393,3.205241,0.1045341,171.8735,3.8400223,106.3336,169.32556,31.958696,15.192742,0.29788604,0.77065724,37.736813,76.207588,0.14814815,9775.0,20.0,19.77132,115.07654,13.863739,0.5,-3.5537565,1.0,298.21881,3.2633328,2.0,0.14814815,22.0741,81.401527,720.91199,3.5537565,24.402571,92.0,88.0,0.22934274,143.17329,118.1944,28.137098,20.260351,11.186072,92.766678,559.24048,572.80737,260.0,38.860714,3.0,163.08315,56.0,159.67,26.273138,20.065578,0.24202083,110.0,49.992279,61.406727,840.76007,20.0,14.0,108.0,170.46387,0.0,77.697189,743.27124,18.439579,8.0,743.27124,743.27124,8.0,81.401527,46.382717,158.78867,3.0,12.0,12.0,6.0,33.0,7.0,-0.003004556,6.7548876,30.0,1.0206599,54.0,77.697189,3.0,6.0,52.0,44.843094,0.001793907,13.0,10.0,39.0,7.0,0.0,2.0,4.0,13.566921,10.0,2.0,-6.03
1.9680001,-6.1926298,0.98773998,-0.38185328,31.616989,-0.84019268,3.7784765,3.7781363,-0.21605732,0.089746021,169.47636,0.81126183,-0.36546952,0.56032103,-0.53807992,0.70615369,1.5549978,12.397637,0.17828852,-6.8771453,0.15002078,12.457888,0.040816326,3.0019407,1.6332526,-2.8553493,-0.54574722,31.524422,2.711853,429.14474,-0.38945487,11.009379,13.114194,0.061957203,3.4148536,9.5271931,96.556946,150.83479,16.787857,17.186184,2.7487385,0.050895862,26.527813,0.079093173,14.868489,227.09271,253.13069,-2.430629,0.51147407,53.79726,8.9271774,31.397438,-2.6817038,34.758167,0.65394735,3.1061006,0.11839797,105.22147,3.8506594,112.01617,103.53119,28.848345,10.781946,0.34605265,0.73158127,56.605217,66.141937,0.11538462,8555.0,17.0,18.18079,115.07654,12.0,0.5,-3.4726803,1.0,165.77242,3.176626,2.0,0.11538462,19.897167,81.401527,676.815,3.4726803,23.242998,82.0,81.0,0.26841876,143.17329,107.58006,24.973963,18.727329,11.003574,98.449257,466.52411,480.09103,250.0,35.827335,3.0,163.08315,48.0,168.46001,23.110001,18.510111,0.25729144,100.0,68.431854,79.41748,774.63397,20.0,14.0,97.0,176.14644,0.0,77.697189,656.23749,36.879158,6.0,656.23749,656.23749,6.0,81.401527,41.75148,158.78867,3.0,12.0,12.0,6.0,30.0,7.0,-0.003004778,6.7004399,34.0,1.0206612,52.0,77.697189,4.0,6.0,49.0,58.443047,0.00179404,13.0,11.0,36.0,7.0,0.0,3.0,5.0,13.566921,10.0,3.0,-7.47
1.9680001,-6.1926298,0.98773998,-0.38185328,31.616989,-0.84019268,3.7784765,3.7781363,-0.21605732,0.089746021,169.47636,0.81126183,-0.36546952,0.56032103,-0.53807992,0.70615369,1.5549978,12.397637,0.17828852,-6.8771453,0.15002078,12.457888,0.040816326,3.0019407,1.6332526,-2.8553493,-0.54574722,31.524422,2.711853,429.14474,-0.38945487,11.009379,13.114194,0.061957203,3.4148536,9.5271931,96.556946,150.83479,16.787857,17.186184,2.7487385,0.050895862,26.527813,0.079093173,14.868489,227.09271,253.13069,-2.430629,0.51147407,53.79726,8.9271774,31.397438,-2.6817038,34.758167,0.65394735,3.1061006,0.11839797,105.22147,3.8506594,112.01617,103.53119,28.848345,10.781946,0.34605265,0.73158127,56.605217,66.141937,0.11538462,8555.0,17.0,18.18079,115.07654,12.0,0.5,-3.4726803,1.0,165.77242,3.176626,2.0,0.11538462,19.897167,81.401527,676.815,3.4726803,23.242998,82.0,81.0,0.26841876,143.17329,107.58006,24.973963,18.727329,11.003574,98.449257,466.52411,480.09103,250.0,35.827335,3.0,163.08315,48.0,168.46001,23.110001,18.510111,0.25729144,100.0,68.431854,79.41748,774.63397,20.0,14.0,97.0,176.14644,0.0,77.697189,656.23749,36.879158,6.0,656.23749,656.23749,6.0,81.401527,41.75148,158.78867,3.0,12.0,12.0,6.0,30.0,7.0,-0.003004778,6.7004399,34.0,1.0206612,52.0,77.697189,4.0,6.0,49.0,58.443047,0.00179404,13.0,11.0,36.0,7.0,0.0,3.0,5.0,13.566921,10.0,3.0,-6.84
3.382,-7.42484,2.0139401,-0.38185328,31.616989,-0.83997089,5.091188,5.090848,-0.21605732,0.089745998,216.90184,0.80035031,-0.36143091,0.55630398,-0.51417506,0.7008304,1.5198462,12.397633,0.16949302,-7.798697,0.13990967,12.456367,0.03846154,3.0028267,1.6855333,-2.8587101,-0.5405674,31.524422,2.7120428,476.57022,-0.38915694,12.403226,14.50804,0.06051895,3.4834006,10.767294,96.556946,161.1037,18.181704,17.253929,2.7494881,0.050895836,26.595812,0.079093158,16.364449,227.09271,271.99908,-2.4469278,0.51095474,53.79726,10.076221,34.214371,-2.7016711,34.758167,0.67727059,3.1851196,0.11041819,138.54749,3.8586519,112.01617,103.53119,31.132803,15.192742,0.32272938,0.74967211,75.473625,72.70118,0.14545454,9857.0,19.0,19.558889,115.07654,13.292101,0.5,-3.472681,1.0,199.09843,3.2470167,2.0,0.14545454,21.504469,81.401527,718.896,3.472681,24.636847,91.0,85.0,0.25032786,143.17329,116.86082,27.258419,20.090487,11.184048,98.449257,513.94958,527.51648,264.0,38.11179,3.0,163.08315,54.0,168.46001,25.394459,19.89221,0.24540348,109.0,68.431854,79.41748,830.21643,20.0,14.0,106.0,176.14644,0.0,77.697189,703.66296,36.879158,8.0,703.66296,703.66296,8.0,81.401527,44.711407,158.78867,3.0,12.0,12.0,6.0,33.0,7.0,-0.003004888,6.7813597,34.0,1.0206618,55.0,77.697189,4.0,6.0,52.0,62.853844,0.001794105,13.0,11.0,39.0,7.0,0.0,3.0,5.0,13.566921,10.0,3.0,-7.0
5.2579999,-8.9842596,3.4286399,-0.38185328,31.616989,-0.83933777,6.630156,6.6298161,-0.21605732,0.089693435,293.73578,0.78788817,-0.34231907,0.55583495,-0.49114877,0.69823867,1.4788226,12.397657,0.1604785,-8.9596786,0.12837352,12.469925,0.0,3.004209,1.7730147,-2.8697319,-0.52219504,35.50639,2.7133369,539.8042,-0.38902336,14.309545,16.404322,0.058827173,3.5869923,12.275797,96.556946,174.50107,20.029993,17.49169,2.750622,0.05088548,26.822935,0.079016812,18.091703,227.09271,290.86749,-2.4674942,0.51089907,40.197308,11.067813,37.997784,-2.7234766,34.758167,0.70388103,3.2999105,0.10131373,205.19952,3.8430953,112.01617,103.53119,34.287502,19.603539,0.29611894,0.77031279,94.342026,81.446831,0.16949153,11626.0,21.0,21.39649,115.07654,14.288832,0.44999999,-3.4747162,0.81818181,265.75046,3.3529174,2.0,0.16949153,23.280592,81.401527,775.00397,3.4747162,26.458214,103.0,93.0,0.22968724,143.17329,129.23517,30.41312,21.908031,11.409931,98.449257,577.18359,590.75049,284.0,41.266491,3.0,167.06511,62.0,168.46001,28.54916,21.717131,0.23130681,121.0,49.992279,79.41748,904.32629,20.0,14.0,118.0,176.14644,0.0,77.697189,766.89691,18.439579,10.0,766.89691,766.89691,10.0,81.401527,48.664177,158.78867,3.0,12.0,12.0,6.0,37.0,7.0,-0.003004872,6.8826432,34.0,1.0206617,59.0,77.697189,4.0,6.0,56.0,67.264641,0.001794096,13.0,11.0,43.0,7.0,0.0,3.0,6.0,13.566921,11.0,4.0,-6.39
5.053,-9.4422903,3.3264101,-0.38207537,60.824585,-0.86051446,5.7168927,5.7168927,-0.21605732,0.092404567,250.72737,0.79356652,-0.37560141,0.58835423,-0.51717448,0.72058225,1.5080601,16.828035,0.16880937,-9.3017673,0.15870529,11.545495,0.13793103,3.0029812,1.3256936,-2.8847818,-0.5347532,33.019711,2.7123687,449.74597,-0.39743021,15.111003,18.416288,0.061183397,3.5079336,10.151166,20.299505,170.4108,20.327156,14.921803,2.7498386,0.1383221,29.949347,0.081421822,16.870022,277.99899,377.85818,-2.4404593,0.67152441,40.197308,9.8331203,34.900227,-2.6923032,3.1243138,0.61799943,3.2030313,0.10676431,133.30406,3.868335,115.49698,56.605217,33.625507,17.94949,0.3820006,0.73453039,56.605217,71.814384,0.14285715,13011.0,20.0,22.09762,162.50203,13.507714,0.41176471,-3.3727686,0.69999999,133.30406,3.2653215,3.0,0.14285715,23.082645,81.401527,789.97797,3.3727686,27.854284,90.0,94.0,0.26546961,143.17329,128.38562,30.526005,22.544523,11.513602,115.49698,534.55078,534.55078,302.0,41.345997,5.0,183.85065,55.0,181.60001,27.728804,22.386562,0.23050116,118.0,49.992279,90.053757,925.61615,17.0,14.0,113.0,193.19417,0.0,77.697189,727.745,18.439579,9.0,727.745,727.745,9.0,81.401527,47.478458,269.36487,3.0,22.0,21.0,6.0,39.0,6.0,0.0,6.9772801,44.0,1.0,63.0,77.697189,6.0,7.0,58.0,115.66087,0.0,13.0,12.0,45.0,6.0,4.7171016,5.0,6.0,0.0,10.0,4.0,-6.43
1.962,-6.5237899,0.78964001,-0.41803882,31.616989,-0.83913893,3.0080507,3.0077102,-0.22847043,0.091910779,171.68491,0.82245642,-0.39830515,0.57928383,-0.53807992,0.72267193,1.5660408,12.39738,0.18167551,-6.5759444,0.1688727,12.428604,0.020408163,3.0046024,1.4342732,-2.8533218,-0.5791406,31.524422,2.7117097,383.85388,-0.40546933,11.840277,13.945091,0.072320372,3.4166691,8.9248762,49.057533,148.77388,17.104275,15.533509,2.7507303,0.10956182,27.429697,0.081611291,14.469353,232.7753,290.86749,-2.4278061,0.62258309,33.497757,8.3722582,30.223806,-2.6775165,31.633854,0.62250358,3.1073134,0.15892322,71.895454,3.7728734,117.69875,37.736813,28.022453,10.781946,0.37749639,0.67220408,94.342026,62.635521,0.11320755,8418.0,16.0,17.968361,115.07654,11.254072,0.5,-3.3908887,1.0,66.652031,3.1774304,2.0,0.11320755,19.363039,81.401527,674.79901,3.3908887,23.494112,81.0,79.0,0.32779592,143.17329,106.24648,24.095284,18.557465,11.01543,104.13183,421.23322,414.50064,254.0,35.078411,3.0,163.08315,46.0,177.25,22.231321,18.338238,0.26099879,99.0,86.871437,97.42823,764.09033,18.0,14.0,95.0,202.12852,20.299505,77.697189,616.62915,55.318733,6.0,616.62915,616.62915,6.0,81.401527,40.190815,158.78867,3.0,12.0,12.0,6.0,30.0,7.0,-0.003005979,6.7279205,38.0,1.0206683,53.0,97.996689,5.0,6.0,49.0,76.453796,0.001794758,13.0,12.0,36.0,7.0,0.0,4.0,5.0,13.566921,9.0,3.0,-7.89
2.425,-6.22475,0.74286997,-0.39859664,15.808495,-0.83884484,2.6633782,2.6630378,-0.22376485,0.09509065,277.92728,0.82055563,-0.37630194,0.46974793,-0.51053888,0.60635304,1.5451804,9.3322697,0.15590008,-5.7078671,0.1796716,12.419037,0.021739131,2.9938297,1.9585382,-2.886791,-0.51618874,28.338846,2.6942689,453.98825,-0.33835414,11.273616,12.417923,0.069058873,3.4156601,10.321425,28.758026,148.33733,16.278255,13.327376,2.7405477,0.028194824,27.682663,0.084437564,15.052668,157.20685,164.91476,-2.4521418,0.41548741,33.497757,9.3347521,31.541624,-2.7038627,28.509541,0.74278778,3.112643,0.16033618,205.19952,3.7355042,123.38132,18.868406,27.721869,16.417963,0.25721222,0.65999222,75.473625,65.688347,0.14583333,7151.0,18.0,17.102631,33.825527,12.084192,0.5,-3.2773983,1.0,199.95609,3.1833451,3.0,0.14583333,19.40744,81.401527,642.79797,3.2773983,21.708525,86.0,75.0,0.34000778,143.17329,103.63365,23.015779,17.631907,10.829488,109.81441,410.11661,403.384,230.0,34.128662,4.0,163.08315,50.0,186.03999,21.877951,17.377476,0.26638746,98.0,68.431854,115.43898,721.94739,18.0,14.0,96.0,207.8111,20.299505,77.697189,611.19513,36.879158,7.0,611.19513,611.19513,7.0,81.401527,40.429688,70.572739,3.0,6.0,6.0,6.0,27.0,7.0,-0.003005473,6.5849624,28.0,1.0206653,48.0,97.996689,3.0,6.0,46.0,103.28614,0.001794455,13.0,13.0,33.0,7.0,0.0,2.0,5.0,13.566921,9.0,3.0,-8.52
1.585,-6.4864302,-0.18595999,-0.39000916,31.616989,-0.81959885,2.5917335,2.5913873,-0.22469662,0.078074716,198.88481,0.8282792,-0.39996728,0.60029596,-0.53807992,0.71273488,1.5781306,12.39691,0.18679208,-5.8993769,0.20273283,13.612382,0.10204082,2.9328907,1.955323,-2.8939016,-0.56543112,37.993073,2.6911931,378.9133,-0.40080184,11.422498,13.527312,0.076145865,3.3591995,10.771618,8.458519,153.07866,16.425978,13.19766,2.6823497,0.13795526,31.561914,0.080511905,16.17024,257.70737,215.39388,-2.431792,0.62281024,35.256725,10.968156,32.640781,-2.6828885,50.770454,0.59519476,3.0400004,0.16445625,171.8735,3.8004601,142.63083,37.736813,28.487299,15.192742,0.40480521,0.63281095,18.868406,62.181934,0.15686275,8596.0,20.0,18.05938,115.07654,14.743505,0.47058824,-3.4383497,0.8888889,166.63008,3.1220689,3.0,0.15686275,21.639183,81.401527,680.80298,3.4383497,23.136847,81.0,77.0,0.36718908,143.17329,106.62206,24.007343,18.622774,11.016082,129.0639,416.29263,402.8605,242.0,36.249985,4.0,169.55179,48.0,215.06,22.143381,18.381586,0.25355992,99.0,49.992279,158.83496,763.53357,17.0,14.0,97.0,233.76015,26.999058,77.697189,636.62067,18.439579,8.0,636.62067,636.62067,8.0,81.401527,43.404846,158.78867,3.0,12.0,12.0,6.0,29.0,8.0,-0.003007656,6.6724253,30.0,1.0206783,51.0,104.69624,3.0,6.0,49.0,116.88609,0.001795761,14.0,16.0,35.0,8.0,0.0,2.0,5.0,13.566921,9.0,3.0,-7.43
1.696,-6.0483098,0.06464,-0.40608495,31.616989,-0.8198384,2.4019058,2.4015594,-0.2270685,0.083422288,169.47636,0.82346338,-0.40583938,0.58965826,-0.53807992,0.71157181,1.5825058,12.39698,0.18120155,-5.7160411,0.19288501,12.378518,0.043478262,2.9306624,1.8939289,-2.8812034,-0.56022507,27.542452,2.6853828,354.64627,-0.40441683,10.631534,12.746386,0.074774936,3.2946153,9.778759,8.458519,142.42552,15.441693,12.742807,2.6816609,0.13581116,29.713451,0.086001031,15.091839,244.14044,215.39388,-2.4348552,0.63221025,26.798204,9.9644194,29.805708,-2.6836598,25.385227,0.59227479,2.9762814,0.19755982,138.54749,3.7494555,129.0639,37.736813,26.592491,15.192742,0.40772521,0.60955518,18.868406,57.809109,0.14583333,7379.0,19.0,16.999201,115.07654,13.683104,0.47058824,-3.2179329,0.8888889,133.30406,3.0541182,3.0,0.14583333,20.620119,81.401527,636.75,3.2179329,21.870319,74.0,72.0,0.39044484,143.17329,99.632889,22.55975,17.533915,10.832287,115.49698,392.02563,364.99353,226.0,33.802391,4.0,159.10117,44.0,194.83,20.695787,17.340509,0.26638746,92.0,68.431854,133.44974,719.39813,17.0,14.0,90.0,233.79318,40.59901,77.697189,598.78674,36.879158,7.0,598.78674,598.78674,7.0,81.401527,40.429688,158.78867,3.0,12.0,12.0,6.0,27.0,7.0,-0.003008189,6.5849624,30.0,1.0206814,48.0,118.2962,3.0,6.0,46.0,116.88609,0.001796079,13.0,14.0,33.0,7.0,0.0,2.0,5.0,13.566921,9.0,3.0,-8.05
0.61299998,-6.08289,-0.82205999,-0.39000916,31.616989,-0.81983507,2.043817,2.0434704,-0.22544535,0.078074761,167.26782,0.83746028,-0.40025687,0.60328478,-0.53807992,0.7127676,1.6046103,12.396913,0.18680871,-5.4078465,0.21332747,13.613392,0.10638298,2.9264202,1.9082209,-2.8891053,-0.56578875,37.993073,2.6911736,347.2963,-0.40189469,10.511814,12.616629,0.076151974,3.3071845,10.00829,8.458519,146.01955,15.515294,13.194234,2.6764362,0.13820785,31.553617,0.080511957,15.297917,257.70737,215.39388,-2.4300008,0.63603073,35.256725,10.468316,30.748606,-2.6801164,50.770454,0.57404,2.9834065,0.1730506,138.54749,3.7929447,142.63083,37.736813,26.909948,10.781946,0.42596,0.61362195,18.868406,57.809109,0.14285715,7794.0,19.0,17.142981,115.07654,14.269508,0.47058824,-3.4383476,0.8888889,133.30406,3.0684197,3.0,0.14285715,20.750725,81.401527,652.74896,3.4383476,22.226162,75.0,73.0,0.38637808,143.17329,100.43489,22.429993,17.714003,10.891458,129.0639,384.67566,371.24353,232.0,34.672634,4.0,169.55179,44.0,215.06,20.566031,17.462702,0.2619549,93.0,49.992279,158.83496,726.47864,17.0,14.0,91.0,233.76015,26.999058,77.697189,605.00366,18.439579,7.0,605.00366,605.00366,7.0,81.401527,41.421074,158.78867,3.0,12.0,12.0,6.0,27.0,8.0,-0.003007599,6.6147099,30.0,1.0206779,49.0,104.69624,3.0,6.0,47.0,112.4753,0.001795726,14.0,16.0,33.0,8.0,0.0,2.0,5.0,13.566921,9.0,3.0,-7.64
-0.296,-6.1187,-1.3274601,-0.39000916,31.616989,-0.82433629,1.3300828,1.3297356,-0.22815943,0.074679933,137.85938,0.84527618,-0.40189835,0.58002335,-0.53807992,0.71176893,1.634763,13.41045,0.18967351,-5.2363515,0.21032608,14.311496,0.0625,2.9161479,1.9065448,-2.879143,-0.57261419,31.524422,2.6908946,338.18735,-0.38988602,10.362932,12.522442,0.077351317,3.2815614,9.8608456,24.267014,148.76344,15.601012,13.368349,2.6658676,0.13821095,35.112667,0.076962627,15.435455,275.44986,234.26228,-2.4264972,0.63730466,33.497757,10.893591,30.664505,-2.6754508,25.385227,0.55111939,2.9470453,0.180801,105.22147,3.8006821,160.37331,37.736813,27.078091,10.781946,0.44888061,0.60887295,37.736813,57.013901,0.16,8296.0,20.0,17.356039,115.07654,15.257171,0.41176471,-3.5957134,0.69999999,99.978043,3.0412157,3.0,0.16,21.507786,94.968445,665.74799,3.5957134,22.709326,74.0,73.0,0.39112708,167.03551,100.8681,22.137098,18.012192,10.954798,129.0639,362.61719,373.62708,236.0,35.379742,4.0,186.94536,43.0,237.92,20.195787,17.698866,0.25768197,93.0,55.251064,166.34692,736.33209,17.0,14.0,91.0,240.01013,20.299505,90.646713,613.63721,18.439579,8.0,613.63721,613.63721,8.0,94.968445,42.4128,158.78867,3.0,12.0,12.0,7.0,26.0,8.0,-0.003009346,6.643856,30.0,1.0206883,50.0,110.94622,3.0,7.0,48.0,112.4753,0.001796771,15.0,16.0,33.0,8.0,32.897186,2.0,5.0,13.566921,10.0,3.0,-8.17
0.039999999,-5.8803501,-1.4611599,-0.41803211,31.616989,-0.81905723,1.7383902,1.7380432,-0.23155928,0.073426463,167.26782,0.84618843,-0.40961081,0.60814142,-0.53807992,0.70684385,1.6109431,12.396808,0.18684888,-5.2491837,0.22747082,14.831452,0.18367347,2.9287632,1.955323,-2.8976953,-0.56230438,44.46172,2.6911733,355.75482,-0.40567726,10.845147,12.949963,0.07823658,3.3383811,10.771618,8.458519,153.0396,16.106827,13.475921,2.6797256,0.09781716,33.303097,0.075735658,16.17024,271.27429,215.39388,-2.430424,0.58592379,37.015694,10.968156,32.640781,-2.6805763,76.155678,0.56736571,3.0092876,0.1776565,138.54749,3.8004601,156.19774,37.736813,27.934513,10.781946,0.43263429,0.59487271,18.868406,59.995522,0.15686275,8596.0,20.0,17.74366,115.07654,14.743505,0.47058824,-3.656014,0.8888889,133.30406,3.1017046,3.0,0.15686275,21.639183,81.401527,682.77496,3.656014,23.136847,79.0,77.0,0.40512732,143.17329,104.33047,23.007343,18.348471,11.016082,142.63083,393.13419,373.00247,242.0,36.249985,4.0,176.02045,46.0,235.28999,21.143381,18.066841,0.25355992,97.0,49.992279,184.22018,752.08661,17.0,14.0,95.0,254.02661,33.698608,77.697189,627.02911,18.439579,8.0,627.02911,627.02911,8.0,81.401527,43.404846,158.78867,3.0,12.0,12.0,6.0,28.0,9.0,-0.003009554,6.6724253,30.0,1.0206895,51.0,111.3958,3.0,6.0,49.0,112.4753,0.001796895,15.0,18.0,34.0,9.0,0.0,2.0,5.0,13.566921,9.0,3.0,-7.8
0.237,-5.7743602,-1.11896,-0.38729054,31.616989,-0.83745319,2.303247,2.3029001,-0.22169784,0.082276978,167.26782,0.83865583,-0.394678,0.59788126,-0.53807992,0.70392781,1.5979526,12.397036,0.18463781,-5.658638,0.20900281,14.855969,0.2,2.9305789,1.9885991,-2.8941467,-0.55363441,44.46172,2.691174,389.65427,-0.39982051,10.845147,12.949963,0.076782413,3.3686574,11.00205,42.357979,156.59937,16.49032,14.976532,2.6815395,0.041607603,32.201374,0.074021541,16.377058,265.59171,215.39388,-2.43067,0.54057634,57.315197,10.964476,33.589825,-2.6810772,79.279991,0.59466869,3.0399439,0.13902609,138.54749,3.7966616,150.51517,70.633995,28.881725,10.781946,0.40533131,0.6519711,18.868406,63.501938,0.15384616,8967.0,20.0,18.20639,115.07654,14.641428,0.47058824,-3.7398314,0.8888889,166.20125,3.1325598,3.0,0.15384616,21.777779,81.401527,696.802,3.7398314,23.547529,82.0,80.0,0.3480289,143.17329,107.42406,24.007343,18.802887,11.076845,136.94824,427.03363,427.20145,248.0,37.120228,4.0,176.02045,48.0,226.5,22.143381,18.522192,0.24958064,100.0,49.992279,166.20943,773.16339,17.0,14.0,98.0,228.04454,13.399102,77.697189,655.24597,18.439579,8.0,655.24597,655.24597,8.0,81.401527,44.39719,158.78867,3.0,12.0,12.0,6.0,29.0,9.0,-0.003009456,6.7004399,30.0,1.0206889,52.0,91.096291,3.0,6.0,50.0,94.464546,0.001796836,15.0,17.0,35.0,9.0,0.0,2.0,5.0,13.566921,9.0,3.0,-7.68
0.43399999,-5.6683698,-0.77675998,-0.38729054,31.616989,-0.83864945,2.8603888,2.8600421,-0.2189756,0.080485657,167.26782,0.83152306,-0.39365864,0.59788096,-0.52423638,0.70341367,1.5854471,12.397267,0.17716606,-6.0646181,0.1920597,14.882016,0.21568628,2.9343066,2.0230119,-2.8897073,-0.54644907,44.46172,2.6911774,423.55374,-0.3997196,10.845147,12.949963,0.070391715,3.4036314,11.233418,76.257439,160.13016,16.880665,16.517414,2.6855333,0.037871473,31.126049,0.071873926,16.586355,259.90912,215.39388,-2.4314222,0.53185147,64.014748,10.716219,34.540695,-2.6825063,82.404305,0.61971724,3.0763896,0.12348401,138.54749,3.7947075,144.8326,103.53119,29.828939,10.781946,0.38028273,0.68445629,18.868406,67.008347,0.1509434,9342.0,20.0,18.669121,115.07654,14.222222,0.47058824,-3.8236713,0.8888889,199.09843,3.1681774,3.0,0.1509434,21.922937,81.401527,710.82898,3.8236713,23.97505,85.0,84.0,0.31554371,143.17329,110.51765,25.007343,19.257305,11.135668,131.26567,460.93311,467.80048,254.0,37.990471,4.0,176.02045,50.0,217.71001,23.143381,18.980776,0.24573661,103.0,49.992279,148.19868,794.24017,17.0,14.0,101.0,215.66241,6.6995511,77.697189,683.46289,18.439579,8.0,683.46289,683.46289,8.0,81.401527,45.38982,158.78867,3.0,12.0,12.0,6.0,30.0,9.0,-0.003009454,6.7279205,30.0,1.0206889,53.0,84.396736,3.0,6.0,51.0,76.453796,0.001796835,15.0,16.0,36.0,9.0,0.0,2.0,5.0,13.566921,9.0,3.0,-8.15
