logP(o/w),logS,SlogP,h_logD,h_logP,BCUT_SMR_2,GCUT_SLOGP_1,SMR_VSA3,PEOE_RPC+,PEOE_VSA+1,GCUT_PEOE_0,a_ICM,vsa_other,PEOE_VSA_FPNEG,h_logS,GCUT_PEOE_1,SMR_VSA0,density,h_pstates,chi1v_C,PEOE_VSA_FHYD,PEOE_VSA_FPOL,SMR_VSA5,h_ema,h_log_pbo,PEOE_VSA_PNEG,balabanJ,BCUT_PEOE_1,rsynth,GCUT_SLOGP_0,Kier3,SlogP_VSA5,KierA1,KierA3,chi1_C,KierFlex,SMR_VSA1,vsa_acc,KierA2,BCUT_SLOGP_0,a_IC,vsa_pol,GCUT_SMR_3,h_pavgQ,PEOE_VSA+2,PEOE_VSA-5,chi1v,GCUT_SLOGP_3,GCUT_PEOE_3,h_emd_C,SlogP_VSA4,SlogP_VSA2,SlogP_VSA9,petitjean,Kier2,BCUT_SLOGP_3,PEOE_VSA+3,bpol,BCUT_SLOGP_1,VAdjEq,GCUT_SMR_0,petitjeanSC,VDistEq,PEOE_VSA+0,GCUT_PEOE_2,GCUT_SMR_1,h_pstrain,SlogP_VSA8,h_pKb,PEOE_VSA_HYD,GCUT_SMR_2,PEOE_VSA_POS,b_1rotR,BCUT_SMR_3,h_emd,b_double,VDistMa,SlogP_VSA0,BCUT_PEOE_3,chi0v,PEOE_PC-,PEOE_VSA_FPOS,GCUT_SLOGP_2,PEOE_VSA_FNEG,BCUT_SLOGP_2,BCUT_SMR_1,PEOE_RPC-,b_rotR,vsa_hyd,VAdjMa,BCUT_PEOE_2,apol,a_count,SlogP_VSA1,zagreb,chi0v_C,BCUT_SMR_0,weinerPol,SlogP_VSA7,opr_brigid,weinerPath,BCUT_PEOE_0,PEOE_VSA_POL,PEOE_VSA_NEG,b_count,h_mr,PEOE_PC+,b_max1len,radius,Weight,a_nN,PEOE_VSA+4,mr,SMR_VSA7,SMR_VSA6,Q_VSA_HYD,b_single,SMR,SlogP_VSA3,TPSA,Q_VSA_POS,chi0,vdw_vol,b_ar,chi0_C,opr_nrot,chi1,a_nH,Kier1,a_hyd,diameter,b_heavy,a_aro,PEOE_VSA-6,ast_fraglike,ast_violation_ext,a_nO,SMR_VSA2,PEOE_VSA-0,b_1rotN,vdw_area,a_nC,SMR_VSA4,b_rotN,PEOE_VSA_FPPOS,ast_fraglike_ext,a_heavy,ast_violation,PEOE_VSA_PPOS,PEOE_VSA-1,opr_nring,a_donacc,PEOE_VSA+6,PEOE_VSA-4,PEOE_VSA-3,lip_acc,rings,SlogP_VSA6,a_acc,a_nCl,h_pKa,FCharge,lip_don,a_base,logPapp
1.3396666816666667,-0.7881016823333334,0.7131116766666666,0.5926828266666666,1.182758105,0.33969270833333337,-0.2429325883333333,5.386802500000001,0.264776665,11.667910333333333,-0.84085526,1.3703004833333334,22.058474,0.11528826166666666,-1.2152669133333334,-0.28228651666666665,23.862217,0.7350496566666666,1.774210583333333,2.3127009166666666,0.8847117350000001,0.11528826166666666,33.77526266666667,3.7589026833333334,1.2318574616666667,18.30240016666667,2.9710026833333334,-0.29696859166666667,0.0,-1.1226301983333333,3.825617266666667,36.04192066666666,7.675086316666667,3.2296554166666667,2.532002633333333,3.2452286000000004,4.751590133333333,13.566921000000002,3.9072937500000005,-2.724444266666666,32.19509333333333,20.563553833333334,2.54839505,0.7385030300000001,59.12912550000001,13.566921000000002,3.4131737333333336,2.341102333333333,2.3170976500000005,2.83198645,3.4714599666666666,47.989407,45.308592033333326,0.43333334000000007,4.5916499,2.6525215,0.0,17.142898666666667,-0.224484082,0.7164182366666667,-0.52622986,0.7777777933333333,2.299854616666667,61.761617,-0.04591260816666667,-0.14122465333333334,0.8107413266666668,18.868406166666666,6.542576183333334,140.45739833333332,0.02608410116666667,132.55865666666665,0.40544872000000004,2.8795629333333337,3.6582095833333335,1.0,6.120225816666667,19.239829500000003,2.6236426,6.341296116666666,-0.55479721,0.8422214516666666,0.029952390666666665,0.15777854666666666,0.32230013,-0.13637296233333332,0.5477927850000001,0.40544872000000004,115.42597683333334,4.116739983333333,0.2536830625,24.277434500000002,23.5,0.5207189666666666,38.333333333333336,5.3673098999999995,-2.36749645,9.0,11.762123166666667,1.8333333333333333,120.5,-2.6284178666666667,18.30240016666667,26.201141666666672,22.833333333333332,3.8980823500000006,0.55479721,4.333333333333333,3.0,134.865165,1.0,0.0,4.0049723833333335,97.477096,3.0732631666666665,158.75979333333333,20.833333333333332,3.9317549333333335,3.0732631666666665,31.006666833333338,158.75979333333333,7.461501600000001,165.23682833333334,1.0,5.609354083333333,3.6666666666666665,4.48461905,14.0,8.866987166666666,6.333333333333333,5.333333333333333,8.833333333333334,1.0,0.0,1.0,0.8333333333333334,1.1666666666666667,17.94948966666667,5.637587833333334,3.5,158.75979333333333,7.333333333333333,0.0,3.5,0.0,0.16666666666666666,9.5,0.0,0.0,0.0,0.3333333333333333,3.1666666666666665,0.0,4.735480166666666,2.2611535000000003,2.1666666666666665,0.3333333333333333,0.0,2.1666666666666665,0.0,13.281705533333332,0.0,1.0,0.0,-5.79
1.1805000133333334,-0.6420866796666667,0.6231283433333333,0.406656765,0.9740093433333334,0.3152421783333333,-0.249832665,5.386802500000001,0.259691275,20.7010715,-0.8432543466666665,1.3877089333333332,22.058474,0.11271623999999998,-1.12246526,-0.2865855766666667,23.862217,0.7414396316666666,1.7989796666666666,2.218876133333333,0.887283755,0.11271623999999998,36.91999716666667,3.7692212166666663,1.2318576816666666,17.355304333333333,2.8033433333333337,-0.2800211183333333,0.0,-1.0915946633333333,3.2839506000000003,36.04192066666666,7.231935333333333,2.7549027833333333,2.43817785,2.85324335,5.2723091,13.566921000000002,3.5588785833333336,-2.7064618666666664,31.422234,19.616457999999998,2.546912116666667,0.7246617583333334,53.47921516666667,13.566921000000002,3.3581764,2.3316888166666665,2.3141887000000003,2.8826301666666665,2.7363272666666667,47.989407,34.1999202,0.450000005,4.20506555,2.653321116666667,0.0,16.634093833333335,-0.20369100733333334,0.7321375400000001,-0.5250383533333334,0.8333333450000001,2.23587785,54.22546,-0.05548830066666668,-0.135795945,0.7798007733333333,22.01314066666667,6.573346083333333,136.30449,0.015554454833333335,128.40574833333332,0.34294872000000004,2.8932102166666667,3.6045614666666665,1.0,6.064591166666666,16.238037833333333,2.635764116666667,6.138642233333333,-0.5641620533333334,0.8447934716666666,0.021059894666666665,0.15520652499999998,0.29768559833333336,-0.1139181455,0.53810395,0.34294872000000004,111.27307033333334,4.116739983333333,0.22642222166666662,23.539572500000002,22.666666666666668,1.0414379333333332,38.666666666666664,5.173453816666667,-2.3365287,8.833333333333334,11.762123166666667,2.6666666666666665,114.33333333333333,-2.6024079500000004,17.355304333333333,25.254045833333333,22.166666666666668,3.794046416666667,0.5641620533333334,3.8333333333333335,2.8333333333333335,132.19133166666666,1.0,0.0,3.89790385,86.368424,6.146526333333333,153.65979,20.166666666666668,3.8209099666666666,6.146526333333333,29.54166666666667,153.65979,7.246019366666666,161.24139833333334,1.0,5.415498016666667,3.3333333333333335,4.424723733333334,13.333333333333334,8.3878205,6.166666666666667,5.166666666666667,8.833333333333334,1.0,0.0,1.0,0.6666666666666666,1.1666666666666667,14.212565166666666,5.637587833333334,3.0,153.65979,7.166666666666667,0.0,3.0,0.0,0.3333333333333333,9.333333333333334,0.0,0.0,0.0,0.5,3.0,0.0,3.788384133333333,2.2611535000000003,2.1666666666666665,0.5,0.0,2.1666666666666665,0.0,13.281705533333332,0.0,0.8333333333333334,0.0,-7.05
1.3843333483333335,-0.809926679,0.7701450083333333,0.6351151916666667,1.234424105,0.31226695833333334,-0.24144228,5.386802500000001,0.2597834333333333,22.967730333333332,-0.8428395583333333,1.3649783,22.058474,0.10721646716666666,-1.2633194633333333,-0.27873851,23.862217,0.7321628750000001,1.7639859333333334,2.3127009166666666,0.8927835350000001,0.10721646716666666,33.77526266666667,3.770198166666667,1.2318575216666667,17.355304333333333,3.0199918333333335,-0.27135145833333335,0.0,-1.0906503666666667,3.8222839333333334,41.52478516666667,7.842482400000001,3.240234883333333,2.532002633333333,3.252317533333334,5.2723091,13.566921000000002,3.906573566666667,-2.7224870833333337,32.713566666666665,19.616457999999998,2.56318995,0.7431689616666667,53.47921516666667,13.566921000000002,3.4738321833333337,2.3551607666666663,2.3316111,2.8995066,3.4714599666666666,47.989407,45.308592033333326,0.43333334000000007,4.578454,2.6539496333333332,0.0,17.727300666666668,-0.20083866116666668,0.7102706933333334,-0.52624946,0.7777777933333333,2.3030817333333338,61.761617,-0.05608625566666666,-0.13353961533333333,0.8237996716666666,18.868406166666666,6.53048725,146.10730833333332,0.015554454833333333,138.20856666666666,0.39618946166666663,2.882475933333333,3.6214379,1.0,6.1749006,16.238037833333333,2.62613165,6.4991650666666665,-0.5639564483333334,0.8502932516666667,0.021059894666666665,0.14970675216666665,0.29768559833333336,-0.10618488499999999,0.5382962833333333,0.39618946166666663,121.07588683333331,4.14506085,0.22582426483333332,24.793032166666666,24.0,1.0414379333333332,39.333333333333336,5.5339765666666665,-2.3703868333333333,9.333333333333334,11.762123166666667,1.8333333333333333,125.33333333333333,-2.632113266666667,17.355304333333333,25.254045833333333,23.333333333333332,3.9738132999999998,0.5639564483333334,4.333333333333333,3.0,137.2029983333333,1.0,0.0,4.07835035,102.959961,3.0732631666666665,163.46260833333332,21.333333333333332,4.0088766,3.0732631666666665,29.541666666666668,163.46260833333332,7.606542116666667,168.74962166666666,1.0,5.77602075,3.6666666666666665,4.546732166666668,14.333333333333334,9.033653833333334,6.5,5.333333333333333,9.0,1.0,0.0,1.0,0.8333333333333334,1.1666666666666667,14.947697866666667,5.637587833333334,3.5,163.46260833333332,7.5,0.0,3.5,0.0,0.16666666666666666,9.666666666666666,0.0,0.0,0.0,0.3333333333333333,3.0,0.0,3.788384133333333,2.2611535000000003,2.1666666666666665,0.3333333333333333,0.0,2.1666666666666665,0.0,13.281705533333332,0.0,0.8333333333333334,0.0,-6.11
1.3843333483333335,-0.809926679,0.7701450083333333,0.6351151916666667,1.234424105,0.31226695833333334,-0.24144228,5.386802500000001,0.2597834333333333,22.967730333333332,-0.8428395583333333,1.3649783,22.058474,0.10721646716666666,-1.2633194633333333,-0.27873851,23.862217,0.7321628749999999,1.7639859333333334,2.3127009166666666,0.8927835350000001,0.10721646716666666,33.77526266666667,3.770198166666667,1.2318575216666667,17.355304333333333,3.0199918333333335,-0.27135145833333335,0.0,-1.0906503666666667,3.8222839333333334,41.52478516666667,7.842482400000001,3.240234883333333,2.532002633333333,3.252317533333333,5.2723091,13.566921000000002,3.906573566666667,-2.7224870833333337,32.713566666666665,19.616457999999998,2.56318995,0.7431689616666667,53.47921516666667,13.566921000000002,3.4738321833333337,2.3551607666666663,2.3316111,2.8995066,3.4714599666666666,47.989407,45.308592033333326,0.43333334000000007,4.578454,2.6539496333333332,0.0,17.727300666666668,-0.20083866116666668,0.7102706933333334,-0.52624946,0.7777777933333333,2.3030817333333338,61.761617,-0.05608625566666666,-0.13353961533333333,0.8237996716666666,18.868406166666666,6.53048725,146.10730833333332,0.015554454833333333,138.20856666666666,0.39618946166666663,2.882475933333333,3.6214379,1.0,6.1749006,16.238037833333333,2.62613165,6.4991650666666665,-0.5639564483333334,0.8502932516666667,0.021059894666666665,0.14970675216666665,0.29768559833333336,-0.10618488499999999,0.5382962833333333,0.39618946166666663,121.07588683333331,4.14506085,0.22582426483333332,24.793032166666666,24.0,1.0414379333333332,39.333333333333336,5.5339765666666665,-2.3703868333333333,9.333333333333334,11.762123166666667,1.8333333333333333,125.33333333333333,-2.632113266666667,17.355304333333333,25.254045833333333,23.333333333333332,3.9738132999999998,0.5639564483333334,4.333333333333333,3.0,137.2029983333333,1.0,0.0,4.07835035,102.959961,3.0732631666666665,163.46260833333332,21.333333333333332,4.0088766,3.0732631666666665,29.54166666666667,163.46260833333332,7.606542116666667,168.74962166666666,1.0,5.77602075,3.6666666666666665,4.546732166666668,14.333333333333334,9.033653833333334,6.5,5.333333333333333,9.0,1.0,0.0,1.0,0.8333333333333334,1.1666666666666667,14.947697866666667,5.637587833333334,3.5,163.46260833333332,7.5,0.0,3.5,0.0,0.16666666666666666,9.666666666666666,0.0,0.0,0.0,0.3333333333333333,3.0,0.0,3.788384133333333,2.2611535000000003,2.1666666666666665,0.3333333333333333,0.0,2.1666666666666665,0.0,13.281705533333332,0.0,0.8333333333333334,0.0,-6.12
1.3843333150000001,-0.8099266773333333,0.770145025,0.6355663966666666,1.2352139883333333,0.31500996833333333,-0.234983545,5.386802500000001,0.26213245333333335,20.332981166666666,-0.8428667283333334,1.3636970833333333,22.058474,0.10859049116666665,-1.26368758,-0.278382725,23.862217,0.731948765,1.7640778666666665,2.3127009166666666,0.89140951,0.10859049116666665,33.77526266666667,3.7702676999999998,1.2318575783333332,17.355304333333336,2.983366666666667,-0.278742495,0.0,-1.0910111566666667,3.8683333333333336,41.52478516666667,7.834311466666667,3.2755934833333336,2.532002633333333,3.2817614833333337,5.272309133333333,13.566921000000002,3.938867366666667,-2.7224805333333335,32.751411,19.616457833333335,2.5615910166666667,0.7457471400000001,53.47921483333334,13.566921000000002,3.4738321833333337,2.353317633333333,2.3312847333333333,2.9012147,3.4714599666666666,47.989407,45.308592033333326,0.43333334000000007,4.609300350000001,2.6582466166666667,0.0,17.727301,-0.20109812033333332,0.7117999999999999,-0.5277354833333333,0.7777777933333333,2.3058545500000003,64.39636616666667,-0.05680420616666667,-0.13497242166666668,0.8241115216666667,18.868406166666666,6.5282887,146.10730833333332,0.018106274500000002,138.208565,0.4017857166666667,2.8864070666666666,3.6184317333333333,1.0,6.157946416666667,16.238037833333333,2.6302181833333336,6.499164966666666,-0.563976405,0.8545188233333333,0.02021700883333333,0.145481175,0.29123550000000004,-0.11327069900000002,0.5429357316666666,0.4017857166666667,121.07588683333336,4.13455915,0.22885715249999997,24.793032166666666,24.0,1.0414379333333332,39.333333333333336,5.5339765666666665,-2.377641316666667,9.333333333333334,11.762123166666667,1.8333333333333333,129.83333333333334,-2.6392303,17.355304333333336,25.254045833333336,23.333333333333332,3.9738133833333333,0.563976405,4.333333333333333,3.0,137.203,1.0,0.0,4.078940800000001,102.959961,3.0732631666666665,163.46260833333335,21.333333333333332,4.0088765833333335,3.0732631666666665,29.541666666666668,163.46260833333335,7.6065422666666676,168.74962000000002,1.0,5.77602075,3.6666666666666665,4.546732183333334,14.333333333333334,9.032738,6.5,5.333333333333333,9.0,1.0,0.0,1.0,0.8333333333333334,1.1666666666666667,14.947698,5.637587833333334,3.5,163.46260833333335,7.5,0.0,3.5,0.0,0.16666666666666666,9.666666666666666,0.0,0.0,0.0,0.3333333333333333,3.0,0.0,3.788384133333333,2.2611535000000003,2.1666666666666665,0.3333333333333333,0.0,2.1666666666666665,0.0,13.281028749999999,0.0,0.8333333333333334,0.0,-5.89
1.429000015,-0.8317516756666667,0.8271783399999998,0.6775475566666667,1.286090105,0.2848412083333333,-0.23995197166666662,5.386802500000001,0.2547902016666667,34.26755033333333,-0.8448238566666667,1.3596561166666667,22.058474,0.09914467266666666,-1.3113720133333333,-0.27519050333333334,23.862217,0.7292760933333334,1.7537612833333334,2.3127009166666666,0.9008553350000001,0.09914467266666666,33.77526266666667,3.7814936500000003,1.2318575816666666,16.4082085,3.0689809833333332,-0.245734325,0.0,-1.0586705349999999,3.8189506000000004,47.00764966666667,8.009878483333333,3.25081435,2.532002633333333,3.259406466666667,5.793028066666667,13.566921000000002,3.9058533833333335,-2.7205299000000003,33.23204,18.66936216666667,2.57798485,0.7478348933333333,47.82930483333333,13.566921000000002,3.5344906333333337,2.3692192,2.3461245500000003,2.96702675,3.4714599666666666,47.989407,45.308592033333326,0.43333334000000007,4.5652581,2.6553777666666663,0.0,18.311702666666665,-0.1771932403333333,0.70412315,-0.5262690600000001,0.7777777933333333,2.30630885,61.761617,-0.06625990316666668,-0.12585457733333336,0.8368580166666667,18.868406166666666,6.518398316666666,151.7572183333333,0.005024808500000001,143.85847666666663,0.38693020333333333,2.885388933333333,3.5846662166666667,1.0,6.229575383333334,13.236246166666668,2.6286207000000004,6.657034016666667,-0.5731156866666668,0.8583650516666667,0.012167398666666667,0.14163495766666667,0.2730710666666667,-0.07599680766666667,0.5287997816666666,0.38693020333333333,126.72579683333333,4.1733817166666665,0.19796546716666663,25.308629833333338,24.5,1.5621569,40.333333333333336,5.7006432333333334,-2.3732772166666667,9.666666666666666,11.762123166666667,1.8333333333333333,130.16666666666666,-2.635808666666667,16.4082085,24.30695,23.833333333333332,4.04954425,0.5731156866666668,4.333333333333333,3.0,139.54083166666666,1.0,0.0,4.1517283166666665,108.44282600000001,3.0732631666666665,168.1654233333333,21.833333333333332,4.0859982666666665,3.0732631666666665,28.0766665,168.1654233333333,7.751582633333334,172.262415,1.0,5.942687416666666,3.6666666666666665,4.608845283333333,14.666666666666666,9.2003205,6.666666666666667,5.333333333333333,9.166666666666666,1.0,0.0,1.0,0.8333333333333334,1.1666666666666667,11.945906066666666,5.637587833333334,3.5,168.1654233333333,7.666666666666667,0.0,3.5,0.0,0.16666666666666666,9.833333333333334,0.0,0.0,0.0,0.3333333333333333,2.8333333333333335,0.0,2.8412881,2.2611535000000003,2.1666666666666665,0.3333333333333333,0.0,2.1666666666666665,0.0,13.281705533333332,0.0,0.6666666666666666,0.0,-6.02
1.428999981666667,-0.8317516739999999,0.8271783566666665,0.6779987616666666,1.2868799883333333,0.2875842183333333,-0.23349323666666666,5.386802500000001,0.25713922166666664,31.632801166666667,-0.8448510266666668,1.3583749,22.058474,0.10051869666666667,-1.31174013,-0.27483471833333334,23.862217,0.7290619833333333,1.7538532166666665,2.3127009166666666,0.8994813100000001,0.10051869666666667,33.77526266666667,3.781563183333333,1.2318576383333333,16.4082085,3.032355816666667,-0.25312536166666666,0.0,-1.059031325,3.865,47.00764966666666,8.00170755,3.2861729500000005,2.532002633333333,3.288850416666667,5.7930281,13.566921000000002,3.9381471833333337,-2.7205233500000006,33.26988433333333,18.669362,2.5763859166666667,0.7504130716666667,47.8293045,13.566921000000002,3.534490633333333,2.3673760666666666,2.3457981833333332,2.96873485,3.4714599666666666,47.989407,45.308592033333326,0.43333334000000007,4.5961044499999995,2.6596747499999998,0.0,18.311703,-0.1774526995,0.7056524566666665,-0.5277550833333333,0.7777777933333333,2.309081666666667,64.39636616666667,-0.06697785366666666,-0.12728738366666667,0.8371698666666666,18.868406166666666,6.5161997666666664,151.75721833333333,0.007576628166666664,143.85847499999997,0.3925264583333333,2.8893200666666665,3.58166005,1.0,6.2126212,13.236246166666668,2.6327072333333335,6.657033916666666,-0.5731356433333333,0.8625906233333334,0.011324512833333333,0.13740938049999998,0.2666209683333333,-0.08308262166666668,0.53343923,0.3925264583333333,126.72579683333333,4.162880016666667,0.2009983548333333,25.308629833333338,24.5,1.5621569,40.333333333333336,5.7006432333333334,-2.3805317,9.666666666666666,11.762123166666667,1.8333333333333333,134.66666666666666,-2.6429257,16.4082085,24.30695,23.833333333333332,4.0495443333333325,0.5731356433333333,4.333333333333333,3.0,139.54083333333332,1.0,0.0,4.152318766666666,108.44282600000001,3.0732631666666665,168.16542333333334,21.833333333333332,4.08599825,3.0732631666666665,28.076666499999998,168.16542333333334,7.751582783333333,172.26241333333334,1.0,5.942687416666666,3.6666666666666665,4.6088453000000005,14.666666666666666,9.199404666666666,6.666666666666667,5.333333333333333,9.166666666666666,1.0,0.0,1.0,0.8333333333333334,1.1666666666666667,11.945906200000001,5.637587833333334,3.5,168.16542333333334,7.666666666666667,0.0,3.5,0.0,0.16666666666666666,9.833333333333334,0.0,0.0,0.0,0.3333333333333333,2.8333333333333335,0.0,2.8412881,2.2611535000000003,2.1666666666666665,0.3333333333333333,0.0,2.1666666666666665,0.0,13.281028749999999,0.0,0.6666666666666666,0.0,-5.82
1.428999981666667,-0.8317516739999999,0.8271783566666665,0.6779987616666666,1.2868799883333333,0.2875842183333333,-0.23349323666666666,5.386802500000001,0.25713922166666664,31.632801166666667,-0.8448510266666668,1.3583749,22.058474,0.10051869666666667,-1.31174013,-0.27483471833333334,23.862217,0.7290619833333333,1.7538532166666665,2.3127009166666666,0.8994813100000001,0.10051869666666667,33.77526266666667,3.781563183333333,1.2318576383333333,16.4082085,3.032355816666667,-0.25312536166666666,0.0,-1.059031325,3.865,47.00764966666666,8.00170755,3.2861729500000005,2.532002633333333,3.288850416666667,5.7930281,13.566921000000002,3.9381471833333337,-2.7205233500000006,33.26988433333333,18.669362,2.5763859166666667,0.7504130716666667,47.8293045,13.566921000000002,3.534490633333333,2.3673760666666666,2.3457981833333332,2.96873485,3.4714599666666666,47.989407,45.308592033333326,0.43333334000000007,4.5961044499999995,2.6596747499999998,0.0,18.311703000000005,-0.1774526995,0.7056524566666665,-0.5277550833333333,0.7777777933333333,2.309081666666667,64.39636616666667,-0.06697785366666666,-0.12728738366666667,0.8371698666666666,18.868406166666666,6.5161997666666664,151.75721833333333,0.007576628166666664,143.85847499999997,0.3925264583333333,2.8893200666666665,3.58166005,1.0,6.2126212,13.236246166666668,2.6327072333333335,6.657033916666666,-0.5731356433333333,0.8625906233333334,0.011324512833333333,0.13740938049999998,0.2666209683333333,-0.08308262166666668,0.53343923,0.3925264583333333,126.72579683333333,4.162880016666667,0.2009983548333333,25.308629833333338,24.5,1.5621569,40.333333333333336,5.7006432333333334,-2.3805317,9.666666666666666,11.762123166666667,1.8333333333333333,134.66666666666666,-2.6429257,16.4082085,24.30695,23.833333333333332,4.0495443333333325,0.5731356433333333,4.333333333333333,3.0,139.54083333333332,1.0,0.0,4.152318766666667,108.44282600000001,3.0732631666666665,168.16542333333334,21.833333333333332,4.08599825,3.0732631666666665,28.0766665,168.16542333333334,7.751582783333333,172.26241333333334,1.0,5.942687416666666,3.6666666666666665,4.6088453000000005,14.666666666666666,9.199404666666666,6.666666666666667,5.333333333333333,9.166666666666666,1.0,0.0,1.0,0.8333333333333334,1.1666666666666667,11.945906200000001,5.637587833333334,3.5,168.16542333333334,7.666666666666667,0.0,3.5,0.0,0.16666666666666666,9.833333333333334,0.0,0.0,0.0,0.3333333333333333,2.8333333333333335,0.0,2.8412881,2.2611535000000003,2.1666666666666665,0.3333333333333333,0.0,2.1666666666666665,0.0,13.281028749999999,0.0,0.6666666666666666,0.0,-5.88
1.4736666483333334,-0.8535766706666666,0.8842116883333332,0.7204311266666666,1.3385459883333333,0.26015846833333334,-0.23200292833333333,5.386802500000001,0.25214599000000004,42.93262116666667,-0.8468353250000001,1.3530527166666666,22.058474,0.09244690216666666,-1.35979268,-0.2712867116666667,23.862217,0.7261752016666666,1.7436285666666664,2.3127009166666666,0.9075531100000002,0.09244690216666666,33.77526266666667,3.792858666666667,1.2318576983333334,15.46111266666667,3.081344966666667,-0.2275082283333333,0.0,-1.0270514933333332,3.861666666666667,52.490514166666664,8.169103633333334,3.296752416666667,2.532002633333333,3.29593935,6.313747066666667,13.566921000000002,3.937427,-2.718566166666667,33.78835766666666,17.722266166666667,2.5911808166666668,0.7550790033333334,42.17939416666667,13.566921000000002,3.5951490833333337,2.3814344999999997,2.360311633333333,3.036255,3.4714599666666666,47.989407,45.308592033333326,0.43333334000000007,4.58290855,2.661102883333333,0.0,18.896105000000002,-0.15380727866666666,0.6995049133333332,-0.5277746833333333,0.7777777933333333,2.3123087833333336,64.39636616666667,-0.07715150116666668,-0.11960234566666668,0.8502282116666667,18.868406166666666,6.504110833333332,157.4071283333333,-0.0029530181666666683,149.50838499999998,0.3832672,2.8922330666666665,3.5448883666666666,1.0,6.267295983333334,10.2344545,2.6351962833333338,6.8149028666666664,-0.5822948816666668,0.8706624233333334,0.002432016833333333,0.129337586,0.24200643666666669,-0.05289454433333334,0.5239427283333333,0.3832672,132.37570683333334,4.191200883333333,0.17313955716666665,25.824227500000003,25.0,2.0828758666666665,41.333333333333336,5.8673098999999995,-2.383422083333333,10.0,11.762123166666667,1.8333333333333333,139.5,-2.6466211000000004,15.46111266666667,23.35985416666667,24.333333333333332,4.125275283333333,0.5822948816666668,4.333333333333333,3.0,141.87866666666665,1.0,0.0,4.225696733333334,113.92569100000001,3.0732631666666665,172.86823833333332,22.333333333333332,4.163119916666666,3.0732631666666665,26.611666333333332,172.86823833333332,7.896623300000001,175.7752066666667,1.0,6.109354083333333,3.6666666666666665,4.670958416666667,15.0,9.366071333333332,6.833333333333333,5.333333333333333,9.333333333333334,1.0,0.0,1.0,0.8333333333333334,1.1666666666666667,8.9441144,5.637587833333334,3.5,172.86823833333332,7.833333333333333,0.0,3.5,0.0,0.16666666666666666,10.0,0.0,0.0,0.0,0.3333333333333333,2.6666666666666665,0.0,1.8941920666666665,2.2611535000000003,2.1666666666666665,0.3333333333333333,0.0,2.1666666666666665,0.0,13.281028749999999,0.0,0.5,0.0,-6.24
1.429000015,-0.8317516756666667,0.8271783399999998,0.6775475566666667,1.286090105,0.2848412083333333,-0.23995197166666662,5.386802500000001,0.2547902016666667,34.26755033333333,-0.8448238566666667,1.3596561166666667,22.058474,0.09914467266666666,-1.3113720133333333,-0.27519050333333334,23.862217,0.7292760933333334,1.7537612833333334,2.3127009166666666,0.9008553350000001,0.09914467266666666,33.77526266666667,3.7814936500000003,1.2318575816666666,16.4082085,3.0689809833333332,-0.245734325,0.0,-1.0586705349999999,3.8189506000000004,47.00764966666667,8.009878483333333,3.25081435,2.532002633333333,3.259406466666667,5.793028066666667,13.566921000000002,3.9058533833333335,-2.7205299000000003,33.23204,18.66936216666667,2.57798485,0.7478348933333333,47.82930483333333,13.566921000000002,3.5344906333333337,2.3692192,2.3461245500000003,2.96702675,3.4714599666666666,47.989407,45.308592033333326,0.43333334000000007,4.5652581,2.6553777666666663,0.0,18.311702666666665,-0.1771932403333333,0.70412315,-0.52626906,0.7777777933333333,2.30630885,61.761617,-0.06625990316666668,-0.12585457733333336,0.8368580166666667,18.868406166666666,6.518398316666667,151.7572183333333,0.005024808500000001,143.85847666666663,0.38693020333333333,2.885388933333333,3.5846662166666667,1.0,6.229575383333334,13.236246166666668,2.6286207000000004,6.657034016666667,-0.5731156866666668,0.8583650516666667,0.012167398666666667,0.14163495766666667,0.2730710666666667,-0.07599680766666667,0.5287997816666666,0.38693020333333333,126.72579683333333,4.1733817166666665,0.19796546716666663,25.308629833333338,24.5,1.5621569,40.333333333333336,5.7006432333333334,-2.3732772166666667,9.666666666666666,11.762123166666667,1.8333333333333333,130.16666666666666,-2.635808666666667,16.4082085,24.30695,23.833333333333332,4.04954425,0.5731156866666668,4.333333333333333,3.0,139.54083166666666,1.0,0.0,4.1517283166666665,108.44282600000001,3.0732631666666665,168.16542333333334,21.833333333333332,4.0859982666666665,3.0732631666666665,28.0766665,168.16542333333334,7.751582633333334,172.262415,1.0,5.942687416666666,3.6666666666666665,4.608845283333333,14.666666666666666,9.2003205,6.666666666666667,5.333333333333333,9.166666666666666,1.0,0.0,1.0,0.8333333333333334,1.1666666666666667,11.945906066666666,5.637587833333334,3.5,168.16542333333334,7.666666666666667,0.0,3.5,0.0,0.16666666666666666,9.833333333333334,0.0,0.0,0.0,0.3333333333333333,2.8333333333333335,0.0,2.8412881,2.2611535000000003,2.1666666666666665,0.3333333333333333,0.0,2.1666666666666665,0.0,13.281705533333332,0.0,0.6666666666666666,0.0,-5.42
1.269833346666667,-0.6857366730000001,0.7371950066666666,0.49152149500000003,1.0773413433333334,0.26039067833333335,-0.24685204833333332,5.386802500000001,0.2497048116666667,43.300711500000006,-0.8472229433333333,1.3770645666666665,22.058474,0.096572651,-1.21857036,-0.27948956333333336,23.862217,0.7356660683333334,1.7785303666666668,2.218876133333333,0.9034273550000002,0.096572651,36.91999716666667,3.791812183333333,1.2318578016666668,15.461112666666665,2.9013216333333336,-0.22878685166666668,0.0,-1.0276349999999999,3.2772839333333335,47.00764966666667,7.5667275,2.7760617166666663,2.43817785,2.867421216666667,6.313747033333333,13.566921000000002,3.5574382166666667,-2.7025475,32.45918066666667,17.722266333333334,2.576501916666667,0.7339936216666668,42.1793945,13.566921000000002,3.4794933,2.359805683333333,2.3432156,3.0176704666666665,2.7363272666666667,47.989407,34.1999202,0.450000005,4.17867375,2.656177383333333,0.0,17.802897833333336,-0.15640016566666667,0.7198424533333334,-0.5250775533333333,0.8333333450000001,2.242332083333334,54.22546,-0.07583559566666666,-0.120425869,0.8059174633333334,22.01314066666667,6.549168216666666,147.60430999999997,-0.005504837833333327,139.70556833333333,0.32443020333333333,2.899036216666667,3.5310180999999994,1.0,6.173940733333333,10.2344545,2.6407422166666668,6.454380133333333,-0.5824805300000001,0.8609370716666667,0.0032749026666666673,0.139062936,0.248456535,-0.05354199083333333,0.5191109466666667,0.32443020333333333,122.57289033333332,4.1733817166666665,0.1707046263333333,24.570767833333335,23.666666666666668,2.0828758666666665,40.666666666666664,5.50678715,-2.342309466666667,9.5,11.762123166666667,2.6666666666666665,124.0,-2.6097987500000004,15.461112666666665,23.35985416666667,23.166666666666668,3.945508316666667,0.5824805300000001,3.8333333333333335,2.8333333333333335,136.86699833333333,1.0,0.0,4.044659783333333,97.33415400000001,6.146526333333333,163.06542,21.166666666666668,3.9751533,6.146526333333333,26.611666333333336,163.06542,7.5361004,168.266985,1.0,5.74883135,3.3333333333333335,4.548949966666667,14.0,8.721153833333334,6.5,5.166666666666667,9.166666666666666,1.0,0.0,1.0,0.6666666666666666,1.1666666666666667,8.208981566666667,5.637587833333334,3.0,163.06542,7.5,0.0,3.0,0.0,0.3333333333333333,9.666666666666666,0.0,0.0,0.0,0.5,2.6666666666666665,0.0,1.8941920666666665,2.2611535000000003,2.1666666666666665,0.5,0.0,2.1666666666666665,0.0,13.281705533333332,0.0,0.5,0.0,-5.95
1.4736666816666668,-0.8535766723333333,0.8842116716666667,0.7199799216666668,1.3377561049999998,0.2574154583333333,-0.23846166333333332,5.386802500000001,0.24979697,45.56737033333332,-0.8468081549999998,1.354333933333333,22.058474,0.09107287816666666,-1.3594245633333335,-0.2716424966666667,23.862217,0.7263893116666668,1.743536633333333,2.3127009166666666,0.9089271349999999,0.09107287816666666,33.77526266666667,3.792789133333334,1.2318576416666667,15.461112666666665,3.1179701333333334,-0.22011719166666666,0.0,-1.0266907033333335,3.815617266666667,52.490514166666664,8.177274566666666,3.2613938166666667,2.532002633333333,3.2664954,6.313747033333333,13.566921000000002,3.9051332,-2.718572716666667,33.75051333333334,17.722266333333334,2.59277975,0.7525008249999999,42.1793945,13.566921000000002,3.5951490833333337,2.3832776333333334,2.3606380000000002,3.0345469,3.4714599666666666,47.989407,45.308592033333326,0.43333334000000007,4.5520622,2.6568058999999997,0.0,18.89610466666667,-0.1535478195,0.6979756066666667,-0.52628866,0.7777777933333333,2.309535966666667,61.761617,-0.07643355066666667,-0.11816953933333334,0.8499163616666666,18.868406166666666,6.506309383333332,157.4071283333333,-0.005504837833333327,149.50838666666667,0.377670945,2.888301933333333,3.547894533333333,1.0,6.284250166666666,10.2344545,2.63110975,6.814902966666668,-0.582274925,0.8664368516666666,0.0032749026666666673,0.1335631631666667,0.248456535,-0.045808730333333325,0.51930328,0.377670945,132.37570683333334,4.201702583333333,0.17010666949999997,25.824227500000003,25.0,2.0828758666666665,41.333333333333336,5.8673098999999995,-2.3761676,10.0,11.762123166666667,1.8333333333333333,135.0,-2.639504066666667,15.461112666666665,23.35985416666667,24.333333333333332,4.1252752,0.582274925,4.333333333333333,3.0,141.87866499999998,1.0,0.0,4.225106283333333,113.92569100000001,3.0732631666666665,172.86823833333335,22.333333333333332,4.163119933333333,3.0732631666666665,26.611666333333336,172.86823833333335,7.89662315,175.77520833333332,1.0,6.109354083333333,3.6666666666666665,4.6709584,15.0,9.366987166666666,6.833333333333333,5.333333333333333,9.333333333333334,1.0,0.0,1.0,0.8333333333333334,1.1666666666666667,8.944114266666666,5.637587833333334,3.5,172.86823833333335,7.833333333333333,0.0,3.5,0.0,0.16666666666666666,10.0,0.0,0.0,0.0,0.3333333333333333,2.6666666666666665,0.0,1.8941920666666665,2.2611535000000003,2.1666666666666665,0.3333333333333333,0.0,2.1666666666666665,0.0,13.281705533333332,0.0,0.5,0.0,-5.73
1.5183333150000002,-0.8754016673333332,0.9412450200000001,0.7628634916666668,1.3902119883333333,0.2327327183333333,-0.23051261999999997,5.386802500000001,0.24715275833333336,54.23244116666666,-0.8488196233333335,1.3477305333333334,22.058474,0.08437510766666666,-1.4078452300000002,-0.267738705,23.862217,0.7232884199999999,1.7334039166666664,2.3127009166666666,0.91562491,0.08437510766666666,33.77526266666667,3.8041541500000005,1.2318577583333334,14.514016833333335,3.130334116666667,-0.201891095,0.0,-0.9950716616666667,3.858333333333334,57.97337866666666,8.336499716666667,3.3073318833333336,2.532002633333333,3.303028283333333,6.8344660333333325,13.566921000000002,3.9367068166666663,-2.716608983333334,34.306831,16.77517033333333,2.605975716666667,0.7597449350000001,36.52948383333333,13.566921000000002,3.655807533333333,2.3954929333333332,2.3748250833333335,3.10377515,3.4714599666666666,47.989407,45.308592033333326,0.43333334000000007,4.56971265,2.6625310166666667,0.0,19.480507000000003,-0.13016185783333334,0.6933573699999999,-0.5277942833333333,0.7777777933333333,2.3155359,64.39636616666667,-0.08732514866666667,-0.11191730766666667,0.8632865566666665,18.868406166666666,6.492021899999998,163.05703833333334,-0.013482664500000005,155.15829499999998,0.3740079416666666,2.895146066666667,3.5081166833333337,1.0,6.3219707666666665,7.232662833333333,2.6376853333333337,6.972771816666666,-0.59145412,0.8787342233333333,-0.006460479166666667,0.12126579149999998,0.21739190500000002,-0.022706467000000004,0.5144462266666666,0.3740079416666666,138.02561683333337,4.219521749999999,0.1452807595,26.339825166666667,25.5,2.603594833333333,42.333333333333336,6.0339765666666665,-2.386312466666667,10.333333333333334,11.762123166666667,1.8333333333333333,144.33333333333334,-2.6503165,14.514016833333335,22.412758333333333,24.833333333333332,4.201006233333334,0.59145412,4.333333333333333,3.0,144.21649999999997,1.0,0.0,4.2990747,119.40855600000002,3.0732631666666665,177.57105333333334,22.833333333333332,4.240241583333333,3.0732631666666665,25.146666166666666,177.57105333333334,8.041663816666667,179.288,1.0,6.27602075,3.6666666666666665,4.733071533333334,15.333333333333334,9.532738,7.0,5.333333333333333,9.5,1.0,0.0,1.0,0.8333333333333334,1.1666666666666667,5.9423226,5.637587833333334,3.5,177.57105333333334,8.0,0.0,3.5,0.0,0.16666666666666666,10.166666666666666,0.0,0.0,0.0,0.3333333333333333,2.5,0.0,0.9470960333333333,2.2611535000000003,2.1666666666666665,0.3333333333333333,0.0,2.1666666666666665,0.0,13.281028749999999,0.0,0.3333333333333333,0.0,-5.82
1.2251666800000003,-0.6639116763333334,0.6801616749999999,0.44908912999999995,1.0256753433333334,0.2878164283333333,-0.24834235666666662,5.386802500000001,0.2546980433333333,32.0008915,-0.8452386449999999,1.38238675,22.058474,0.1046444455,-1.17051781,-0.28303757,23.862217,0.73855285,1.7887550166666664,2.218876133333333,0.8953555550000001,0.1046444455,36.91999716666667,3.7805166999999997,1.2318577416666667,16.4082085,2.8523324833333334,-0.254403985,0.0,-1.0596148316666667,3.280617266666667,41.52478516666667,7.399331416666667,2.76548225,2.43817785,2.860332283333334,5.793028066666667,13.566921000000002,3.5581584,-2.7045046833333335,31.940707333333332,18.66936216666667,2.561707016666667,0.7293276900000002,47.82930483333333,13.566921000000002,3.41883485,2.34574725,2.3287021500000002,2.9501503166666665,2.7363272666666667,47.989407,34.1999202,0.450000005,4.19186965,2.65474925,0.0,17.218495833333332,-0.1800455865,0.7259899966666667,-0.5250579533333334,0.8333333450000001,2.239104966666667,54.22546,-0.06566194816666666,-0.128110907,0.7928591183333333,22.01314066666667,6.561257149999999,141.95439999999996,0.005024808500000001,134.0556583333333,0.33368946166666663,2.896123216666666,3.567789783333333,1.0,6.11926595,13.236246166666668,2.638253166666667,6.296511183333333,-0.5733212916666667,0.8528652716666666,0.012167398666666667,0.1471347305,0.2730710666666667,-0.08373006816666667,0.5286074483333333,0.33368946166666663,116.92298033333333,4.14506085,0.19856342399999996,24.05517016666667,23.166666666666668,1.5621569,39.666666666666664,5.340120483333333,-2.3394190833333335,9.166666666666666,11.762123166666667,2.6666666666666665,119.16666666666667,-2.60610335,16.4082085,24.30695,22.666666666666668,3.8697773666666664,0.5733212916666667,3.8333333333333335,2.8333333333333335,134.52916499999998,1.0,0.0,3.971281816666666,91.85128900000001,6.146526333333333,158.36260499999997,20.666666666666668,3.8980316333333334,6.146526333333333,28.0766665,158.36260499999997,7.391059883333334,164.75419166666666,1.0,5.582164683333333,3.3333333333333335,4.48683685,13.666666666666666,8.554487166666666,6.333333333333333,5.166666666666667,9.0,1.0,0.0,1.0,0.6666666666666666,1.1666666666666667,11.210773366666666,5.637587833333334,3.0,158.36260499999997,7.333333333333333,0.0,3.0,0.0,0.3333333333333333,9.5,0.0,0.0,0.0,0.5,2.8333333333333335,0.0,2.8412881,2.2611535000000003,2.1666666666666665,0.5,0.0,2.1666666666666665,0.0,13.281705533333332,0.0,0.6666666666666666,0.0,-6.54
1.4246666650000002,-0.922230014,0.8423950083333334,0.7245104799999998,1.286979455,0.32597329999999997,-0.23854421666666667,4.4414265166666675,0.26324048166666664,13.901094166666667,-0.84474036,1.3656199999999998,22.058474,0.11893623833333333,-1.35024493,-0.2793000116666667,23.862217,0.7318908483333333,1.78239955,2.4099231333333333,0.8810637633333332,0.11893623833333333,36.715794499999994,3.6116314166666665,1.459519545,19.249496500000003,2.9024857166666664,-0.28428776333333333,0.16666666666666666,-1.1226378483333332,3.669238683333333,36.04192066666666,7.6433733,3.09692895,2.6708915500000003,3.1341172500000005,0.5207189666666666,13.566921000000002,3.830864516666667,-2.7245796499999995,32.8071755,19.249496500000003,2.5694053333333335,0.7122869700000001,57.71937166666667,13.566921000000002,3.5564614666666667,2.361102633333333,2.3337955666666668,2.766879583333333,3.3999887166666665,50.786994666666665,44.43468733333333,0.43333334000000007,4.5405173,2.65140415,0.0,17.43509966666667,-0.215973652,0.7115260666666666,-0.5261955166666666,0.7777777933333333,2.3108032833333336,70.03395466666667,-0.04714446483333334,-0.139205635,0.7725830683333333,18.868406166666666,6.589889633333333,141.65442499999997,0.022632117833333337,141.65442499999997,0.3958333333333333,2.8800787166666666,3.6967459666666667,1.0,6.1911096500000005,15.008958333333334,2.6247233500000005,6.529652183333333,-0.56066196,0.8810637633333332,0.027421867333333332,0.11893623833333333,0.3098549483333333,-0.125481574,0.5446013683333334,0.3958333333333333,118.88415516666669,4.166666666666667,0.24158114416666665,25.024900333333335,24.0,0.5207189666666666,41.0,5.54686825,-2.366956866666667,9.666666666666666,15.488836999999998,2.5,139.33333333333334,-2.6269883000000003,19.249496500000003,19.249496500000003,23.5,4.048808116666667,0.56066196,4.333333333333333,3.0,138.70483166666665,1.1666666666666667,0.0,4.1552219500000005,97.477096,3.0732631666666665,160.903915,20.833333333333332,4.101619983333333,3.0732631666666665,30.266666333333337,160.903915,7.626762266666667,170.967295,1.6666666666666667,5.823430283333333,3.6666666666666665,4.663365683333334,14.166666666666666,8.934895833333334,6.666666666666667,5.333333333333333,9.333333333333334,1.5,0.0,1.0,0.8333333333333334,1.0,20.747078000000002,0.0,3.5,160.903915,7.666666666666667,0.7861836000000001,3.5,0.0,0.16666666666666666,9.833333333333334,0.0,0.0,0.0,0.5,3.0,0.0,5.682576133333334,0.0,2.1666666666666665,0.5,0.0,2.0,0.0,14.0,0.0,1.0,0.0,-5.48
1.2654999966666667,-0.7762150113333334,0.752411675,0.5384844183333333,1.0782306933333334,0.30152277,-0.2454442933333333,4.4414265166666675,0.25815509166666667,22.934255333333336,-0.8471394466666666,1.38302845,22.058474,0.11636421666666667,-1.2574432766666666,-0.28359907166666665,23.862217,0.7382808233333332,1.8071686333333332,2.31609835,0.8836357833333333,0.11636421666666667,39.860529,3.62194995,1.4595197649999998,18.302400666666667,2.734826366666667,-0.26734029,0.16666666666666666,-1.0916023133333332,3.1275720166666665,36.04192066666666,7.200222316666667,2.6221763166666667,2.577066766666667,2.7421320000000002,1.0414379333333332,13.566921000000002,3.48244935,-2.7065972499999997,32.03431616666666,18.302400666666667,2.5679224,0.6984456983333334,52.06946133333333,13.566921000000002,3.5014641333333336,2.3516891166666665,2.3308866166666666,2.8175233,2.6648560166666666,50.786994666666665,33.3260155,0.450000005,4.15393295,2.6522037666666667,0.0,16.926294833333333,-0.19518057733333335,0.72724537,-0.5250040100000001,0.8333333450000001,2.2468265166666668,62.49779766666666,-0.05672015733333335,-0.13377692666666666,0.741642515,22.01314066666667,6.620659533333332,137.50151666666665,0.012102471500000002,137.50151666666665,0.3333333333333333,2.8937259999999996,3.64309785,1.0,6.135475,12.007166666666668,2.636844866666667,6.3269983,-0.5700268033333333,0.8836357833333333,0.018529371333333332,0.11636421666666667,0.28524041666666666,-0.10302675716666666,0.5349125333333333,0.3333333333333333,114.73124866666667,4.166666666666667,0.21432030333333332,24.28703833333334,23.166666666666668,1.0414379333333332,41.333333333333336,5.353012166666667,-2.3359891166666666,9.5,15.488836999999998,3.3333333333333335,133.16666666666666,-2.6009783833333335,18.302400666666667,18.302400666666667,22.833333333333332,3.9447721833333333,0.5700268033333333,3.8333333333333335,2.8333333333333335,136.03099833333332,1.1666666666666667,0.0,4.048153416666667,86.368424,6.146526333333333,155.80391166666666,20.166666666666668,3.990775016666667,6.146526333333333,28.801666166666667,155.80391166666666,7.411280033333333,166.971865,1.6666666666666667,5.629574216666666,3.3333333333333335,4.603470366666667,13.5,8.455729166666666,6.5,5.166666666666667,9.333333333333334,1.5,0.0,1.0,0.6666666666666666,1.0,17.0101535,0.0,3.0,155.80391166666666,7.5,0.7861836000000001,3.0,0.0,0.3333333333333333,9.666666666666666,0.0,0.0,0.0,0.6666666666666666,2.8333333333333335,0.0,4.7354801,0.0,2.1666666666666665,0.6666666666666666,0.0,2.0,0.0,14.0,0.0,0.8333333333333334,0.0,-6.72
1.4246666650000002,-0.765504994,0.8423950083333334,0.55633329,1.155970055,0.31861906999999995,-0.23774261666666666,4.4414265166666675,0.26323952666666667,13.901094166666667,-0.844486505,1.3656199999999998,22.058474,0.11893623833333333,-1.29985248,-0.27573797666666666,23.862217,0.7318908483333333,1.7426876,2.4373438833333334,0.8810637633333332,0.11893623833333333,36.715794499999994,3.613679116666667,1.4595196350000001,19.249496500000003,2.9992444666666667,-0.27680033833333334,0.16666666666666666,-1.1228058483333334,2.8592387333333336,36.04192066666666,7.6433733,2.39331735,2.69831245,3.1341172500000005,0.5207189666666666,13.566921000000002,3.830864516666667,-2.7364568499999997,32.8071755,19.249496500000003,2.5797597333333333,0.730181865,57.71937166666667,13.566921000000002,3.5838822166666673,2.3662120833333335,2.3438619666666667,2.7801217333333335,3.3999887166666665,50.786994666666665,44.43468733333333,0.43333334000000007,4.5405173,2.64873565,0.0,17.43509966666667,-0.206387177,0.7115260666666666,-0.5254953116666666,0.7777777933333333,2.2660910833333334,70.03395466666667,-0.05079769883333334,-0.137474455,0.8236479183333332,18.868406166666666,6.542857733333332,141.65442499999997,0.019208769333333334,141.65442499999997,0.3958333333333333,2.8864349666666667,3.7107098166666668,1.0,6.199565150000001,15.008958333333334,2.6312784500000004,6.529652183333333,-0.56066235,0.8810637633333332,0.024418616333333334,0.11893623833333333,0.3048766333333333,-0.11888543750000001,0.5446009183333332,0.3958333333333333,118.88415516666669,4.166666666666667,0.23455772916666665,25.024900333333335,24.0,0.5207189666666666,41.0,5.54686825,-2.3704678166666664,10.666666666666666,15.488836999999998,2.5,137.33333333333334,-2.63060845,19.249496500000003,19.249496500000003,23.5,4.048808116666667,0.56066235,4.333333333333333,3.0,138.70483166666665,1.1666666666666667,0.0,4.1602569,97.477096,3.0732631666666665,160.903915,20.833333333333332,4.101619983333333,3.0732631666666665,30.266666333333337,160.903915,7.626762266666667,170.967295,1.6666666666666667,5.823430283333333,3.6666666666666665,4.690786433333334,14.166666666666666,8.934895833333334,6.666666666666667,5.333333333333333,9.333333333333334,1.5,0.0,1.0,0.8333333333333334,1.0,20.747078000000002,0.0,3.5,160.903915,7.666666666666667,0.7861836000000001,3.5,0.0,0.16666666666666666,9.833333333333334,0.0,0.0,0.0,0.5,3.0,0.0,5.682576133333334,0.0,2.1666666666666665,0.5,0.0,2.0,0.0,14.0,0.0,1.0,0.0,-6.39
0.9096666666666667,-0.562629999,0.47751833500000007,-0.030119964999999988,0.91463006,0.5503943733333333,-0.28758887499999997,6.5813930166666665,0.24132514500000002,19.170592499999998,-0.8443338183333333,1.4355017166666668,22.058474,0.13405308166666666,-1.321274485,-0.3346873533333334,23.862217,0.7589302866666666,1.9133084999999996,2.4564421666666667,0.86594691,0.13405308166666666,69.26583666666666,4.155562383333334,2.481174065,21.510650166666665,2.5007439166666665,-0.41348235833333336,0.3333333333333333,-1.1577950816666667,3.2316743833333335,42.33139,7.444087833333334,2.5265251166666665,3.0375799666666663,2.8831129500000006,4.751590133333333,13.566921000000002,3.9565755333333334,-2.7263902499999997,34.142671166666666,24.467731666666666,2.5419902833333334,0.7792602216666666,59.98603033333334,13.566921000000002,3.7140549333333333,2.297165216666667,2.2917128833333336,3.2084621166666665,1.52131625,51.8651025,5.554335833333333,0.46428571499999993,5.026363466666666,2.5222773166666665,2.5263451666666668,16.049690833333333,-0.3789780936666667,0.6898846133333333,-0.513868045,0.875,2.4534592666666666,31.616989499999992,0.03572032766666666,-0.1809336016666667,1.2982846366666665,15.723671666666666,6.350872566666666,143.34070999999997,0.10056614500000001,113.29995833333332,0.3561508,2.8308561500000002,4.488464799999999,1.0,6.462726533333332,24.722694500000003,2.5734988666666667,6.609690333333333,-0.62868003,0.6976200333333334,0.07816416833333334,0.30237997833333335,0.5073554683333334,-0.283764672,0.4846706,0.3561508,117.61336033333332,4.357867483333333,0.4514774358333334,25.737309,23.833333333333332,0.5207189666666666,46.666666666666664,5.456145833333334,-2.298185633333333,11.5,44.894143333333325,4.5,180.66666666666666,-2.5642427,21.510650166666665,51.551403,23.666666666666668,4.34780735,0.62868003,4.166666666666667,3.3333333333333335,150.53716333333332,1.3333333333333333,0.0,4.465585750000001,58.596743833333335,6.146526333333333,164.85135666666665,19.0,4.385923300000001,6.146526333333333,37.974999833333335,164.85135666666665,8.1114174,183.47648666666666,3.6666666666666665,5.974752166666666,3.8333333333333335,5.244130150000001,13.0,9.296006833333331,7.333333333333333,6.166666666666667,10.666666666666666,3.5,0.0,1.0,0.6666666666666666,1.1666666666666667,17.806546666666666,27.083671666666664,3.6666666666666665,164.85135666666665,8.333333333333334,6.269047933333333,3.6666666666666665,0.0,0.3333333333333333,10.833333333333334,0.0,0.0,0.0,0.8333333333333334,3.6666666666666665,0.0,7.943729433333334,0.0,2.5,0.8333333333333334,0.0,2.3333333333333335,0.0,14.0,0.0,1.5,0.0,-7.1
0.8115000166666667,-0.36782167899999996,0.33905666833333337,0.23679201500000002,0.7607309683333333,0.42360412,-0.2698165133333333,5.2540702,0.263800125,14.302659499999999,-0.8410858516666666,1.4437212833333335,22.058474,0.13476405333333333,-0.9967427143333333,-0.3087774566666666,23.862217,0.7528868816666666,1.8450337666666663,1.8812274733333334,0.865235935,0.13476405333333333,42.188448,3.751312966666667,1.742683625,18.30240016666667,2.5174002833333335,-0.35341420333333334,0.3333333333333333,-1.1225871816666666,3.3282214333333333,39.186655333333334,6.398626316666667,2.516016,2.2634200100000004,2.5136782333333336,4.751590133333333,13.566921000000002,3.3732589166666664,-2.6985662,28.879402,20.563553833333334,2.395858233333333,0.6949957016666667,61.395784833333344,13.566921000000002,2.9925132666666667,2.1381791999999997,2.1537174166666673,2.931286883333333,1.7969910333333334,47.325745000000005,17.536912366666666,0.4714285733333334,4.3072710333333335,2.4700777333333335,0.0,14.227679449999998,-0.2925653636666667,0.759071945,-0.5116328266666667,0.9027777816666666,2.216389066666667,28.246059666666667,-0.016128192166666666,-0.15806299000000001,0.7199059316666667,9.434203166666666,6.635458,125.38508183333333,0.05555420150000001,103.94450516666667,0.3610042783333334,2.7918577666666664,3.7661285166666665,1.0,5.746036066666666,19.239829500000003,2.5295187,5.5696699999999995,-0.559322435,0.7473785333333334,0.05462523433333333,0.252621465,0.39757811,-0.19602698249999997,0.5428658633333333,0.3610042783333334,100.35366,3.93455505,0.3274038208333333,21.325987,20.166666666666668,0.5207189666666666,35.666666666666664,4.595683816666667,-2.265518183333333,8.166666666666666,26.464776333333333,2.8333333333333335,115.66666666666667,-2.537171316666667,18.30240016666667,39.742977333333336,19.666666666666668,3.550527133333334,0.559322435,3.8333333333333335,2.8333333333333335,124.16983216666665,1.0,0.0,3.666338083333333,69.70541583333333,6.146526333333333,143.6874791666667,16.666666666666668,3.573988283333333,6.146526333333333,31.006666833333338,143.6874791666667,6.810897583333333,151.55278383333334,2.0,4.958750216666667,3.0,4.231328350000001,11.333333333333334,7.880876,5.666666666666667,5.333333333333333,8.333333333333334,2.0,0.0,1.0,0.5,1.1666666666666667,15.744091166666669,19.179423666666665,2.8333333333333335,143.6874791666667,6.666666666666667,0.0,2.8333333333333335,0.0,0.5,8.833333333333334,0.0,0.0,0.0,0.5,3.1666666666666665,0.0,4.735480166666666,2.2611535000000003,2.1666666666666665,0.5,0.0,2.1666666666666665,0.0,13.281705533333332,0.0,1.0,0.0,-8.3
0.970666685,-0.5138366816666666,0.4290400016666666,0.4228180766666667,0.9694797299999999,0.44805465,-0.2629164366666667,5.2540702,0.268885515,5.269498333333334,-0.838686765,1.4263128333333333,22.058474,0.137336075,-1.0895443676666667,-0.3044783966666666,23.862217,0.7464969066666667,1.8202646833333336,1.9750522566666666,0.8626639150000001,0.137336075,39.043713499999996,3.740994433333333,1.742683405,19.249495999999997,2.6850596333333336,-0.37036167666666664,0.3333333333333333,-1.1536227166666666,3.8698881000000003,39.186655333333334,6.8417773,2.990768633333333,2.3572447933333334,2.9056634833333335,4.230871166666667,13.566921000000002,3.7216740833333333,-2.7165486,29.652261333333332,21.510649666666666,2.3973411666666666,0.7088369733333334,67.04569516666668,13.566921000000002,3.0475106000000003,2.1475927166666664,2.1566263666666665,2.880643166666666,2.5321237333333335,47.325745000000005,28.6455842,0.45476190833333335,4.693855383333333,2.4692781166666666,0.0,14.736484283333333,-0.3133584383333333,0.7433526416666666,-0.5128243333333333,0.84722223,2.2803658333333336,35.78221666666667,-0.006552499666666667,-0.16349169833333335,0.750846485,6.289468666666667,6.6046881,129.53799016666665,0.06608384783333333,108.0974135,0.4235042783333334,2.7782104833333334,3.8197766333333334,1.0,5.801670716666667,22.241621166666665,2.5173971833333333,5.772323883333333,-0.5499575916666667,0.7448065133333334,0.06351773033333334,0.2551934866666667,0.42219264166666665,-0.21848179933333334,0.5525546983333333,0.4235042783333334,104.5065665,3.93455505,0.35466466166666666,22.063849,21.0,0.0,35.333333333333336,4.7895399,-2.2964859333333334,8.333333333333334,26.464776333333333,2.0,121.83333333333333,-2.5631812333333337,19.249495999999997,40.69007316666667,20.333333333333332,3.654563066666667,0.5499575916666667,4.333333333333333,3.0,126.84366549999999,1.0,0.0,3.773406616666666,80.81408783333333,3.0732631666666665,148.7874825,17.333333333333332,3.68483325,3.0732631666666665,32.471667000000004,148.7874825,7.026379816666666,155.54821383333334,2.0,5.152606283333333,3.3333333333333335,4.291223666666667,12.0,8.360042666666667,5.833333333333333,5.5,8.333333333333334,2.0,0.0,1.0,0.6666666666666666,1.1666666666666667,19.481015666666668,19.179423666666665,3.3333333333333335,148.7874825,6.833333333333333,0.0,3.3333333333333335,0.0,0.3333333333333333,9.0,0.0,0.0,0.0,0.3333333333333333,3.3333333333333335,0.0,5.6825762,2.2611535000000003,2.1666666666666665,0.3333333333333333,0.0,2.1666666666666665,0.0,13.281705533333332,0.0,1.1666666666666667,0.0,-7.62
0.9454999813333332,-0.43329666899999997,0.510156685,0.3688543133333333,0.919289685,0.36113203833333335,-0.2513767066666666,5.2540702,0.25080349333333335,42.93262116666667,-0.8470806483333334,1.4179450833333334,22.058474,0.10591515166666667,-1.1424156883333334,-0.2929330366666667,23.862217,0.7404874883333333,1.8177771666666664,1.8812274733333334,0.8940848533333333,0.10591515166666667,42.188448,3.785280066666667,1.7426838533333333,15.46111266666667,2.6132412000000005,-0.3011141333333333,0.3333333333333333,-1.0273518733333333,3.624506183333333,55.63524883333333,6.885076366666667,2.837595183333333,2.2634200100000004,2.5437900333333334,6.313747066666667,13.566921000000002,3.3627214833333334,-2.6943670833333333,30.542099333333336,17.722266166666667,2.4524480499999997,0.7155307533333333,44.44605333333333,13.566921000000002,3.1733470999999995,2.2013391666666666,2.21246935,3.1352374,1.7969910333333334,47.325745000000005,17.536912366666666,0.4714285733333334,4.2015264666666665,2.5089551833333332,0.0,15.980886500000002,-0.22133511383333335,0.7406842899999999,-0.5166787316666667,0.9027777816666666,2.2383458666666667,33.515558,-0.04546427716666666,-0.13662745033333334,0.7568848516666667,9.434203166666666,6.595273966666666,142.33481216666667,0.03278920333333333,120.89423383333333,0.3364011066666667,2.820563,3.642575366666667,1.0,5.923878916666666,10.2344545,2.5571563666666672,6.043276616666667,-0.5869091933333334,0.7920563533333334,0.03191150266666667,0.20794364333333334,0.33461647166666664,-0.1325980005,0.51982067,0.3364011066666667,117.30339,4.025275133333333,0.2650342241666666,22.872780000000002,21.666666666666668,2.0828758666666665,38.666666666666664,5.095683816666667,-2.30394405,9.0,26.464776333333333,2.8333333333333335,135.0,-2.5772456333333333,15.46111266666667,36.90168933333334,21.166666666666668,3.777720083333333,0.5869091933333334,3.8333333333333335,2.8333333333333335,131.1833323333333,1.0,0.0,3.887531166666667,86.15401083333334,6.146526333333333,157.79592333333335,18.166666666666668,3.8053533499999994,6.146526333333333,26.611666333333332,157.79592333333335,7.246019366666666,162.09116000000003,2.0,5.458750299999999,3.0,4.414861566666667,12.333333333333334,8.378891833333332,6.166666666666667,5.333333333333333,8.833333333333334,2.0,0.0,1.0,0.5,1.1666666666666667,6.738716166666667,19.179423666666665,2.8333333333333335,157.79592333333335,7.166666666666667,0.0,2.8333333333333335,0.0,0.5,9.333333333333334,0.0,0.0,0.0,0.5,2.6666666666666665,0.0,1.8941920666666665,2.2611535000000003,2.1666666666666665,0.5,0.0,2.1666666666666665,0.0,13.281028749999999,0.0,0.5,0.0,-6.46
0.9454999833333334,-0.4332966706666666,0.5101566816666666,0.36547044999999995,0.917306435,0.3704335633333333,-0.26037716166666663,5.2540702,0.25163259666666665,42.93262116666667,-0.8470920133333334,1.4258722166666669,22.058474,0.11301537883333333,-1.1416351976666668,-0.29531232,23.862217,0.7444777699999999,1.8156189333333332,1.8812274733333334,0.8869846283333335,0.11301537883333333,42.188448,3.785338566666667,1.742683835,15.46111266666667,2.5929260833333334,-0.30830303333333337,0.3333333333333333,-1.0273695516666668,3.3989506000000005,55.63524883333334,6.8832920500000006,2.609216333333333,2.2634200100000004,2.5925485666666668,6.313747066666667,13.566921000000002,3.4325479666666663,-2.6926812333333334,30.483763333333332,17.722266166666667,2.4375110666666666,0.7141639300000001,44.446053500000005,13.566921000000002,3.174488616666667,2.1777713666666667,2.1971654166666665,3.1372674999999997,1.7969910333333334,47.325745000000005,17.536912366666666,0.4714285733333334,4.3216639,2.4840234833333334,0.0,15.98088611666667,-0.2325436995,0.7431994566666668,-0.5146654116666667,0.9027777816666666,2.231210766666667,33.515558,-0.04062201299999999,-0.13864066866666666,0.7590246283333334,9.434203166666666,6.595048816666665,142.33481183333333,0.0369157735,120.89423349999998,0.3438085133333333,2.8084925166666665,3.6498094833333337,1.0,5.87933875,10.2344545,2.5451998000000002,6.043276666666666,-0.5868400633333334,0.7849561283333334,0.035897253166666664,0.21504387049999998,0.34119276166666673,-0.14155016683333335,0.519952465,0.3438085133333333,117.30339,3.9999413333333336,0.27368683983333336,22.872780000000002,21.666666666666668,2.0828758666666665,38.666666666666664,5.095683816666667,-2.288706283333333,9.166666666666666,26.464776333333333,2.8333333333333335,137.83333333333334,-2.5624726,15.46111266666667,36.90168933333334,21.166666666666668,3.777720066666667,0.5868400633333334,3.8333333333333335,2.8333333333333335,131.18333216666664,1.0,0.0,3.8872355666666674,86.15401083333334,6.146526333333333,157.79592416666665,18.166666666666668,3.8053533333333327,6.146526333333333,26.611666333333336,157.79592416666665,7.246019283333333,162.0911605,2.0,5.458750299999999,3.0,4.417667716666666,12.333333333333334,8.378891833333332,6.166666666666667,5.333333333333333,8.833333333333334,2.0,0.0,1.0,0.5,1.1666666666666667,6.738716033333334,19.179423666666665,2.8333333333333335,157.79592416666665,7.166666666666667,0.0,2.8333333333333335,0.0,0.5,9.333333333333334,0.0,0.0,0.0,0.5,2.6666666666666665,0.0,1.8941920666666665,2.2611535000000003,2.1666666666666665,0.5,0.0,2.1666666666666665,0.0,13.281028749999999,0.0,0.5,0.0,-6.81
0.9455000146666667,-0.4332966673333334,0.5101566683333334,0.3678770283333333,0.9174790483333334,0.33078733833333335,-0.25181701333333334,5.2540702,0.24799127833333334,48.20211949999999,-0.8469852316666665,1.4150240500000002,22.058474,0.09900509866666667,-1.14156545,-0.2947570533333333,23.862217,0.73791073,1.8171743166666665,1.8812274733333334,0.9009948983333332,0.09900509866666667,42.188448,3.7851051499999997,1.7426838333333334,15.461112666666665,2.69850125,-0.26817029,0.16666666666666666,-1.0266171816666667,3.4915548,55.63524883333333,6.903574483333333,2.741786383333333,2.2634200100000004,2.4889791,6.313747033333333,13.566921000000002,3.301314233333333,-2.6948071166666665,30.528222666666665,17.722266333333334,2.4647709499999997,0.7101379250000001,44.446053666666664,13.566921000000002,3.1733471333333334,2.2179944999999996,2.2222754166666667,3.1314297166666663,1.7969910333333334,47.325745000000005,17.536912366666666,0.4714285733333334,4.13761255,2.509443183333333,0.0,15.980886166666666,-0.2075976511666667,0.7360426583333334,-0.5148802216666667,0.9027777816666666,2.2397396833333336,28.246059666666667,-0.05262496533333333,-0.13232502833333334,0.7560141283333334,9.434203166666666,6.600197883333333,142.33481166666664,0.019385892333333335,120.89423499999998,0.3239672433333333,2.8190412166666667,3.6494872333333332,1.0,5.9817871333333335,10.2344545,2.5548992666666663,6.0432768,-0.5868693083333334,0.7831374966666665,0.023658593333333335,0.21686251033333334,0.31656603333333333,-0.09549299666666666,0.514244505,0.3239672433333333,117.30338966666666,4.060369683333334,0.23396873033333332,22.872779833333336,21.666666666666668,2.0828758666666665,38.666666666666664,5.095683866666667,-2.2981393666666667,9.0,26.464776333333333,2.8333333333333335,125.0,-2.572037966666667,15.461112666666665,36.901689833333336,21.166666666666668,3.777719983333333,0.5868693083333334,3.8333333333333335,2.8333333333333335,131.18333033333332,1.0,0.0,3.8873146333333337,86.15401033333335,6.146526333333333,157.79592166666666,18.166666666666668,3.8053532833333334,6.146526333333333,26.611666333333336,157.79592166666666,7.246019283333333,162.09116333333333,2.0,5.458750249999999,3.0,4.414861566666667,12.333333333333334,8.380875999999999,6.166666666666667,5.333333333333333,8.833333333333334,2.0,0.0,1.0,0.5,1.1666666666666667,6.738716033333334,19.179423666666665,2.8333333333333335,157.79592166666666,7.166666666666667,0.0,2.8333333333333335,0.0,0.5,9.333333333333334,0.0,0.0,0.0,0.5,2.6666666666666665,0.0,1.8941920666666665,2.2611535000000003,2.1666666666666665,0.5,0.0,2.1666666666666665,0.0,13.281705533333332,0.0,0.5,0.0,-7.15
1.149333349666667,-0.6011366666666667,0.6571733333333333,0.5963354550000001,1.17789381,0.32781211833333335,-0.24342662833333337,5.2540702,0.24808343666666668,50.468778333333326,-0.8465704433333333,1.3922934166666667,22.058474,0.09350532583333332,-1.2824196533333334,-0.2869099866666666,23.862217,0.7286339733333334,1.7821805833333333,1.9750522566666666,0.9064946783333333,0.09350532583333332,39.043713499999996,3.7860821000000002,1.7426836733333335,15.461112666666665,2.91514975,-0.25950063,0.16666666666666666,-1.025672885,4.029888133333334,61.11811333333333,7.51412155,3.227118483333333,2.3572447933333334,2.888053283333333,6.313747033333333,13.566921000000002,3.6490092166666668,-2.710832333333333,31.81955533333333,17.722266333333334,2.4810487833333332,0.7286451283333335,44.446053666666664,13.566921000000002,3.2890029166666666,2.24146645,2.2396978166666663,3.14830615,2.5321237333333335,47.325745000000005,28.6455842,0.45476190833333335,4.511001,2.5100716999999997,0.0,17.074093,-0.20474530500000002,0.7141758116666667,-0.5160913283333334,0.84722223,2.3069435666666664,35.78221666666667,-0.05322292033333333,-0.13006869866666668,0.8000130266666666,6.289468666666667,6.5573390499999995,152.13762999999997,0.019385892333333335,130.69705333333332,0.377207985,2.808306933333333,3.666363666666667,1.0,6.092096566666666,10.2344545,2.5452668,6.403799633333333,-0.5866637033333334,0.7886372766666666,0.023658593333333335,0.21136273749999998,0.31656603333333333,-0.08775973616666666,0.5144368383333333,0.377207985,127.10620616666665,4.08869055,0.23337077350000002,24.1262395,23.0,2.0828758666666665,39.333333333333336,5.456206616666666,-2.3319975000000004,9.5,26.464776333333333,2.0,136.0,-2.6017432833333336,15.461112666666665,36.901689833333336,22.333333333333332,3.9574868666666667,0.5866637033333334,4.333333333333333,3.0,136.194997,1.0,0.0,4.067761133333334,102.74554733333333,3.0732631666666665,167.59874,19.333333333333332,3.993319916666667,3.0732631666666665,26.611666333333336,167.59874,7.606542033333334,169.59938666666667,2.0,5.819272983333332,3.3333333333333335,4.5368699999999995,13.333333333333334,9.026709333333333,6.5,5.5,9.0,2.0,0.0,1.0,0.6666666666666666,1.1666666666666667,7.473848733333334,19.179423666666665,3.3333333333333335,167.59874,7.5,0.0,3.3333333333333335,0.0,0.3333333333333333,9.666666666666666,0.0,0.0,0.0,0.3333333333333333,2.6666666666666665,0.0,1.8941920666666665,2.2611535000000003,2.1666666666666665,0.3333333333333333,0.0,2.1666666666666665,0.0,13.281705533333332,0.0,0.5,0.0,-6.03
0.900833348,-0.4114716706666666,0.4531233366666667,0.32544466333333333,0.8658130483333334,0.3582130883333334,-0.25330732166666664,5.2540702,0.25298451000000005,36.9022995,-0.8450009333333334,1.4203462333333334,22.058474,0.10707689316666667,-1.0935129,-0.29830505999999996,23.862217,0.7407975116666666,1.8273989666666666,1.8812274733333334,0.8929230983333335,0.10707689316666667,42.188448,3.773809666666667,1.7426837733333336,16.4082085,2.6495121,-0.29378742333333335,0.16666666666666666,-1.0585970133333331,3.4948881333333337,50.15238433333334,6.7361784,2.7312069166666664,2.2634200100000004,2.4818901666666666,5.793028066666667,13.566921000000002,3.302034416666667,-2.6967643,30.009749333333332,18.66936216666667,2.4499760499999996,0.7054719933333334,50.095964,13.566921000000002,3.1126886833333334,2.203936066666666,2.207761966666667,3.0639095666666663,1.7969910333333334,47.325745000000005,17.536912366666666,0.4714285733333334,4.15080845,2.5080150499999996,0.0,15.396484166666667,-0.23124307200000002,0.7421902016666667,-0.5148606216666667,0.9027777816666666,2.2365125666666668,28.246059666666667,-0.042451317833333335,-0.14001006633333335,0.7429557833333335,9.434203166666666,6.612286816666667,136.68490166666663,0.029915538666666668,115.24432499999999,0.3332265016666667,2.8161282166666664,3.6862589166666666,1.0,5.927112350000001,13.236246166666668,2.552410216666667,5.88540785,-0.5777100700000001,0.7750656966666667,0.03255108933333333,0.22493430483333332,0.341180565,-0.12568107399999998,0.5237410066666667,0.3332265016666667,111.65347966666666,4.032048816666666,0.261827528,22.35718216666667,21.166666666666668,1.5621569,37.666666666666664,4.9290172,-2.2952489833333334,8.666666666666666,26.464776333333333,2.8333333333333335,120.16666666666667,-2.568342566666667,16.4082085,37.848785666666664,20.666666666666668,3.7019890333333336,0.5777100700000001,3.8333333333333335,2.8333333333333335,128.845497,1.0,0.0,3.8139366666666668,80.67114533333334,6.146526333333333,153.09310666666667,17.666666666666668,3.7282316166666667,6.146526333333333,28.0766665,153.09310666666667,7.1009787666666675,158.57837,2.0,5.292083583333333,3.0,4.352748450000001,12.0,8.214209333333333,6.0,5.333333333333333,8.666666666666666,2.0,0.0,1.0,0.5,1.1666666666666667,9.740507833333334,19.179423666666665,2.8333333333333335,153.09310666666667,7.0,0.0,2.8333333333333335,0.0,0.5,9.166666666666666,0.0,0.0,0.0,0.5,2.8333333333333335,0.0,2.8412881,2.2611535000000003,2.1666666666666665,0.5,0.0,2.1666666666666665,0.0,13.281705533333332,0.0,0.6666666666666666,0.0,-7.47
1.1365000146666668,-0.6168400056666666,0.62415667,0.5392380066666668,1.0817044199999999,0.35821300166666664,-0.25192878,5.2540702,0.25298423666666664,36.9022995,-0.8449740016666666,1.4006067333333334,22.058474,0.10300249716666666,-1.2452199766666667,-0.29797152666666665,23.862217,0.7368760333333334,1.8251359666666669,2.1135352683333335,0.8969975033333334,0.10300249716666666,45.33318233333333,3.7736661333333337,1.7426839316666667,16.4082085,2.7233051666666674,-0.29374811666666667,0.16666666666666666,-1.05863664,3.79711035,50.15238433333334,7.239071850000001,3.032014716666667,2.4957278,2.755941716666667,5.793028066666667,13.566921000000002,3.5842589166666667,-2.7034947333333332,31.593055000000003,18.66936216666667,2.5011234666666664,0.7064689116666667,50.095964,13.566921000000002,3.344996483333334,2.267959433333333,2.2600479166666667,3.08576715,2.5321237333333335,47.325745000000005,23.091248366666665,0.4547619083333334,4.433992816666667,2.549689633333333,0.0,16.489691000000004,-0.23121266299999998,0.7216878733333333,-0.5177899516666666,0.84722223,2.3050464666666666,36.150306666666665,-0.042451299500000005,-0.13997881733333334,0.7458935883333333,12.5789375,6.6096039,144.58915,0.029915538666666668,123.14857333333333,0.35174502,2.8351974500000003,3.7081165000000005,1.0,6.106188066666667,13.236246166666668,2.57319725,6.266150716666666,-0.57771017,0.7791401016666666,0.03255108933333333,0.2208599088333333,0.341180565,-0.12568107033333334,0.5237409166666667,0.35174502,119.557728,4.1295425833333335,0.2618275448333333,23.90397516666667,22.666666666666668,1.5621569,40.0,5.3097599833333335,-2.31567505,9.333333333333334,26.464776333333333,2.8333333333333335,133.66666666666666,-2.5858045833333336,16.4082085,37.848785666666664,22.166666666666668,3.9291818999999997,0.57771017,4.0,3.0,135.85899866666665,1.0,0.0,4.042287016666667,86.225482,6.146526333333333,160.997355,19.166666666666668,3.9579149499999997,6.146526333333333,28.0766665,160.997355,7.481721566666668,167.84210666666667,2.0,5.672826366666666,3.3333333333333335,4.585056233333334,13.0,8.714209333333333,6.5,5.5,9.166666666666666,2.0,0.0,1.0,0.6666666666666666,1.1666666666666667,10.475640533333333,19.179423666666665,3.1666666666666665,160.997355,7.5,0.0,3.1666666666666665,0.0,0.3333333333333333,9.666666666666666,0.0,0.0,0.0,0.5,2.8333333333333335,0.0,2.8412881,2.2611535000000003,2.1666666666666665,0.5,0.0,2.1666666666666665,0.0,13.281705533333332,0.0,0.6666666666666666,0.0,-7.0
1.4491666816666668,-0.8767433390000002,0.8599400049999999,0.7609998716666667,1.3356357716666665,0.3578374983333334,-0.24773458499999998,5.917731633333333,0.2523423183333333,36.9022995,-0.8446739316666666,1.3707415,22.058474,0.09687981266666666,-1.4361548133333333,-0.29464394833333335,23.862217,0.730742775,1.7898322166666667,2.429582283333333,0.9031201916666666,0.09687981266666666,48.477916666666665,3.7782586333333334,1.7426837533333333,16.4082085,2.8823387833333336,-0.28988871499999996,0.0,-1.0587131516666666,3.6548881000000004,50.15238433333334,7.910336983333334,3.0095864,2.8089686833333336,3.0398748,5.793028066666667,13.566921000000002,3.8658055833333336,-2.7179676166666664,33.729898666666664,18.66936216666667,2.5792020166666667,0.7251858033333334,47.82930483333333,13.566921000000002,3.6513720000000003,2.36430865,2.3396858500000004,3.129924583333333,3.2672564333333334,47.989407,34.1999202,0.43809524333333333,4.694047933333334,2.6130792166666663,0.0,17.94730016666667,-0.22788508033333332,0.6929665116666666,-0.5215379716666667,0.7916666783333334,2.369507066666667,48.95596183333333,-0.04306589616666667,-0.13920922566666669,0.7902944500000001,15.723671833333333,6.566320050000001,155.12814666666665,0.029915538666666668,133.68757,0.35915242666666664,2.8678228166666666,3.7522739333333335,1.0,6.370173133333334,13.236246166666668,2.6087755,6.791934183333333,-0.5779626566666668,0.78526279,0.03255108933333333,0.21473722433333334,0.341180565,-0.1256789805,0.52352172,0.35915242666666664,130.0967251666667,4.270875449999999,0.26121294716666665,25.966365666666665,24.666666666666668,1.5621569,43.333333333333336,5.8355434,-2.34771215,10.5,26.464776333333333,2.8333333333333335,149.5,-2.61351775,16.4082085,37.848785666666664,24.166666666666668,4.23210565,0.5779626566666668,4.166666666666667,3.1666666666666665,145.21033166666663,1.0,0.0,4.34435905,97.33415400000001,3.0732631666666665,171.53635166666666,21.166666666666668,4.264181583333333,3.0732631666666665,28.0766665,171.53635166666666,8.00750495,180.19375666666664,2.0,6.198609733333332,3.6666666666666665,4.8858113,14.333333333333334,9.380875999999999,7.166666666666667,5.666666666666667,9.833333333333334,2.0,0.0,1.0,0.8333333333333334,1.1666666666666667,11.210773233333335,19.179423666666665,3.5,171.53635166666666,8.166666666666666,0.0,3.5,0.0,0.16666666666666666,10.333333333333334,0.0,0.0,0.0,0.5,2.8333333333333335,0.0,2.8412881,2.2611535000000003,2.1666666666666665,0.5,0.0,2.1666666666666665,0.0,13.281705533333332,0.0,0.6666666666666666,0.0,-6.39
1.3913333483333332,-0.8741016706666667,0.8429016716666667,0.746861669,1.2572147783333332,0.4697801533333333,-0.25482277666666664,5.503284783333334,0.2583443966666667,19.1705925,-0.8443485599999999,1.3942348166666667,22.058474,0.11662082833333332,-1.527429645,-0.3172639116666667,23.862217,0.7363616033333332,1.8379113,2.563158683333333,0.8833791633333333,0.11662082833333332,62.97636816666667,3.6060990166666667,2.4811718783333334,19.249496499999996,2.5383447500000003,-0.37035134000000003,0.16666666666666666,-1.1227789483333332,3.059863683333333,42.33139,7.27669175,2.3606449166666668,3.144296466666667,2.5579968,0.5207189666666666,13.566921000000002,3.6064315500000004,-2.722007083333333,33.276046,19.249496499999996,2.5584278999999994,0.6743807199999999,57.71937166666667,13.566921000000002,3.7096969666666673,2.3315702833333334,2.3072013,3.086775466666667,2.99158165,50.78699466666668,22.217343666666665,0.4595238116666666,4.647762616666667,2.5544982666666662,0.0,16.341892166666668,-0.3146731603333333,0.6960321566666666,-0.5159452466666666,0.8611111149999999,2.3872975166666666,41.78789583333333,-0.0018019119999999993,-0.16548193666666666,0.7010214816666668,9.434203166666666,6.6659831333333335,145.76153166666668,0.07137176333333332,118.67786166666666,0.3283730183333333,2.8414367666666664,4.0259894166666665,1.0,6.41646005,15.008958333333334,2.581537966666667,6.681601416666666,-0.57035603,0.7326449266666667,0.06724755083333332,0.26735508166666666,0.4445471533333332,-0.22286663083333333,0.5340450950000001,0.3283730183333333,122.99126183333334,4.329546616666667,0.3660192475,25.824774333333334,23.833333333333332,0.5207189666666666,46.333333333333336,5.698817483333333,-2.3107554833333332,11.333333333333334,44.89414333333334,4.5,172.83333333333334,-2.5775955333333336,19.249496499999996,46.33316783333334,23.666666666666668,4.33819995,0.57035603,3.8333333333333335,3.1666666666666665,147.70599666666666,1.1666666666666667,0.0,4.4634075,75.259752,3.0732631666666665,165.01102166666666,19.0,4.381036633333333,3.0732631666666665,30.266666333333333,165.01102166666666,8.020755716666667,183.742065,3.6666666666666665,6.217423816666667,3.5,5.136770516666667,13.166666666666666,9.129340166666667,7.5,5.833333333333333,10.5,3.5,0.0,1.0,0.6666666666666666,1.0,19.276812333333336,27.083671666666664,3.3333333333333335,165.01102166666666,8.5,0.7861836000000001,3.3333333333333335,0.0,0.3333333333333333,10.666666666666666,0.0,0.0,0.0,0.8333333333333334,3.0,0.0,5.682576133333334,0.0,2.1666666666666665,0.8333333333333334,0.0,2.0,0.0,14.0,0.0,1.0,0.0,-6.43
0.8880000150000001,-0.4271750113333333,0.42010667,0.2649633516666667,0.7676404083333334,0.39791549666666665,-0.27080992833333334,5.2540702,0.2587144133333333,23.335820666666667,-0.8434158566666666,1.4365866833333334,22.058474,0.12367429166666667,-1.0555327326666666,-0.3117458833333333,23.862217,0.7530298533333334,1.8681961166666667,2.0197104849999996,0.8763256983333334,0.12367429166666667,48.47791683333333,3.7614522000000004,1.7426840133333334,17.355304333333333,2.4373524000000004,-0.33522381,0.16666666666666666,-1.0915784466666667,3.036554766666667,39.186655333333334,6.459344383333334,2.3077243,2.4019030166666666,2.3985371333333334,5.2723091,13.566921000000002,3.3071106,-2.6877408499999995,29.724913,19.616457999999998,2.4551137499999998,0.6819289533333333,55.74587449999999,13.566921000000002,3.1698237666666667,2.2068612499999998,2.2128081333333336,3.0034006666666664,1.7969910333333334,47.325745000000005,11.982576533333331,0.47142857333333327,4.1939377,2.5227012833333333,0.0,14.812081783333332,-0.2689190156666667,0.75221743,-0.514545925,0.9027777816666666,2.2274803666666667,28.614149666666666,-0.02683743283333333,-0.15193340333333336,0.6909761216666667,15.723671999999999,6.664326516666667,129.13642133333335,0.044571755166666664,107.69584466666667,0.31517094333333334,2.83094825,3.735245866666667,1.0,5.896663683333334,16.238037833333333,2.5683841,5.747758983333333,-0.5686874066666667,0.7584682966666666,0.04542933583333333,0.24153170333333332,0.37237138666666664,-0.1725545745,0.5331768800000001,0.31517094333333334,104.1050015,4.0475670500000005,0.298936915,22.134917833333333,20.833333333333332,1.0414379333333332,38.333333333333336,4.782570566666666,-2.2636887666666667,8.666666666666666,26.464776333333333,3.6666666666666665,120.66666666666667,-2.5376308333333335,17.355304333333333,38.7958815,20.5,3.6736840500000003,0.5686874066666667,3.5,2.8333333333333335,128.50949849999998,1.0,0.0,3.7881669499999995,64.15108,9.2197895,146.4917225,17.5,3.692826633333333,9.2197895,29.541666666666668,146.4917225,6.976158216666668,156.8210905,2.0,5.145636966666667,3.0,4.403740833333334,11.666666666666666,7.901709333333334,6.0,5.333333333333333,8.833333333333334,2.0,0.0,1.0,0.5,1.1666666666666667,12.742299500000001,19.179423666666665,2.6666666666666665,146.4917225,7.0,0.0,2.6666666666666665,0.0,0.5,9.166666666666666,0.0,0.0,0.0,0.6666666666666666,3.0,0.0,3.788384133333333,2.2611535000000003,2.1666666666666665,0.6666666666666666,0.0,2.1666666666666665,0.0,13.281705533333332,0.0,0.8333333333333334,0.0,-7.89
0.9533333666666667,-0.3378450073333334,0.4123116716666666,0.166924594,0.7543176933333333,0.3447326,-0.25657337166666666,4.723141066666667,0.26624705,11.667910333333333,-0.8409901266666666,1.4145368999999999,22.058474,0.1307254833333333,-0.9343732176666667,-0.2858630433333333,23.862217,0.7467105883333334,1.7774886666666667,1.9252669683333334,0.8692745083333332,0.1307254833333333,27.485794,3.7559888833333326,1.2318576416666667,18.30240016666667,2.8330503,-0.3032758816666667,0.16666666666666666,-1.1226832316666668,3.19103395,36.04192066666666,6.834438316666667,2.53533955,2.1473748666666665,2.8729969333333334,4.751590133333333,13.566921000000002,3.5512362000000004,-2.7147966,29.473066833333334,20.563553833333334,2.4454192166666666,0.73177621,61.39578483333333,13.566921000000002,3.0365527500000002,2.2031772166666665,2.211794383333334,2.788373383333333,2.7363272666666667,47.325745000000005,34.1999202,0.46666667,4.301397866666667,2.551001933333333,0.0,15.320886616666664,-0.23314058699999998,0.7544741316666667,-0.519447025,0.8888888966666667,2.16345265,46.32121333333333,-0.042718953166666664,-0.14299740833333335,0.8070674050000001,12.5789375,6.550207616666666,127.28365133333334,0.02802774033333334,119.38490966666666,0.39354395833333333,2.8334761166666667,3.6199689,1.0,5.758673983333334,19.239829500000003,2.5747978333333332,5.6976616,-0.5544758533333334,0.8267842249999999,0.03199535966666667,0.17321576833333333,0.32569019,-0.14114921749999998,0.5481434766666667,0.39354395833333333,102.25222966666666,3.9179657999999997,0.2585522808333333,21.69944633333333,21.0,0.5207189666666666,34.333333333333336,4.723675383333334,-2.31632065,8.333333333333334,11.762123166666667,1.8333333333333333,101.66666666666667,-2.5823274499999997,18.30240016666667,26.201141666666672,20.333333333333332,3.519427616666667,0.5544758533333334,4.0,2.6666666666666665,123.17599683333333,1.0,0.0,3.62720715,86.368424,6.146526333333333,145.5860475,18.333333333333332,3.5485382999999993,6.146526333333333,31.00666683333333,145.5860475,6.81786695,149.7972655,1.0,4.965719616666667,3.1666666666666665,4.115283183333333,12.333333333333334,8.033653833333334,5.5,5.0,8.0,1.0,0.0,1.0,0.5,1.1666666666666667,17.214356833333337,5.637587833333334,3.0,145.5860475,6.5,0.0,3.0,0.0,0.5,8.666666666666666,0.0,0.0,0.0,0.3333333333333333,3.1666666666666665,0.0,4.735480166666666,2.2611535000000003,2.1666666666666665,0.3333333333333333,0.0,2.1666666666666665,0.0,13.281705533333332,0.0,1.0,0.0,-8.52
0.8015000366666666,-0.34196834333333337,0.2575066683333333,0.278313144,0.7813595416666667,0.4932101166666667,-0.2831619533333333,6.3321784333333335,0.26155712833333333,5.269498333333334,-0.8376865499999999,1.4422901333333336,22.058474,0.15171266666666666,-0.9849447410000001,-0.3098379433333333,23.862217,0.7591035566666666,1.850027266666667,1.9500806183333335,0.8482873233333335,0.15171266666666666,35.89897916666666,3.9487226,1.7426857299999998,21.510649666666666,2.790957966666667,-0.38922579666666673,0.3333333333333333,-1.1538354166666667,3.5573881000000003,39.186655333333334,7.010449250000001,2.7495732999999998,2.3322731666666665,2.9083934,8.461742333333333,13.566921000000002,3.7152662,-2.7326743666666666,30.2876145,23.771803333333335,2.413684233333333,0.6671377883333333,65.92910333333333,13.566921000000002,3.0655720666666664,2.1541150833333336,2.174834966666667,2.968128633333333,2.5321237333333335,48.40385283333333,28.6455842,0.4714285733333334,4.6664377,2.4678451666666668,2.5263451666666668,14.736484116666666,-0.345548655,0.7344175566666666,-0.5141516683333334,0.9027777816666666,2.2556295,33.14746816666667,0.01168339916666667,-0.17124755000000003,0.69096833,3.1447343333333335,6.679280516666666,128.312993,0.08196244983333333,106.87241633333333,0.4163614199999999,2.7882045666666664,4.131159,1.0,5.896242783333332,26.472492333333335,2.531417183333333,5.825233416666667,-0.5863840966666667,0.7304299216666665,0.058139843999999996,0.2695700783333333,0.4513745516666667,-0.2513058088333333,0.52320702,0.4163614199999999,103.28156966666667,3.9833520166666667,0.40154785,22.197515499999998,21.166666666666668,0.0,36.333333333333336,4.767913866666667,-2.3055967833333333,9.0,26.464776333333333,2.0,122.66666666666667,-2.5688693833333334,21.510649666666666,42.951226833333344,20.5,3.684579533333333,0.5863840966666667,4.166666666666667,2.8333333333333335,129.5101618333333,1.0,0.0,3.7968990333333337,80.81408783333333,3.0732631666666665,149.82363916666668,17.5,3.707996616666667,3.0732631666666665,35.843334,149.82363916666668,7.171420316666667,156.72830050000002,2.0,5.130980233333333,3.3333333333333335,4.362477066666667,12.0,8.526709333333333,5.833333333333333,5.333333333333333,8.5,2.0,0.0,1.0,0.5,1.3333333333333333,19.481015666666668,19.179423666666665,3.3333333333333335,149.82363916666668,6.833333333333333,0.0,3.3333333333333335,0.0,0.5,9.166666666666666,0.0,0.0,0.0,0.3333333333333333,3.6666666666666665,0.0,7.9437295,2.2611535000000003,2.3333333333333335,0.3333333333333333,0.0,2.3333333333333335,0.0,13.281705533333332,0.0,1.3333333333333333,0.0,-7.43
0.8200000366666668,-0.2689483416666667,0.29927333166666664,0.21125724233333334,0.75669752,0.4518564483333333,-0.27065055833333335,4.590408766666666,0.27035557833333335,5.269498333333334,-0.8387525499999998,1.4460062,22.058474,0.14425555666666667,-0.9602423436666667,-0.30672428999999996,23.862217,0.7519108349999999,1.8219360333333332,1.819926103333333,0.8557444316666668,0.14425555666666667,35.89897916666666,3.7379013333333333,1.7426837533333333,19.249495999999997,2.634718716666667,-0.37542604666666674,0.3333333333333333,-1.15370255,3.4853047833333335,39.18665533333333,6.50499835,2.5629136999999997,2.204924816666667,2.810275966666667,4.230871166666667,13.566921000000002,3.6478833833333333,-2.7140579833333334,28.548605166666665,21.510649666666666,2.3551037833333335,0.7028846766666667,69.31235450000001,13.566921000000002,2.9031974500000004,2.0877631666666665,2.1133227666666667,2.858500166666667,2.5321237333333335,46.662082999999996,23.09124836666666,0.47142857333333327,4.676854366666666,2.4195824833333335,0.0,14.0076794,-0.31916167,0.7588347183333334,-0.5101461033333333,0.9027777816666666,2.2190319333333335,28.24606,-0.004492392833333333,-0.164563575,0.7491833066666667,3.1447343333333335,6.610418150000001,124.268491,0.06757468700000001,102.82791433333334,0.42826618166666663,2.757566866666666,3.804301416666666,1.0,5.64638115,22.241621166666665,2.4952963,5.5094322333333325,-0.5496363633333333,0.73788703,0.06525729683333333,0.26211296833333336,0.42499050999999993,-0.22224046333333333,0.5529052416666667,0.42826618166666663,99.23706733333334,3.848792866666667,0.358327815,21.032653666666665,20.0,0.0,33.666666666666664,4.526648216666667,-2.2744484666666667,8.333333333333334,26.464776333333333,2.0,114.16666666666667,-2.54356025,19.249495999999997,40.690073166666664,19.333333333333332,3.5031011833333334,0.5496363633333333,4.166666666666667,2.8333333333333335,122.167997,1.0,0.0,3.6245387833333336,75.259752,6.146526333333333,143.51798333333332,16.333333333333332,3.531299933333333,6.146526333333333,32.471667000000004,143.51798333333332,6.763488033333334,149.37238766666667,2.0,4.889714633333334,3.1666666666666665,4.1541956,11.333333333333334,8.026709333333335,5.5,5.333333333333333,8.0,2.0,0.0,1.0,0.5,1.1666666666666667,19.481015666666668,19.179423666666665,3.1666666666666665,143.51798333333332,6.5,0.0,3.1666666666666665,0.0,0.5,8.666666666666666,0.0,0.0,0.0,0.3333333333333333,3.3333333333333335,0.0,5.6825762,2.2611535000000003,2.1666666666666665,0.3333333333333333,0.0,2.1666666666666665,0.0,13.281705533333332,0.0,1.1666666666666667,0.0,-8.05
0.6395000200000001,-0.2747116783333334,0.15148999999999996,0.2086691866666667,0.6945573500000001,0.4966339366666667,-0.2883552816666667,6.3321784333333335,0.26155776833333333,5.269498333333334,-0.8378475816666665,1.4603891333333336,22.058474,0.15801609666666666,-0.9057339543333334,-0.3121115666666667,23.862217,0.7638131683333333,1.8682641166666667,1.7983000066666666,0.8419838933333335,0.15801609666666666,35.89897916666666,3.9479642666666663,1.7426855716666665,21.510649666666666,2.6942030666666668,-0.39271392000000005,0.5,-1.15375275,3.5886381000000003,39.186655333333334,6.67417875,2.7369404999999998,2.18049256,2.768606366666667,8.461742333333333,13.566921000000002,3.5773367166666667,-2.7229653166666665,29.196091,23.771803333333335,2.3663575499999996,0.658971335,65.92910333333333,13.566921000000002,2.9137914666666664,2.0957307666666667,2.126552166666667,2.95255835,1.7969910333333334,48.40385283333333,23.091248199999995,0.4714285733333334,4.543521033333334,2.428330016666667,2.5263451666666668,14.00767945,-0.3510861,0.7501720083333333,-0.5108351566666667,0.9027777816666666,2.230463633333333,27.87796966666667,0.013862408500000001,-0.17238142333333337,0.6673920400000001,3.1447343333333335,6.700931866666667,123.04349516666667,0.08345706466666665,101.6029185,0.4115995166666666,2.766271083333333,4.114365516666667,1.0,5.745825616666667,26.472492333333335,2.508168283333333,5.5623416500000005,-0.5863838383333334,0.7241264916666665,0.05938494433333333,0.27587350833333335,0.453493535,-0.2543026888333333,0.5232073183333333,0.4115995166666666,98.01207166666667,3.9024475333333335,0.4048107716666667,21.16632033333333,20.166666666666668,0.0,34.666666666666664,4.505022133333334,-2.2815297,8.333333333333334,26.464776333333333,2.0,116.66666666666667,-2.5472108833333333,21.510649666666666,42.951226833333344,19.5,3.53311765,0.5863838383333334,4.166666666666667,2.8333333333333335,124.83449716666665,1.0,0.0,3.64507755,75.25975166666667,3.0732631666666665,144.5541425,16.5,3.5552632833333333,3.0732631666666665,35.843334,144.5541425,6.908528633333334,150.55247716666668,2.0,4.868088516666667,3.1666666666666665,4.210696466666667,11.333333333333334,8.193375999999999,5.5,5.333333333333333,8.166666666666666,2.0,0.0,1.0,0.5,1.3333333333333333,18.745882833333336,19.179423666666665,3.1666666666666665,144.5541425,6.5,0.0,3.1666666666666665,0.0,0.5,8.833333333333334,0.0,0.0,0.0,0.3333333333333333,3.6666666666666665,0.0,7.9437295,2.2611535000000003,2.3333333333333335,0.3333333333333333,0.0,2.3333333333333335,0.0,13.281705533333332,0.0,1.3333333333333333,0.0,-7.64
0.48800000166666674,-0.28068001000000004,0.06725666666666667,0.12872702,0.5792352783333333,0.501099765,-0.2866726516666666,5.2540702,0.27351022333333336,5.269498333333334,-0.8386065666666666,1.4852528666666667,24.2167295,0.15554737833333335,-0.8785581141666667,-0.321820705,27.83925316666667,0.7708379433333333,1.7859577000000002,1.7734863566666668,0.8293267283333333,0.17067326166666666,39.0437135,4.054268433333333,1.911601326666667,21.510649666666666,2.6882898166666664,-0.4058422750000001,0.38888889000000004,-1.1897742500000001,3.8698881000000003,39.186655333333334,6.6188162833333335,2.8542802666666667,2.164794726666667,2.7000002666666667,4.230871166666667,15.828074500000005,3.5878557000000004,-2.7164349999999993,29.66850216666667,26.72888483333333,2.362969116666666,0.6036423966666667,69.68044483333334,15.828074500000005,2.928077866666667,2.08713845,2.121197766666666,2.976854283333333,1.7969910333333334,51.30278116666667,17.536912366666666,0.45476190833333335,4.693855383333333,2.4195465166666668,0.0,13.875144950000001,-0.3580110166666666,0.7433526416666666,-0.5077777666666666,0.8472222299999999,2.280365833333333,22.976561500000003,0.013282930166666665,-0.17542460833333332,0.6188152625,6.289468666666667,6.823738666666667,122.32416433333333,0.08726766133333334,100.08476083333333,0.4235042783333333,2.7613693166666664,4.707650366666667,1.1666666666666667,5.801670716666667,27.72448616666667,2.501781166666667,5.590365283333333,-0.6124740333333333,0.7058708416666667,0.0698252345,0.29412915833333336,0.44238164999999996,-0.25808511549999996,0.5111237133333334,0.4235042783333333,94.335659,3.93455505,0.3964366366666667,21.238521833333333,20.166666666666668,0.8764639666666666,35.333333333333336,4.443314866666666,-2.27018475,8.333333333333334,26.464776333333333,2.0,121.83333333333333,-2.53786305,23.66890483333333,45.908308333333345,19.5,3.5828148,0.6124740333333333,4.166666666666667,3.0,127.00099883333333,1.1666666666666667,0.0,3.6846738166666664,69.70541583333333,3.949727133333333,145.99306750000002,16.333333333333332,3.5907732666666665,3.0732631666666665,39.653333999999994,145.99306750000002,7.026379816666668,152.19472216666668,2.0,4.819273,3.3333333333333335,4.291223666666667,11.166666666666666,8.360042666666667,5.333333333333333,5.5,8.333333333333334,2.0,0.0,1.0,0.6666666666666666,1.3333333333333333,18.745882833333336,19.179423666666665,3.3333333333333335,145.99306750000002,6.5,5.482864333333333,3.3333333333333335,0.015125884333333332,0.3333333333333333,9.0,0.0,2.1582551666666667,0.0,0.3333333333333333,3.6666666666666665,0.0,5.6825762,2.2611535000000003,2.5,0.3333333333333333,0.0,2.3333333333333335,0.0,13.281705533333332,0.0,1.5,0.0,-8.17
0.5440000216666667,-0.24095501,0.04497333333333329,0.20871769500000004,0.6352931716666667,0.5439751300000001,-0.307887465,7.410286666666667,0.2542297,5.269498333333334,-0.8369393166666667,1.4699223833333335,22.058474,0.17017837833333335,-0.8735152126666668,-0.31841410333333336,23.862217,0.7748824266666666,1.9146568166666669,1.8538555516666666,0.8298216150000001,0.17017837833333335,35.89897916666666,4.1547548,1.7426879066666665,23.771803333333335,2.790957966666667,-0.41382324333333337,0.5,-1.1539095833333333,3.5573881000000003,39.186655333333334,7.010449250000001,2.7495732999999998,2.2360481166666664,2.9083934,12.6926135,13.566921000000002,3.7152662,-2.7365390833333336,30.358290999999998,26.032957,2.396112383333333,0.60988022,64.8125115,13.566921000000002,3.0123801666666665,2.1219643833333333,2.1584776333333338,3.0459435999999998,1.7969910333333334,49.48196066666666,23.091248199999995,0.4714285733333334,4.6664377,2.43920585,5.0526903333333335,14.372081783333334,-0.38596048833333335,0.7344175566666666,-0.512950585,0.9027777816666666,2.2556295,27.87796966666667,0.033143768500000004,-0.18057027000000003,0.5859483383333334,3.1447343333333335,6.795274249999999,124.45324800000002,0.10037748149999999,103.01267133333334,0.4163614199999999,2.779774883333333,4.4317198666666675,1.0,5.896242783333332,30.703363500000005,2.5256832666666664,5.733102283333334,-0.6228102133333334,0.7119642133333333,0.054948755833333335,0.28803579,0.4842022366666667,-0.28910598716666663,0.49385978999999997,0.4163614199999999,99.42182483333333,3.9833520166666667,0.4537508166666666,21.8155845,20.833333333333332,0.0,36.333333333333336,4.6012472,-2.2957118,9.0,26.464776333333333,2.0,122.66666666666667,-2.5577099666666667,23.771803333333335,45.2123805,20.166666666666668,3.6388650833333336,0.6228102133333334,4.166666666666667,2.8333333333333335,129.83882849999998,1.0,0.0,3.7456458833333333,75.25975166666667,3.0732631666666665,148.22504916666668,17.166666666666668,3.6553766333333333,3.0732631666666665,39.215001,148.22504916666668,7.171420316666667,154.82047716666668,2.0,4.964313566666667,3.3333333333333335,4.362477066666667,11.666666666666666,8.526709333333333,5.666666666666667,5.333333333333333,8.5,2.0,0.0,1.0,0.5,1.5,18.745882833333336,19.179423666666665,3.3333333333333335,148.22504916666668,6.666666666666667,0.0,3.3333333333333335,0.0,0.5,9.166666666666666,0.0,0.0,0.0,0.3333333333333333,4.0,0.0,10.2048828,2.2611535000000003,2.5,0.3333333333333333,0.0,2.5,0.0,13.281705533333332,0.0,1.5,0.0,-7.8
0.5886666863333333,-0.262780005,0.10200666833333337,0.2545339233333334,0.6889424216666667,0.507247855,-0.2973967016666667,7.410286666666667,0.24840736500000002,16.56931833333333,-0.83891225,1.4566730666666665,22.058474,0.15500635666666665,-0.9223482533333334,-0.3124868133333334,23.862217,0.7680053633333332,1.9065904,1.8538555516666666,0.8449936400000001,0.15500635666666665,35.89897916666666,4.165991783333333,1.742687985,22.8247075,2.8602622333333336,-0.38101721,0.5,-1.1219120733333334,3.7796103500000005,44.66951983333333,7.17962965,2.9885316166666667,2.2360481166666664,2.8667238000000004,13.213332466666666,13.566921000000002,3.6447195333333333,-2.73626775,30.935100333333335,25.085861166666664,2.4258442666666666,0.615912975,59.162601,13.566921000000002,3.0718970999999997,2.1595906166666663,2.188295016666667,3.11143365,1.7969910333333334,49.48196066666666,23.091248199999995,0.4714285733333334,4.533104366666667,2.4655656833333333,5.0526903333333335,14.956484166666668,-0.3511064818333334,0.7257548466666667,-0.514983505,0.9027777816666666,2.2659917166666665,27.87796966666667,0.018127856833333334,-0.17087201366666668,0.5968669066666666,3.1447343333333335,6.783410466666666,130.1031583333333,0.085721265,108.66258166666667,0.399694755,2.7947583666666667,4.387714066666667,1.0,5.995457733333333,27.701571833333333,2.5401288833333333,5.890971183333334,-0.6320385816666667,0.7271362383333333,0.04207050933333334,0.2728637683333333,0.453011415,-0.2499657435,0.4842314933333333,0.399694755,105.07173483333334,4.037006683333334,0.4172394033333333,22.331182166666665,21.333333333333332,0.5207189666666666,37.333333333333336,4.767913866666667,-2.31383995,9.166666666666666,26.464776333333333,2.0,124.66666666666667,-2.5761784000000003,22.8247075,44.265284666666666,20.666666666666668,3.7145960499999995,0.6320385816666667,4.166666666666667,2.8333333333333335,132.176662,1.0,0.0,3.81931945,80.74261666666668,3.0732631666666665,152.92786333333333,17.666666666666668,3.7324983166666663,3.0732631666666665,37.75000083333334,152.92786333333333,7.316460916666666,158.33327,2.0,5.130980233333333,3.3333333333333335,4.421784033333334,12.0,8.693375999999999,5.833333333333333,5.333333333333333,8.666666666666666,2.0,0.0,1.0,0.5,1.5,15.744091166666669,19.179423666666665,3.3333333333333335,152.92786333333333,6.833333333333333,0.0,3.3333333333333335,0.0,0.5,9.333333333333334,0.0,0.0,0.0,0.3333333333333333,3.8333333333333335,0.0,9.257786766666667,2.2611535000000003,2.5,0.3333333333333333,0.0,2.5,0.0,13.281705533333332,0.0,1.3333333333333333,0.0,-7.68
0.6333333513333333,-0.284605005,0.15903999833333335,0.29854779166666673,0.7434790066666667,0.4345049650000001,-0.2830771633333333,7.410286666666667,0.24529901333333334,27.86913833333333,-0.8410699966666666,1.4480243166666666,22.058474,0.14207505666666667,-0.9717214900000001,-0.3079080033333334,23.862217,0.762132925,1.9056918500000002,1.8538555516666666,0.8579249383333333,0.14207505666666667,35.89897916666666,4.177560949999999,1.7426880350000002,21.8776115,2.9133403333333328,-0.34182935166666667,0.5,-1.0913032716666666,3.7908603666666667,50.15238433333332,7.347228200000001,3.00782255,2.2360481166666664,2.882766866666667,13.734051466666665,13.566921000000002,3.6539250666666674,-2.7338569000000006,31.50922866666667,24.13876516666667,2.4455410166666667,0.6278825066666666,54.629282499999995,13.566921000000002,3.1325556,2.1825235333333333,2.207527283333333,3.1857263499999995,1.7969910333333334,49.48196066666666,23.091248199999995,0.4714285733333334,4.530187716666667,2.4722216500000003,3.9360983333333337,15.540886500000001,-0.29287440833333334,0.71893548,-0.51504924,0.9027777816666666,2.2684043333333332,27.87796966666667,-0.012460537166666666,-0.15657802866666667,0.6114378133333332,3.1447343333333335,6.762573966666667,135.75306833333335,0.05781840183333334,114.31249166666667,0.39076618333333335,2.800497533333333,4.339989266666667,1.0,6.056737516666666,24.69978016666667,2.5448276333333335,6.048840116666668,-0.6412845133333334,0.7400675366666666,0.03731079933333333,0.25993246833333333,0.39709599,-0.19169023716666667,0.4794016733333333,0.39076618333333335,110.72164466666668,4.0691142000000005,0.339234657,22.846779833333333,21.833333333333332,1.0414379333333332,38.333333333333336,4.934580533333334,-2.3206446166666663,9.5,26.464776333333333,2.0,128.5,-2.584567316666667,21.8776115,43.318188666666664,21.166666666666668,3.790327,0.6412845133333334,4.166666666666667,2.8333333333333335,134.514497,1.0,0.0,3.8935657,86.22548116666667,3.0732631666666665,157.6306766666667,18.166666666666668,3.809619966666667,3.0732631666666665,36.28500066666667,157.6306766666667,7.461501516666666,161.84606166666666,2.0,5.2976469,3.3333333333333335,4.4838972,12.333333333333334,8.860042666666667,6.0,5.333333333333333,8.833333333333334,2.0,0.0,1.0,0.5,1.5,12.742299500000001,19.179423666666665,3.3333333333333335,157.6306766666667,7.0,0.0,3.3333333333333335,0.0,0.5,9.5,0.0,0.0,0.0,0.3333333333333333,3.6666666666666665,0.0,8.310690933333333,2.2611535000000003,2.5,0.3333333333333333,0.0,2.5,0.0,13.281705533333332,0.0,1.1666666666666667,0.0,-8.15
