4.743,-8.9262896,2.5476699,-0.36753029,-0.83912516,15.808495,5.2347112,-0.21893343,5.2350574,0.095013782,-0.53557402,0.80096388,370.5697,-0.31897238,-0.48684505,-7.401619,9.3322973,0.0,0.59597051,2.0422966,0.15122849,12.432638,0.45341608,0.15909654,1.4881462,0.024780791,3.0038259,-1.167057,533.0307,-2.882278,202.65158,-0.49977624,0.046404615,2.7145169,13.608256,28.758026,14.742526,32.320816,2.7505443,18.548018,12.441095,3.7826133,-0.33116147,0.40234792,0.083704077,21.0,3.5115564,3.2236996,11.811868,165.18422,0.11256586,-2.7115493,13.612513,27.913586,3.2801476,17.464907,40.197308,18.868406,271.85153,0.2277576,0.77224243,157.20685,-2.4586413,19.40193,-3.2801476,113.21043,28.509541,0.3888889,31.583675,36.329762,3.2817996,14.876033,76.620422,0.72833759,33.825527,20.82876,0.27166238,115.43898,0.18867925,0.18867925,9286.0,266.60812,4.0,119.10158,21.922937,712.93298,187.5116,3.0,489.15906,0.63636363,101.0,28.0,81.401527,0.24573661,26.877586,49.992279,186.03999,77.697189,19.903839,143.17329,111.0,25.739758,60.0,18.439579,11.138001,109.81441,254.0,113.0,690.23761,37.990471,23.941376,80.0,10.0,167.06511,690.23761,502.72598,123.38132,14.0,19.655594,7.0,18.0,6.0,814.58478,690.23761,0.0,70.572739,32.0,1.0206779,81.401527,0.0,3.0,34.677017,10.0,107.69694,53.0,38.0,6.0,77.697189,6.7279205,45.38982,-0.003007597,51.0,6.0,6.0,13.0,0.001795725,7.0,3.0,0.0,13.0,2.0,0.0,13.566921,3.0,11.0,0.0,0.0,5.0,0.0,-5.79
3.717,-7.8132601,2.0077701,-0.38185328,-0.84201682,15.808495,4.249465,-0.22227845,4.2498112,0.092628509,-0.53540766,0.8100583,325.35275,-0.36387005,-0.51666963,-6.9835553,9.3324823,0.0,0.62425941,1.6994125,0.16490763,12.450751,0.50613815,0.15786219,1.5097798,0.038227946,3.0334816,-1.1665535,508.11328,-2.8738637,221.51997,-0.52512324,0.052761275,2.7272413,13.045307,49.057533,14.179578,32.320816,2.7789619,18.244427,10.834458,3.7580242,-0.34645662,0.46759626,0.081587732,18.0,3.5176997,3.2264254,9.6827774,160.03665,0.11778769,-2.7067482,14.857837,26.665581,3.3652329,15.911066,40.197308,18.868406,205.19952,0.22970839,0.77029163,151.52428,-2.4543409,18.73686,-3.3652329,132.07884,31.633854,0.44444445,30.367752,34.046928,3.2868505,12.25532,73.567589,0.72435009,33.825527,16.417963,0.27564988,97.42823,0.1509434,0.1509434,8721.0,199.95609,3.0,114.67441,20.0704,696.89001,181.82901,2.0,464.24164,0.80000001,97.0,32.0,81.401527,0.25318992,25.714449,68.431854,177.25,77.697189,19.279648,143.17329,106.0,24.576622,56.0,36.879158,11.078074,104.13183,256.0,109.0,659.63757,36.697578,23.636847,81.0,8.0,167.06511,659.63757,477.80856,117.69875,14.0,19.016987,7.0,18.0,6.0,790.61218,659.63757,0.0,70.572739,31.0,1.0206779,81.401527,0.0,3.0,37.801331,8.0,85.275391,53.0,37.0,6.0,77.697189,6.7279205,42.737629,-0.003007597,50.0,6.0,6.0,12.0,0.001795725,7.0,4.0,0.0,13.0,3.0,0.0,13.566921,3.0,10.0,0.0,0.0,5.0,0.0,-7.05
4.743,-8.9262896,2.5476699,-0.36753029,-0.83912516,15.808495,5.2347112,-0.21893343,5.2350574,0.095013782,-0.53557402,0.80096388,370.5697,-0.31897238,-0.48684505,-7.401619,9.3322973,0.0,0.59597051,2.0422966,0.15122849,12.432638,0.45341608,0.15909654,1.4881462,0.024780791,3.0038259,-1.167057,533.0307,-2.882278,202.65158,-0.49977624,0.046404615,2.7145169,13.608256,28.758026,14.742526,32.320816,2.7505443,18.548018,12.441095,3.7826133,-0.33116147,0.40234792,0.083704077,21.0,3.5115564,3.2236996,11.811868,165.18422,0.11256586,-2.7115493,13.612513,27.913586,3.2801476,17.464907,40.197308,18.868406,271.85153,0.2277576,0.77224243,157.20685,-2.4586413,19.40193,-3.2801476,113.21043,28.509541,0.3888889,31.583675,36.329762,3.2817996,14.876033,76.620422,0.72833759,33.825527,20.82876,0.27166238,115.43898,0.18867925,0.18867925,9286.0,266.60812,4.0,119.10158,21.922937,712.93298,187.5116,3.0,489.15906,0.63636363,101.0,28.0,81.401527,0.24573661,26.877586,49.992279,186.03999,77.697189,19.903839,143.17329,111.0,25.739758,60.0,18.439579,11.138001,109.81441,254.0,113.0,690.23761,37.990471,23.941376,80.0,10.0,167.06511,690.23761,502.72598,123.38132,14.0,19.655594,7.0,18.0,6.0,814.58478,690.23761,0.0,70.572739,32.0,1.0206779,81.401527,0.0,3.0,34.677017,10.0,107.69694,53.0,38.0,6.0,77.697189,6.7279205,45.38982,-0.003007597,51.0,6.0,6.0,13.0,0.001795725,7.0,3.0,0.0,13.0,2.0,0.0,13.566921,3.0,11.0,0.0,0.0,5.0,0.0,-6.96
4.743,-8.9262896,2.5476699,-0.36753029,-0.83912516,15.808495,5.2347112,-0.21893343,5.2350574,0.095013782,-0.53557402,0.80096388,370.5697,-0.31897238,-0.48684505,-7.401619,9.3322973,0.0,0.59597051,2.0422966,0.15122849,12.432638,0.45341608,0.15909654,1.4881462,0.024780791,3.0038259,-1.167057,533.0307,-2.882278,202.65158,-0.49977624,0.046404615,2.7145169,13.608256,28.758026,14.742526,32.320816,2.7505443,18.548018,12.441095,3.7826133,-0.33116147,0.40234792,0.083704077,21.0,3.5115564,3.2236996,11.811868,165.18422,0.11256586,-2.7115493,13.612513,27.913586,3.2801476,17.464907,40.197308,18.868406,271.85153,0.2277576,0.77224243,157.20685,-2.4586413,19.40193,-3.2801476,113.21043,28.509541,0.3888889,31.583675,36.329762,3.2817996,14.876033,76.620422,0.72833759,33.825527,20.82876,0.27166238,115.43898,0.18867925,0.18867925,9286.0,266.60812,4.0,119.10158,21.922937,712.93298,187.5116,3.0,489.15906,0.63636363,101.0,28.0,81.401527,0.24573661,26.877586,49.992279,186.03999,77.697189,19.903839,143.17329,111.0,25.739758,60.0,18.439579,11.138001,109.81441,254.0,113.0,690.23761,37.990471,23.941376,80.0,10.0,167.06511,690.23761,502.72598,123.38132,14.0,19.655594,7.0,18.0,6.0,814.58478,690.23761,0.0,70.572739,32.0,1.0206779,81.401527,0.0,3.0,34.677017,10.0,107.69694,53.0,38.0,6.0,77.697189,6.7279205,45.38982,-0.003007597,51.0,6.0,6.0,13.0,0.001795725,7.0,3.0,0.0,13.0,2.0,0.0,13.566921,3.0,11.0,0.0,0.0,5.0,0.0,-5.46
4.743,-8.9262896,2.5476699,-0.36753029,-0.83912516,15.808495,5.2347112,-0.21893343,5.2350574,0.095013782,-0.53557402,0.80096388,370.5697,-0.31897238,-0.48684505,-7.401619,9.3322973,0.0,0.59597051,2.0422966,0.15122849,12.432638,0.45341608,0.15909654,1.4881462,0.024780791,3.0038259,-1.167057,533.0307,-2.882278,202.65158,-0.49977624,0.046404615,2.7145169,13.608256,28.758026,14.742526,32.320816,2.7505443,18.548018,12.441095,3.7826133,-0.33116147,0.40234792,0.083704077,21.0,3.5115564,3.2236996,11.811868,165.18422,0.11256586,-2.7115493,13.612513,27.913586,3.2801476,17.464907,40.197308,18.868406,271.85153,0.2277576,0.77224243,157.20685,-2.4586413,19.40193,-3.2801476,113.21043,28.509541,0.3888889,31.583675,36.329762,3.2817996,14.876033,76.620422,0.72833759,33.825527,20.82876,0.27166238,115.43898,0.18867925,0.18867925,9286.0,266.60812,4.0,119.10158,21.922937,712.93298,187.5116,3.0,489.15906,0.63636363,101.0,28.0,81.401527,0.24573661,26.877586,49.992279,186.03999,77.697189,19.903839,143.17329,111.0,25.739758,60.0,18.439579,11.138001,109.81441,254.0,113.0,690.23761,37.990471,23.941376,80.0,10.0,167.06511,690.23761,502.72598,123.38132,14.0,19.655594,7.0,18.0,6.0,814.58478,690.23761,0.0,70.572739,32.0,1.0206779,81.401527,0.0,3.0,34.677017,10.0,107.69694,53.0,38.0,6.0,77.697189,6.7279205,45.38982,-0.003007597,51.0,6.0,6.0,13.0,0.001795725,7.0,3.0,0.0,13.0,2.0,0.0,13.566921,3.0,11.0,0.0,0.0,5.0,0.0,-5.91
4.9400001,-8.8203001,2.8898699,-0.36745596,-0.83912611,15.808495,5.7762947,-0.21689926,5.7766399,0.092666239,-0.5357219,0.79513532,370.5697,-0.31245816,-0.4728893,-7.8007283,9.3325148,0.0,0.57713556,2.0831182,0.14170554,12.455304,0.44340777,0.14493866,1.4780469,0.023516564,3.0044885,-1.1670562,566.93018,-2.8756375,202.65158,-0.48520017,0.045584165,2.7154424,13.608256,62.657486,14.742526,32.320816,2.751081,18.938362,12.670632,3.7748463,-0.32023764,0.39866349,0.081635751,21.0,3.5512736,3.2668803,11.548249,168.49734,0.1081449,-2.7220182,15.103414,26.900154,3.3632445,17.66799,40.197308,51.765594,271.85153,0.21090311,0.78909689,151.52428,-2.4673555,19.86466,-3.3632445,113.21043,31.633854,0.3888889,32.530888,37.291901,3.3217402,14.473063,80.126831,0.74691641,33.825527,20.82876,0.25308356,97.42823,0.18518518,0.18518518,9640.0,299.50531,3.0,122.19517,22.0741,726.95996,181.82901,2.0,523.05853,0.63636363,104.0,28.0,81.401527,0.24202083,27.877586,49.992279,177.25,77.697189,20.358253,143.17329,114.0,26.739758,62.0,18.439579,11.196231,104.13183,260.0,116.0,718.45447,38.860714,24.368896,84.0,10.0,167.06511,718.45447,536.62543,117.69875,14.0,20.110783,7.0,18.0,6.0,835.6615,718.45447,0.0,70.572739,33.0,1.0206773,81.401527,0.0,3.0,37.801331,10.0,89.686188,54.0,39.0,6.0,77.697189,6.7548876,46.382717,-0.003007504,52.0,6.0,6.0,12.0,0.001795669,7.0,3.0,0.0,13.0,2.0,0.0,13.566921,3.0,11.0,0.0,0.0,5.0,0.0,-6.11
4.9400001,-8.8203001,2.8898699,-0.36752352,-0.83918202,15.808495,5.7762046,-0.21767119,5.7765503,0.092666239,-0.53578496,0.79513532,370.5697,-0.31240979,-0.4734318,-7.8006902,9.3325148,0.0,0.57927448,2.080765,0.14410675,12.455299,0.44356149,0.14493866,1.4780469,0.023665244,3.0051882,-1.1662743,566.93018,-2.8762834,202.65158,-0.48761404,0.045803845,2.716934,13.608256,62.657486,14.742526,32.320816,2.7517164,18.938362,12.670632,3.7802708,-0.32084051,0.39744279,0.081635967,21.0,3.5522981,3.2682331,11.548249,168.49734,0.1081449,-2.7229836,15.103083,26.90049,3.3632445,17.66799,40.197308,51.765594,271.85153,0.21090311,0.78909689,151.52428,-2.4682086,19.86466,-3.3632445,113.21043,31.633854,0.3888889,32.530888,37.291901,3.3229065,14.473063,80.126831,0.74691641,33.825527,20.82876,0.25308356,97.42823,0.18518518,0.18518518,9650.0,299.50531,3.0,122.19517,22.0741,726.95996,181.82901,2.0,523.05853,0.63636363,104.0,28.0,81.401527,0.24202083,27.877586,49.992279,177.25,77.697189,20.358253,143.17329,114.0,26.739758,62.0,18.439579,11.195508,104.13183,260.0,116.0,718.45447,38.860714,24.368896,84.0,10.0,167.06511,718.45447,536.62543,117.69875,14.0,20.110783,7.0,18.0,6.0,835.6615,718.45447,0.0,70.572739,33.0,1.0206779,81.401527,0.0,3.0,37.801331,10.0,89.686188,54.0,39.0,6.0,77.697189,6.7548876,46.382717,-0.003007597,52.0,6.0,6.0,12.0,0.001795725,7.0,3.0,0.0,13.0,2.0,0.0,13.566921,3.0,11.0,0.0,0.0,5.0,0.0,-6.12
4.9400001,-8.8203001,2.8898699,-0.35880631,-0.84039122,15.808495,5.7784615,-0.21784224,5.7787905,0.092676349,-0.53558439,0.79513532,370.5697,-0.30390847,-0.47530657,-7.8014498,9.3325148,0.0,0.58285028,2.0867555,0.14680316,12.455561,0.4415786,0.14493866,1.4780469,0.02023541,3.0085404,-1.1664981,566.93018,-2.8792241,202.65158,-0.49007797,0.043855675,2.7158818,13.608256,62.657486,14.742526,32.320816,2.7548184,18.938362,12.670632,3.7744868,-0.32114303,0.38937762,0.081529588,21.0,3.5506239,3.2650619,11.548249,168.49734,0.1081449,-2.7127059,15.116567,26.891817,3.3633904,17.66799,40.197308,51.765594,271.85153,0.21090311,0.78909689,151.52428,-2.4592972,19.86466,-3.3633904,113.21043,31.633854,0.3888889,32.530888,37.291901,3.3205192,14.473063,80.126831,0.74691641,33.825527,20.82876,0.25308356,97.42823,0.18518518,0.18518518,9630.0,299.50531,3.0,122.19517,22.0741,726.95996,181.82901,2.0,523.05853,0.63636363,104.0,28.0,81.401527,0.24202083,27.877586,49.992279,177.25,77.697189,20.358253,143.17329,114.0,26.739758,62.0,18.439579,11.196175,104.13183,260.0,116.0,718.45447,38.860714,24.368896,84.0,10.0,167.06511,718.45447,536.62543,117.69875,14.0,20.110783,7.0,18.0,6.0,835.6615,718.45447,0.0,70.572739,33.0,1.0206338,81.401527,0.0,3.0,37.801331,10.0,89.686188,54.0,39.0,6.0,77.697189,6.7548876,46.382717,-0.003000145,52.0,6.0,6.0,12.0,0.001791269,7.0,3.0,0.0,13.0,2.0,0.0,13.566921,3.0,11.0,0.0,0.0,5.0,0.0,-5.89
5.1370001,-8.7143097,3.23207,-0.36744049,-0.83930945,15.808495,6.3162036,-0.21689363,6.3165488,0.090432346,-0.53593266,0.78959352,370.5697,-0.31043905,-0.46108758,-8.1990976,9.3327312,0.0,0.56275046,2.1221468,0.13765125,12.477889,0.43189821,0.13185085,1.4683273,0.019455239,3.0061214,-1.1662313,600.82965,-2.8699033,202.65158,-0.47653648,0.042893041,2.7189193,13.608256,96.556946,14.742526,32.320816,2.7524817,19.328705,12.901175,3.7726858,-0.30990374,0.38675478,0.079667769,21.0,3.592653,3.3121774,11.306778,171.7943,0.10405808,-2.7320607,16.589384,25.893,3.4463248,17.873632,40.197308,84.662781,271.85153,0.19532248,0.80467749,145.84171,-2.4758353,20.327391,-3.4463248,113.21043,34.758167,0.3888889,33.478104,38.25536,3.3634553,14.105903,83.633247,0.76409107,33.825527,20.82876,0.23590893,79.41748,0.18181819,0.18181819,10009.0,332.4025,3.0,125.28875,22.23077,740.987,176.14644,2.0,556.95801,0.63636363,107.0,28.0,81.401527,0.23842676,28.877586,49.992279,168.46001,77.697189,20.812668,143.17329,117.0,27.739758,64.0,18.439579,11.252588,98.449257,266.0,119.0,746.67133,39.730957,24.796417,88.0,10.0,167.06511,746.67133,570.5249,112.01617,14.0,20.56572,7.0,18.0,6.0,856.73828,746.67133,0.0,70.572739,34.0,1.0206773,81.401527,0.0,3.0,40.925644,10.0,71.675438,55.0,40.0,6.0,77.697189,6.7813597,47.375866,-0.0030075,53.0,6.0,6.0,11.0,0.001795667,7.0,3.0,0.0,13.0,2.0,0.0,13.566921,4.0,11.0,0.0,0.0,6.0,0.0,-6.02
5.1370001,-8.7143097,3.23207,-0.35864949,-0.84039426,15.808495,6.3199859,-0.21551289,6.3203149,0.09044186,-0.53573561,0.78959352,370.5697,-0.30360502,-0.45969206,-8.2005329,9.3327322,0.0,0.56303149,2.1270418,0.1377418,12.478225,0.43199068,0.13185085,1.4683273,0.019105632,3.0091615,-1.1661499,600.82965,-2.8723178,202.65158,-0.47545156,0.042950295,2.7166679,13.608256,96.556946,14.742526,32.320816,2.755326,19.328705,12.901175,3.7666883,-0.30974722,0.38641202,0.07956364,21.0,3.5887268,3.3064103,11.306778,171.7943,0.10405808,-2.7229962,16.607298,25.878603,3.4464877,17.873632,40.197308,84.662781,271.85153,0.19532248,0.80467749,145.84171,-2.4679489,20.327391,-3.4464877,113.21043,34.758167,0.3888889,33.478104,38.25536,3.3588836,14.105903,83.633247,0.76409107,33.825527,20.82876,0.23590893,79.41748,0.18181819,0.18181819,9992.0,332.4025,3.0,125.28875,22.23077,740.987,176.14644,2.0,556.95801,0.63636363,107.0,28.0,81.401527,0.23842676,28.877586,49.992279,168.46001,77.697189,20.812668,143.17329,117.0,27.739758,64.0,18.439579,11.253344,98.449257,266.0,119.0,746.67133,39.730957,24.796417,88.0,10.0,167.06511,746.67133,570.5249,112.01617,14.0,20.56572,7.0,18.0,6.0,856.73828,746.67133,0.0,70.572739,34.0,1.0206331,81.401527,0.0,3.0,40.925644,10.0,71.675438,55.0,40.0,6.0,77.697189,6.7813597,47.375866,-0.003000042,53.0,6.0,6.0,11.0,0.001791207,7.0,3.0,0.0,13.0,2.0,0.0,13.566921,4.0,11.0,0.0,0.0,6.0,0.0,-5.82
5.1370001,-8.7143097,3.23207,-0.35862377,-0.84041947,15.808495,6.3199501,-0.21588673,6.3202791,0.09044186,-0.53579479,0.78959352,370.5697,-0.30353358,-0.46152717,-8.2005186,9.3327322,0.0,0.56364185,2.1239085,0.13838093,12.478223,0.43242347,0.13185085,1.4683273,0.019108133,3.0096843,-1.166155,600.82965,-2.8725975,202.65158,-0.47597057,0.043488272,2.717972,13.608256,96.556946,14.742526,32.320816,2.7558115,19.328705,12.901175,3.772558,-0.31010997,0.38646603,0.07956364,21.0,3.58883,3.3066728,11.306778,171.7943,0.10405808,-2.7236719,16.607124,25.878738,3.4464877,17.873632,40.197308,84.662781,271.85153,0.19532248,0.80467749,145.84171,-2.4686189,20.327391,-3.4464877,113.21043,34.758167,0.3888889,33.478104,38.25536,3.3591197,14.105903,83.633247,0.76409107,33.825527,20.82876,0.23590893,79.41748,0.18181819,0.18181819,10005.0,332.4025,3.0,125.28875,22.23077,740.987,176.14644,2.0,556.95801,0.63636363,107.0,28.0,81.401527,0.23842676,28.877586,49.992279,168.46001,77.697189,20.812668,143.17329,117.0,27.739758,64.0,18.439579,11.252579,98.449257,266.0,119.0,746.67133,39.730957,24.796417,88.0,10.0,167.06511,746.67133,570.5249,112.01617,14.0,20.56572,7.0,18.0,6.0,856.73828,746.67133,0.0,70.572739,34.0,1.0206338,81.401527,0.0,3.0,40.925644,10.0,71.675438,55.0,40.0,6.0,77.697189,6.7813597,47.375866,-0.003000146,53.0,6.0,6.0,11.0,0.00179127,7.0,3.0,0.0,13.0,2.0,0.0,13.566921,4.0,11.0,0.0,0.0,6.0,0.0,-5.88
5.3340001,-8.6083202,3.57427,-0.3578617,-0.84046239,15.808495,6.8598905,-0.20838208,6.8602195,0.088313013,-0.53594488,0.78431785,370.5697,-0.30237678,-0.43912184,-8.5989008,9.3329477,0.0,0.54008973,2.1647811,0.1279964,12.500811,0.41852248,0.1197162,1.4589664,0.018272303,3.0105252,-1.1650271,634.72913,-2.8658757,202.65158,-0.45936254,0.041448314,2.7197008,13.608256,130.45641,14.742526,32.320816,2.7565064,19.719049,13.132648,3.7649143,-0.29497853,0.38036171,0.077219523,21.0,3.627713,3.3489587,11.103734,175.07597,0.10026889,-2.7327073,18.093258,24.871464,3.5295677,18.081635,40.197308,117.55997,271.85153,0.18087657,0.81912345,140.15913,-2.4762423,20.790119,-3.5295677,113.21043,37.882481,0.3888889,34.425316,39.22007,3.3982344,13.7904,87.139664,0.78001493,33.825527,20.82876,0.2199851,61.406727,0.17857143,0.17857143,10372.0,365.29968,3.0,128.38234,22.3925,755.01398,170.46387,2.0,590.85742,0.63636363,110.0,28.0,81.401527,0.23494832,29.877586,49.992279,159.67,77.697189,21.267082,143.17329,120.0,28.739758,66.0,18.439579,11.308639,92.766678,272.0,122.0,774.88824,40.6012,25.223938,92.0,10.0,167.06511,774.88824,604.42438,106.3336,14.0,21.020418,7.0,18.0,6.0,877.815,774.88824,0.0,70.572739,35.0,1.0206331,81.401527,0.0,3.0,44.049957,10.0,53.664684,56.0,41.0,6.0,77.697189,6.8073549,48.369259,-0.003000036,54.0,6.0,6.0,10.0,0.001791204,7.0,3.0,0.0,13.0,2.0,0.0,13.566921,3.0,11.0,0.0,0.0,5.0,0.0,-6.24
5.1370001,-8.7143097,3.23207,-0.36713699,-0.83934492,15.808495,6.3172956,-0.2155181,6.3176355,0.090432316,-0.53576458,0.78959352,370.5697,-0.31146187,-0.46030846,-8.1995106,9.3327312,0.0,0.56363153,2.1273618,0.13711824,12.477974,0.43304425,0.13185085,1.4683273,0.019467426,3.0057549,-1.1662594,600.82965,-2.8708169,202.65158,-0.47525889,0.043242972,2.7165568,13.608256,96.556946,14.742526,32.320816,2.7521181,19.328705,12.901175,3.7667177,-0.31028131,0.38707954,0.079567373,21.0,3.591105,3.3097324,11.306778,171.7943,0.10405808,-2.7284334,16.595089,25.888859,3.446326,17.873632,40.197308,84.662781,271.85153,0.19532248,0.80467749,145.84171,-2.4724531,20.327391,-3.446326,113.21043,34.758167,0.3888889,33.478104,38.25536,3.3614657,14.105903,83.633247,0.76409107,33.825527,20.82876,0.23590893,79.41748,0.18181819,0.18181819,9990.0,332.4025,3.0,125.28875,22.23077,740.987,176.14644,2.0,556.95801,0.63636363,107.0,28.0,81.401527,0.23842676,28.877586,49.992279,168.46001,77.697189,20.812668,143.17329,117.0,27.739758,64.0,18.439579,11.253336,98.449257,266.0,119.0,746.67133,39.730957,24.796417,88.0,10.0,167.06511,746.67133,570.5249,112.01617,14.0,20.56572,7.0,18.0,6.0,856.73828,746.67133,0.0,70.572739,34.0,1.0206616,81.401527,0.0,3.0,40.925644,10.0,71.675438,55.0,40.0,6.0,77.697189,6.7813597,47.375866,-0.003004852,53.0,6.0,6.0,11.0,0.001794083,7.0,3.0,0.0,13.0,2.0,0.0,13.566921,4.0,11.0,0.0,0.0,6.0,0.0,-5.42
4.1110001,-7.6012802,2.6921699,-0.38185328,-0.84206313,15.808495,5.3319907,-0.21605732,5.3323307,0.088269666,-0.53565121,0.79790026,325.35275,-0.34232894,-0.48645151,-7.7814198,9.3329163,0.0,0.61580157,1.7685483,0.15851116,12.496084,0.49301279,0.12954949,1.4885569,0.038064327,3.0343101,-1.1651111,575.91223,-2.8587956,221.51997,-0.51536518,0.050025791,2.7280087,13.045307,116.85645,14.179578,32.320816,2.779654,19.025116,11.304033,3.7401924,-0.33788794,0.45924678,0.07708399,18.0,3.5963774,3.3123169,9.3948851,166.71837,0.10850481,-2.7269962,17.840263,24.641073,3.5314114,16.351595,40.197308,84.662781,205.19952,0.19573347,0.80426651,140.15913,-2.4710639,19.662319,-3.5314114,132.07884,37.882481,0.44444445,32.26218,35.948158,3.3658078,11.774318,80.580421,0.76194572,33.825527,16.417963,0.23805431,61.406727,0.14545454,0.14545454,9397.0,265.75046,3.0,120.86158,20.429419,724.94397,170.46387,2.0,532.04053,0.80000001,103.0,32.0,81.401527,0.24540348,27.714449,68.431854,159.67,77.697189,20.188477,143.17329,112.0,26.576622,60.0,36.879158,11.196194,92.766678,268.0,115.0,716.07135,38.438065,24.491886,89.0,8.0,167.06511,716.07135,545.60748,106.3336,14.0,19.928228,7.0,18.0,6.0,832.76569,716.07135,0.0,70.572739,33.0,1.0206616,81.401527,0.0,3.0,44.049957,8.0,49.253891,55.0,39.0,6.0,77.697189,6.7813597,44.711407,-0.003004849,52.0,6.0,6.0,10.0,0.001794082,7.0,4.0,0.0,13.0,3.0,0.0,13.566921,2.0,10.0,0.0,0.0,4.0,0.0,-5.95
5.3340001,-8.6083202,3.57427,-0.36698803,-0.84130359,15.808495,6.8572626,-0.21319209,6.8576026,0.088319816,-0.53590083,0.78431785,370.5697,-0.31025335,-0.44446942,-8.5978794,9.3329468,0.0,0.5404101,2.1648073,0.12841988,12.500566,0.41856411,0.1197162,1.4589664,0.018405816,3.010644,-1.1651068,634.72913,-2.8655388,202.65158,-0.4615207,0.040837944,2.7221699,13.608256,130.45641,14.742526,32.320816,2.7566624,19.719049,13.132648,3.7641683,-0.29537719,0.38037053,0.077127792,21.0,3.6287801,3.3504505,11.103734,175.07597,0.10026889,-2.7322106,18.081726,24.881483,3.5294061,18.081635,40.197308,117.55997,271.85153,0.18087657,0.81912345,140.15913,-2.475605,20.790119,-3.5294061,113.21043,37.882481,0.3888889,34.425316,39.22007,3.3993995,13.7904,87.139664,0.78001493,33.825527,20.82876,0.2199851,61.406727,0.17857143,0.17857143,10372.0,365.29968,3.0,128.38234,22.3925,755.01398,170.46387,2.0,590.85742,0.63636363,110.0,28.0,81.401527,0.23494832,29.877586,49.992279,159.67,77.697189,21.267082,143.17329,120.0,28.739758,66.0,18.439579,11.308724,92.766678,272.0,122.0,774.88824,40.6012,25.223938,92.0,10.0,167.06511,774.88824,604.42438,106.3336,14.0,21.020418,7.0,18.0,6.0,877.815,774.88824,0.0,70.572739,35.0,1.0206616,81.401527,0.0,3.0,44.049957,10.0,53.664684,56.0,41.0,6.0,77.697189,6.8073549,48.369259,-0.003004842,54.0,6.0,6.0,10.0,0.001794078,7.0,3.0,0.0,13.0,2.0,0.0,13.566921,3.0,11.0,0.0,0.0,5.0,0.0,-5.73
5.3340001,-8.6083202,3.57427,-0.36698803,-0.84130359,15.808495,6.8572626,-0.21319209,6.8576026,0.088319816,-0.53590083,0.78431785,370.5697,-0.31025335,-0.44446942,-8.5978794,9.3329468,0.0,0.5404101,2.1648073,0.12841988,12.500566,0.41856411,0.1197162,1.4589664,0.018405816,3.010644,-1.1651068,634.72913,-2.8655388,202.65158,-0.4615207,0.040837944,2.7221699,13.608256,130.45641,14.742526,32.320816,2.7566624,19.719049,13.132648,3.7641683,-0.29537719,0.38037053,0.077127792,21.0,3.6287801,3.3504505,11.103734,175.07597,0.10026889,-2.7322106,18.081726,24.881483,3.5294061,18.081635,40.197308,117.55997,271.85153,0.18087657,0.81912345,140.15913,-2.475605,20.790119,-3.5294061,113.21043,37.882481,0.3888889,34.425316,39.22007,3.3993995,13.7904,87.139664,0.78001493,33.825527,20.82876,0.2199851,61.406727,0.17857143,0.17857143,10372.0,365.29968,3.0,128.38234,22.3925,755.01398,170.46387,2.0,590.85742,0.63636363,110.0,28.0,81.401527,0.23494832,29.877586,49.992279,159.67,77.697189,21.267082,143.17329,120.0,28.739758,66.0,18.439579,11.308724,92.766678,272.0,122.0,774.88824,40.6012,25.223938,92.0,10.0,167.06511,774.88824,604.42438,106.3336,14.0,21.020418,7.0,18.0,6.0,877.815,774.88824,0.0,70.572739,35.0,1.0206616,81.401527,0.0,3.0,44.049957,10.0,53.664684,56.0,41.0,6.0,77.697189,6.8073549,48.369259,-0.003004842,54.0,6.0,6.0,10.0,0.001794078,7.0,3.0,0.0,13.0,2.0,0.0,13.566921,3.0,11.0,0.0,0.0,5.0,0.0,-7.0
5.5310001,-8.5023298,3.9164701,-0.35661671,-0.8406294,15.808495,7.3992486,-0.20625593,7.3995724,0.086282447,-0.53598756,0.77928954,370.5697,-0.30236042,-0.43233445,-8.9969559,9.3331633,0.0,0.53471178,2.2089617,0.12701815,12.523401,0.41321313,0.10843425,1.4499449,0.015203857,3.0120571,-1.1639822,668.62854,-2.8609266,202.65158,-0.4562887,0.039097201,2.720896,13.608256,164.35587,14.742526,32.320816,2.7577875,20.109394,13.364986,3.756861,-0.29110774,0.37385523,0.075348169,21.0,3.666609,3.3908002,10.915775,178.34322,0.096745975,-2.7374866,19.580135,23.866331,3.6126323,18.291813,40.197308,150.45715,271.85153,0.16744576,0.83255422,134.47655,-2.4800308,21.25285,-3.6126323,113.21043,41.006798,0.3888889,35.372528,40.185974,3.4370589,13.5,90.646072,0.79481977,33.825527,20.82876,0.20518023,43.395977,0.1754386,0.1754386,10735.0,398.19687,3.0,131.47592,22.558893,769.04095,164.78128,2.0,624.7569,0.63636363,113.0,28.0,81.401527,0.23157986,30.877586,49.992279,150.88,77.697189,21.721497,143.17329,123.0,29.739758,68.0,18.439579,11.36366,87.084099,278.0,125.0,803.1051,41.471443,25.651457,96.0,10.0,167.06511,803.1051,638.32385,100.65102,14.0,21.474892,7.0,18.0,6.0,898.89178,803.1051,0.0,70.572739,36.0,1.0206177,81.401527,0.0,3.0,47.174271,10.0,35.653934,57.0,42.0,6.0,77.697189,6.83289,49.362881,-0.002997434,55.0,6.0,6.0,9.0,0.001789648,7.0,3.0,0.0,13.0,2.0,0.0,13.566921,3.0,11.0,0.0,0.0,5.0,0.0,-5.82
5.3340001,-8.6083202,3.57427,-0.36698803,-0.84130359,15.808495,6.8572626,-0.21319209,6.8576026,0.088319816,-0.53590083,0.78431785,370.5697,-0.31025335,-0.44446942,-8.5978794,9.3329468,0.0,0.5404101,2.1648073,0.12841988,12.500566,0.41856411,0.1197162,1.4589664,0.018405816,3.010644,-1.1651068,634.72913,-2.8655388,202.65158,-0.4615207,0.040837944,2.7221699,13.608256,130.45641,14.742526,32.320816,2.7566624,19.719049,13.132648,3.7641683,-0.29537719,0.38037053,0.077127792,21.0,3.6287801,3.3504505,11.103734,175.07597,0.10026889,-2.7322106,18.081726,24.881483,3.5294061,18.081635,40.197308,117.55997,271.85153,0.18087657,0.81912345,140.15913,-2.475605,20.790119,-3.5294061,113.21043,37.882481,0.3888889,34.425316,39.22007,3.3993995,13.7904,87.139664,0.78001493,33.825527,20.82876,0.2199851,61.406727,0.17857143,0.17857143,10372.0,365.29968,3.0,128.38234,22.3925,755.01398,170.46387,2.0,590.85742,0.63636363,110.0,28.0,81.401527,0.23494832,29.877586,49.992279,159.67,77.697189,21.267082,143.17329,120.0,28.739758,66.0,18.439579,11.308724,92.766678,272.0,122.0,774.88824,40.6012,25.223938,92.0,10.0,167.06511,774.88824,604.42438,106.3336,14.0,21.020418,7.0,18.0,6.0,877.815,774.88824,0.0,70.572739,35.0,1.0206616,81.401527,0.0,3.0,44.049957,10.0,53.664684,56.0,41.0,6.0,77.697189,6.8073549,48.369259,-0.003004842,54.0,6.0,6.0,10.0,0.001794078,7.0,3.0,0.0,13.0,2.0,0.0,13.566921,3.0,11.0,0.0,0.0,5.0,0.0,-6.54
5.1370001,-8.7143097,3.23207,-0.36713699,-0.83934492,15.808495,6.3172956,-0.2155181,6.3176355,0.090432316,-0.53576458,0.78959352,370.5697,-0.31146187,-0.46030846,-8.1995106,9.3327312,0.0,0.56363153,2.1273618,0.13711824,12.477974,0.43304425,0.13185085,1.4683273,0.019467426,3.0057549,-1.1662594,600.82965,-2.8708169,202.65158,-0.47525889,0.043242972,2.7165568,13.608256,96.556946,14.742526,32.320816,2.7521181,19.328705,12.901175,3.7667177,-0.31028131,0.38707954,0.079567373,21.0,3.591105,3.3097324,11.306778,171.7943,0.10405808,-2.7284334,16.595089,25.888859,3.446326,17.873632,40.197308,84.662781,271.85153,0.19532248,0.80467749,145.84171,-2.4724531,20.327391,-3.446326,113.21043,34.758167,0.3888889,33.478104,38.25536,3.3614657,14.105903,83.633247,0.76409107,33.825527,20.82876,0.23590893,79.41748,0.18181819,0.18181819,9990.0,332.4025,3.0,125.28875,22.23077,740.987,176.14644,2.0,556.95801,0.63636363,107.0,28.0,81.401527,0.23842676,28.877586,49.992279,168.46001,77.697189,20.812668,143.17329,117.0,27.739758,64.0,18.439579,11.253336,98.449257,266.0,119.0,746.67133,39.730957,24.796417,88.0,10.0,167.06511,746.67133,570.5249,112.01617,14.0,20.56572,7.0,18.0,6.0,856.73828,746.67133,0.0,70.572739,34.0,1.0206616,81.401527,0.0,3.0,40.925644,10.0,71.675438,55.0,40.0,6.0,77.697189,6.7813597,47.375866,-0.003004852,53.0,6.0,6.0,11.0,0.001794083,7.0,3.0,0.0,13.0,2.0,0.0,13.566921,4.0,11.0,0.0,0.0,6.0,0.0,-6.17
4.743,-8.9262896,2.5476699,-0.36753029,-0.83912516,15.808495,5.2347112,-0.21893343,5.2350574,0.095013782,-0.53557402,0.80096388,370.5697,-0.31897238,-0.48684505,-7.401619,9.3322973,0.0,0.59597051,2.0422966,0.15122849,12.432638,0.45341608,0.15909654,1.4881462,0.024780791,3.0038259,-1.167057,533.0307,-2.882278,202.65158,-0.49977624,0.046404615,2.7145169,13.608256,28.758026,14.742526,32.320816,2.7505443,18.548018,12.441095,3.7826133,-0.33116147,0.40234792,0.083704077,21.0,3.5115564,3.2236996,11.811868,165.18422,0.11256586,-2.7115493,13.612513,27.913586,3.2801476,17.464907,40.197308,18.868406,271.85153,0.2277576,0.77224243,157.20685,-2.4586413,19.40193,-3.2801476,113.21043,28.509541,0.3888889,31.583675,36.329762,3.2817996,14.876033,76.620422,0.72833759,33.825527,20.82876,0.27166238,115.43898,0.18867925,0.18867925,9286.0,266.60812,4.0,119.10158,21.922937,712.93298,187.5116,3.0,489.15906,0.63636363,101.0,28.0,81.401527,0.24573661,26.877586,49.992279,186.03999,77.697189,19.903839,143.17329,111.0,25.739758,60.0,18.439579,11.138001,109.81441,254.0,113.0,690.23761,37.990471,23.941376,80.0,10.0,167.06511,690.23761,502.72598,123.38132,14.0,19.655594,7.0,18.0,6.0,814.58478,690.23761,0.0,70.572739,32.0,1.0206779,81.401527,0.0,3.0,34.677017,10.0,107.69694,53.0,38.0,6.0,77.697189,6.7279205,45.38982,-0.003007597,51.0,6.0,6.0,13.0,0.001795725,7.0,3.0,0.0,13.0,2.0,0.0,13.566921,3.0,11.0,0.0,0.0,5.0,0.0,-6.23
5.3340001,-8.6083202,3.57427,-0.36698803,-0.84130359,15.808495,6.8572626,-0.21319209,6.8576026,0.088319816,-0.53590083,0.78431785,370.5697,-0.31025335,-0.44446942,-8.5978794,9.3329468,0.0,0.5404101,2.1648073,0.12841988,12.500566,0.41856411,0.1197162,1.4589664,0.018405816,3.010644,-1.1651068,634.72913,-2.8655388,202.65158,-0.4615207,0.040837944,2.7221699,13.608256,130.45641,14.742526,32.320816,2.7566624,19.719049,13.132648,3.7641683,-0.29537719,0.38037053,0.077127792,21.0,3.6287801,3.3504505,11.103734,175.07597,0.10026889,-2.7322106,18.081726,24.881483,3.5294061,18.081635,40.197308,117.55997,271.85153,0.18087657,0.81912345,140.15913,-2.475605,20.790119,-3.5294061,113.21043,37.882481,0.3888889,34.425316,39.22007,3.3993995,13.7904,87.139664,0.78001493,33.825527,20.82876,0.2199851,61.406727,0.17857143,0.17857143,10372.0,365.29968,3.0,128.38234,22.3925,755.01398,170.46387,2.0,590.85742,0.63636363,110.0,28.0,81.401527,0.23494832,29.877586,49.992279,159.67,77.697189,21.267082,143.17329,120.0,28.739758,66.0,18.439579,11.308724,92.766678,272.0,122.0,774.88824,40.6012,25.223938,92.0,10.0,167.06511,774.88824,604.42438,106.3336,14.0,21.020418,7.0,18.0,6.0,877.815,774.88824,0.0,70.572739,35.0,1.0206616,81.401527,0.0,3.0,44.049957,10.0,53.664684,56.0,41.0,6.0,77.697189,6.8073549,48.369259,-0.003004842,54.0,6.0,6.0,10.0,0.001794078,7.0,3.0,0.0,13.0,2.0,0.0,13.566921,3.0,11.0,0.0,0.0,5.0,0.0,-5.64
4.743,-8.9262896,2.5476699,-0.36753029,-0.83912516,15.808495,5.2347112,-0.21893343,5.2350574,0.095013782,-0.53557402,0.80096388,370.5697,-0.31897238,-0.48684505,-7.401619,9.3322973,0.0,0.59597051,2.0422966,0.15122849,12.432638,0.45341608,0.15909654,1.4881462,0.024780791,3.0038259,-1.167057,533.0307,-2.882278,202.65158,-0.49977624,0.046404615,2.7145169,13.608256,28.758026,14.742526,32.320816,2.7505443,18.548018,12.441095,3.7826133,-0.33116147,0.40234792,0.083704077,21.0,3.5115564,3.2236996,11.811868,165.18422,0.11256586,-2.7115493,13.612513,27.913586,3.2801476,17.464907,40.197308,18.868406,271.85153,0.2277576,0.77224243,157.20685,-2.4586413,19.40193,-3.2801476,113.21043,28.509541,0.3888889,31.583675,36.329762,3.2817996,14.876033,76.620422,0.72833759,33.825527,20.82876,0.27166238,115.43898,0.18867925,0.18867925,9286.0,266.60812,4.0,119.10158,21.922937,712.93298,187.5116,3.0,489.15906,0.63636363,101.0,28.0,81.401527,0.24573661,26.877586,49.992279,186.03999,77.697189,19.903839,143.17329,111.0,25.739758,60.0,18.439579,11.138001,109.81441,254.0,113.0,690.23761,37.990471,23.941376,80.0,10.0,167.06511,690.23761,502.72598,123.38132,14.0,19.655594,7.0,18.0,6.0,814.58478,690.23761,0.0,70.572739,32.0,1.0206779,81.401527,0.0,3.0,34.677017,10.0,107.69694,53.0,38.0,6.0,77.697189,6.7279205,45.38982,-0.003007597,51.0,6.0,6.0,13.0,0.001795725,7.0,3.0,0.0,13.0,2.0,0.0,13.566921,3.0,11.0,0.0,0.0,5.0,0.0,-6.96
5.2529998,-9.73106,3.32337,-0.35240901,-0.86051941,29.207598,5.8568664,-0.21900006,5.8568664,0.093986869,-0.53557438,0.79447436,420.20374,-0.31308156,-0.44016227,-8.2117949,10.69818,0.1509434,0.62448668,1.6986922,0.14818507,11.561097,0.45510095,0.16426767,1.48365,0.062754408,3.0038457,-1.1670736,587.60535,-2.8823566,220.29475,-0.49718869,0.046548493,2.7145095,14.191589,20.299505,15.57586,26.64856,2.7507191,19.407743,11.496729,3.8380089,-0.33118856,0.52115297,0.082816057,21.0,3.5277798,3.2396173,10.773957,169.13611,0.11050623,-2.7114723,13.18865,28.140064,3.3159871,16.957298,40.197308,18.868406,266.60812,0.16426767,0.83573234,115.49698,-2.4586308,20.42112,-3.3159871,113.21043,3.1243138,0.3888889,32.71381,35.933002,3.295233,13.816559,78.373627,0.7252261,0.0,20.399931,0.2747739,90.053757,0.17857143,0.17857143,10325.0,266.60812,4.0,123.58637,21.671528,735.97101,193.19417,3.0,509.90814,0.63636363,101.0,32.0,81.401527,0.24170427,28.162043,49.992279,181.60001,77.697189,20.80818,143.17329,114.0,26.817108,61.0,18.439579,11.245952,115.49698,270.0,117.0,703.10229,38.982033,25.013855,84.0,10.0,183.85065,703.10229,509.90814,115.49698,14.0,20.561451,6.0,18.0,6.0,848.96753,703.10229,0.0,92.933022,34.0,1.0,81.401527,0.0,3.0,34.677017,10.0,124.48247,56.0,40.0,9.0,77.697189,6.8073549,45.698978,0.0,53.0,7.0,10.0,12.0,0.0,6.0,4.0,4.7171016,13.0,3.0,0.0,0.0,4.0,11.0,0.0,0.0,6.0,0.0,-5.48
4.2270002,-8.6180296,2.7834699,-0.36252132,-0.86051941,29.207598,4.8716249,-0.22233817,4.8716249,0.091652416,-0.5354082,0.80300122,374.98679,-0.34620064,-0.45862833,-7.7937336,10.698365,0.15384616,0.62632072,1.4688106,0.1604728,11.57921,0.50615609,0.16329224,1.5042698,0.068313897,3.0334883,-1.1665715,562.68787,-2.8739672,239.16316,-0.52458686,0.052769635,2.7272365,13.628641,40.59901,15.012911,26.64856,2.7790322,19.104153,10.065168,3.8186152,-0.34646839,0.55117834,0.080744229,18.0,3.5333099,3.2418535,8.9577188,163.96541,0.11553445,-2.7066576,14.433986,26.89204,3.4010725,15.509207,40.197308,18.868406,199.95609,0.16329224,0.83670777,109.81441,-2.4543281,19.75605,-3.4010725,132.07884,6.2486277,0.44444445,31.497889,33.746971,3.2998104,11.5468,75.320801,0.72117329,0.0,15.989136,0.27882668,72.042999,0.14285715,0.14285715,9729.0,199.95609,3.0,119.1592,19.921875,719.92798,187.5116,2.0,484.99072,0.80000001,97.0,36.0,81.401527,0.24876592,26.998907,68.431854,172.81,77.697189,20.18399,143.17329,109.0,25.653971,57.0,36.879158,11.187761,109.81441,272.0,113.0,672.50232,37.68914,24.709326,85.0,8.0,183.85065,672.50232,484.99072,109.81441,14.0,19.922482,6.0,18.0,6.0,824.995,672.50232,0.0,92.933022,33.0,1.0,81.401527,0.0,3.0,37.801331,8.0,102.06092,56.0,39.0,9.0,77.697189,6.8073549,43.128826,0.0,52.0,7.0,10.0,11.0,0.0,6.0,5.0,4.7171016,13.0,4.0,0.0,0.0,3.0,10.0,0.0,0.0,5.0,0.0,-6.72
5.2529998,-9.73106,3.32337,-0.35240901,-0.86051941,29.207598,5.8568664,-0.21900006,5.8568664,0.093986869,-0.53557438,0.79447436,420.20374,-0.31308156,-0.44016227,-8.2117949,10.69818,0.1509434,0.62448668,1.6986922,0.14818507,11.561097,0.45510095,0.16426767,1.48365,0.062754408,3.0038457,-1.1670736,587.60535,-2.8823566,220.29475,-0.49718869,0.046548493,2.7145095,14.191589,20.299505,15.57586,26.64856,2.7507191,19.407743,11.496729,3.8380089,-0.33118856,0.52115297,0.082816057,21.0,3.5277798,3.2396173,10.773957,169.13611,0.11050623,-2.7114723,13.18865,28.140064,3.3159871,16.957298,40.197308,18.868406,266.60812,0.16426767,0.83573234,115.49698,-2.4586308,20.42112,-3.3159871,113.21043,3.1243138,0.3888889,32.71381,35.933002,3.295233,13.816559,78.373627,0.7252261,0.0,20.399931,0.2747739,90.053757,0.17857143,0.17857143,10325.0,266.60812,4.0,123.58637,21.671528,735.97101,193.19417,3.0,509.90814,0.63636363,101.0,32.0,81.401527,0.24170427,28.162043,49.992279,181.60001,77.697189,20.80818,143.17329,114.0,26.817108,61.0,18.439579,11.245952,115.49698,270.0,117.0,703.10229,38.982033,25.013855,84.0,10.0,183.85065,703.10229,509.90814,115.49698,14.0,20.561451,6.0,18.0,6.0,848.96753,703.10229,0.0,92.933022,34.0,1.0,81.401527,0.0,3.0,34.677017,10.0,124.48247,56.0,40.0,9.0,77.697189,6.8073549,45.698978,0.0,53.0,7.0,10.0,12.0,0.0,6.0,4.0,4.7171016,13.0,3.0,0.0,0.0,4.0,11.0,0.0,0.0,6.0,0.0,-6.55
5.2529998,-9.73106,3.32337,-0.35240901,-0.86051941,29.207598,5.8568664,-0.21900006,5.8568664,0.093986869,-0.53557438,0.79447436,420.20374,-0.31308156,-0.44016227,-8.2117949,10.69818,0.1509434,0.62448668,1.6986922,0.14818507,11.561097,0.45510095,0.16426767,1.48365,0.062754408,3.0038457,-1.1670736,587.60535,-2.8823566,220.29475,-0.49718869,0.046548493,2.7145095,14.191589,20.299505,15.57586,26.64856,2.7507191,19.407743,11.496729,3.8380089,-0.33118856,0.52115297,0.082816057,21.0,3.5277798,3.2396173,10.773957,169.13611,0.11050623,-2.7114723,13.18865,28.140064,3.3159871,16.957298,40.197308,18.868406,266.60812,0.16426767,0.83573234,115.49698,-2.4586308,20.42112,-3.3159871,113.21043,3.1243138,0.3888889,32.71381,35.933002,3.295233,13.816559,78.373627,0.7252261,0.0,20.399931,0.2747739,90.053757,0.17857143,0.17857143,10325.0,266.60812,4.0,123.58637,21.671528,735.97101,193.19417,3.0,509.90814,0.63636363,101.0,32.0,81.401527,0.24170427,28.162043,49.992279,181.60001,77.697189,20.80818,143.17329,114.0,26.817108,61.0,18.439579,11.245952,115.49698,270.0,117.0,703.10229,38.982033,25.013855,84.0,10.0,183.85065,703.10229,509.90814,115.49698,14.0,20.561451,6.0,18.0,6.0,848.96753,703.10229,0.0,92.933022,34.0,1.0,81.401527,0.0,3.0,34.677017,10.0,124.48247,56.0,40.0,9.0,77.697189,6.8073549,45.698978,0.0,53.0,7.0,10.0,12.0,0.0,6.0,4.0,4.7171016,13.0,3.0,0.0,0.0,4.0,11.0,0.0,0.0,6.0,0.0,-5.6
5.2529998,-9.73106,3.32337,-0.35240901,-0.86051941,29.207598,5.8568664,-0.21900006,5.8568664,0.093986869,-0.53557438,0.79447436,420.20374,-0.31308156,-0.44016227,-8.2117949,10.69818,0.1509434,0.62448668,1.6986922,0.14818507,11.561097,0.45510095,0.16426767,1.48365,0.062754408,3.0038457,-1.1670736,587.60535,-2.8823566,220.29475,-0.49718869,0.046548493,2.7145095,14.191589,20.299505,15.57586,26.64856,2.7507191,19.407743,11.496729,3.8380089,-0.33118856,0.52115297,0.082816057,21.0,3.5277798,3.2396173,10.773957,169.13611,0.11050623,-2.7114723,13.18865,28.140064,3.3159871,16.957298,40.197308,18.868406,266.60812,0.16426767,0.83573234,115.49698,-2.4586308,20.42112,-3.3159871,113.21043,3.1243138,0.3888889,32.71381,35.933002,3.295233,13.816559,78.373627,0.7252261,0.0,20.399931,0.2747739,90.053757,0.17857143,0.17857143,10325.0,266.60812,4.0,123.58637,21.671528,735.97101,193.19417,3.0,509.90814,0.63636363,101.0,32.0,81.401527,0.24170427,28.162043,49.992279,181.60001,77.697189,20.80818,143.17329,114.0,26.817108,61.0,18.439579,11.245952,115.49698,270.0,117.0,703.10229,38.982033,25.013855,84.0,10.0,183.85065,703.10229,509.90814,115.49698,14.0,20.561451,6.0,18.0,6.0,848.96753,703.10229,0.0,92.933022,34.0,1.0,81.401527,0.0,3.0,34.677017,10.0,124.48247,56.0,40.0,9.0,77.697189,6.8073549,45.698978,0.0,53.0,7.0,10.0,12.0,0.0,6.0,4.0,4.7171016,13.0,3.0,0.0,0.0,4.0,11.0,0.0,0.0,6.0,0.0,-5.78
5.2529998,-8.7907104,3.32337,-0.350382,-0.86051792,29.207598,5.1026716,-0.21266146,5.1026716,0.093986779,-0.53604937,0.79447436,420.20374,-0.31248283,-0.42701882,-7.9267116,10.69818,0.1509434,0.60425609,1.7213608,0.1387351,11.561163,0.44094226,0.16426767,1.48365,0.061783534,3.0095899,-1.1672463,587.60535,-2.8949008,220.29475,-0.47580582,0.040244151,2.7144163,14.356114,20.299505,15.740384,26.64856,2.7568562,19.572268,11.496729,3.8189566,-0.31839165,0.50965887,0.082815975,21.0,3.5562184,3.2662423,9.5552988,169.13611,0.11050623,-2.7199171,13.171695,28.12281,3.3159902,16.957298,40.197308,18.868406,266.60812,0.16426767,0.83573234,115.49698,-2.4675124,20.42112,-3.3159902,113.21043,3.1243138,0.3888889,32.71381,35.933002,3.3242126,12.253747,78.373627,0.7252261,0.0,20.399931,0.2747739,90.053757,0.17857143,0.17857143,10181.0,266.60812,4.0,123.58637,21.671528,735.97101,193.19417,3.0,509.90814,0.63636363,101.0,32.0,81.401527,0.24170427,28.162043,49.992279,181.60001,77.697189,20.80818,143.17329,114.0,26.817108,61.0,18.439579,11.246307,115.49698,270.0,117.0,703.10229,38.982033,25.178381,90.0,10.0,183.85065,703.10229,509.90814,115.49698,14.0,20.59166,6.0,18.0,6.0,848.96753,703.10229,0.0,92.933022,34.0,1.0,81.401527,0.0,3.0,34.677017,10.0,124.48247,56.0,40.0,9.0,77.697189,6.8073549,45.698978,0.0,53.0,7.0,10.0,12.0,0.0,6.0,4.0,4.7171016,13.0,3.0,0.0,0.0,4.0,11.0,0.0,0.0,6.0,0.0,-6.39
2.1630001,-7.5734601,1.13411,-0.39000916,-0.86051625,60.824585,3.6846051,-0.22340214,0.60344565,0.083735868,-0.5286656,0.81440961,189.70193,-0.39372486,-0.53807992,-8.0831337,16.827934,0.20338982,0.7390939,1.314695,0.18626277,14.824323,0.62351364,0.17758147,1.557963,0.14032654,2.9949009,-1.3632903,417.47855,-2.8902628,415.595,-0.56993294,0.076899432,2.6896958,14.470704,40.59901,17.77599,39.488358,2.7418919,20.353306,10.858829,3.9468095,-0.42692316,0.67789757,0.074379534,22.0,3.486372,3.1690574,10.247971,176.04982,0.11612307,-2.6708901,15.470663,32.662521,3.7218213,17.887268,41.956276,56.605217,33.326015,0.42558333,0.5744167,309.30841,-2.4186029,22.12694,-3.7218213,94.342026,28.509541,0.44999999,33.194042,35.817142,3.2433279,13.995691,70.06118,0.70629543,162.50203,9.1278973,0.29370454,148.33617,0.171875,0.171875,13808.0,33.326015,5.0,127.86082,24.333937,806.96497,213.46063,3.0,502.28339,0.81818181,90.0,44.0,81.401527,0.22728641,29.069975,68.431854,227.85001,77.697189,22.602154,143.17329,113.0,26.272774,54.0,36.879158,11.557405,129.0639,304.0,118.0,726.78699,41.889965,28.498444,95.0,11.0,190.31929,726.78699,513.32629,146.8064,3.9151244,22.406485,7.0,20.0,6.0,924.02271,726.78699,0.0,269.36487,38.0,1.0066818,81.401527,6.6995511,5.0,34.677017,11.0,106.83928,64.0,44.0,21.0,84.396736,7.0,48.456055,0.99917817,59.0,8.0,22.0,16.0,4.2351608,8.0,6.0,37.614288,15.0,5.0,0.0,0.0,3.0,11.0,0.0,0.0,5.0,0.0,-7.1
2.1630001,-7.5734601,1.13411,-0.39000916,-0.86051625,60.824585,3.6846051,-0.22340214,0.60344565,0.083735868,-0.5286656,0.81440961,189.70193,-0.39372486,-0.53807992,-8.0831337,16.827934,0.20338982,0.7390939,1.314695,0.18626277,14.824323,0.62351364,0.17758147,1.557963,0.14032654,2.9949009,-1.3632903,417.47855,-2.8902628,415.595,-0.56993294,0.076899432,2.6896958,14.470704,40.59901,17.77599,39.488358,2.7418919,20.353306,10.858829,3.9468095,-0.42692316,0.67789757,0.074379534,22.0,3.486372,3.1690574,10.247971,176.04982,0.11612307,-2.6708901,15.470663,32.662521,3.7218213,17.887268,41.956276,56.605217,33.326015,0.42558333,0.5744167,309.30841,-2.4186029,22.12694,-3.7218213,94.342026,28.509541,0.44999999,33.194042,35.817142,3.2433279,13.995691,70.06118,0.70629543,162.50203,9.1278973,0.29370454,148.33617,0.171875,0.171875,13808.0,33.326015,5.0,127.86082,24.333937,806.96497,213.46063,3.0,502.28339,0.81818181,90.0,44.0,81.401527,0.22728641,29.069975,68.431854,227.85001,77.697189,22.602154,143.17329,113.0,26.272774,54.0,36.879158,11.557405,129.0639,304.0,118.0,726.78699,41.889965,28.498444,95.0,11.0,190.31929,726.78699,513.32629,146.8064,3.9151244,22.406485,7.0,20.0,6.0,924.02271,726.78699,0.0,269.36487,38.0,1.0066818,81.401527,6.6995511,5.0,34.677017,11.0,106.83928,64.0,44.0,21.0,84.396736,7.0,48.456055,0.99917817,59.0,8.0,22.0,16.0,4.2351608,8.0,6.0,37.614288,15.0,5.0,0.0,0.0,3.0,11.0,0.0,0.0,5.0,0.0,-7.05
1.574,-6.4046102,0.30333999,-0.39000916,-0.83912122,31.616989,2.6775203,-0.22078753,2.6778662,0.094276935,-0.53352064,0.82515371,169.47636,-0.39636448,-0.53807992,-6.0708456,12.397199,0.021276595,0.71442968,1.5751328,0.18308596,12.411865,0.58070201,0.18308391,1.5808717,0.13821536,3.0012429,-1.1670475,361.34583,-2.8630142,253.13069,-0.55312836,0.072236463,2.711822,11.009379,28.758026,13.114194,31.524422,2.7482057,16.014017,9.0628223,3.8683147,-0.39121345,0.67211181,0.083715543,17.0,3.3532224,3.0420074,9.0425968,143.85933,0.16338128,-2.6808207,14.220887,28.619946,3.3057845,14.423934,33.497757,37.736813,105.22147,0.39755985,0.60244012,238.45787,-2.4303303,17.255329,-3.3057845,56.605217,28.509541,0.5,26.953918,29.530962,3.1146507,12.32609,59.129108,0.65353483,115.07654,10.781946,0.3464652,115.43898,0.12,0.12,7863.0,99.978043,4.0,101.39289,19.565218,648.76099,207.8111,3.0,398.72519,1.0,76.0,34.0,81.401527,0.26595098,22.973963,68.431854,186.03999,77.697189,17.818501,143.17329,91.0,21.110001,44.0,36.879158,10.876521,109.81441,238.0,94.0,599.80371,34.086845,22.404795,74.0,6.0,163.08315,599.80371,391.99258,123.38132,14.0,17.597973,7.0,20.0,6.0,732.48047,599.80371,0.0,158.78867,28.0,1.0206776,81.401527,20.299505,3.0,34.677017,6.0,94.464546,50.0,34.0,12.0,97.996689,6.643856,39.7808,-0.003007533,47.0,6.0,12.0,13.0,0.001795686,7.0,4.0,0.0,13.0,3.0,0.0,13.566921,3.0,10.0,0.0,0.0,5.0,0.0,-8.3
1.574,-6.4046102,0.30333999,-0.39000916,-0.83912122,31.616989,2.6775203,-0.22078753,2.6778662,0.094276935,-0.53352064,0.82515371,169.47636,-0.39636448,-0.53807992,-6.0708456,12.397199,0.021276595,0.71442968,1.5751328,0.18308596,12.411865,0.58070201,0.18308391,1.5808717,0.13821536,3.0012429,-1.1670475,361.34583,-2.8630142,253.13069,-0.55312836,0.072236463,2.711822,11.009379,28.758026,13.114194,31.524422,2.7482057,16.014017,9.0628223,3.8683147,-0.39121345,0.67211181,0.083715543,17.0,3.3532224,3.0420074,9.0425968,143.85933,0.16338128,-2.6808207,14.220887,28.619946,3.3057845,14.423934,33.497757,37.736813,105.22147,0.39755985,0.60244012,238.45787,-2.4303303,17.255329,-3.3057845,56.605217,28.509541,0.5,26.953918,29.530962,3.1146507,12.32609,59.129108,0.65353483,115.07654,10.781946,0.3464652,115.43898,0.12,0.12,7863.0,99.978043,4.0,101.39289,19.565218,648.76099,207.8111,3.0,398.72519,1.0,76.0,34.0,81.401527,0.26595098,22.973963,68.431854,186.03999,77.697189,17.818501,143.17329,91.0,21.110001,44.0,36.879158,10.876521,109.81441,238.0,94.0,599.80371,34.086845,22.404795,74.0,6.0,163.08315,599.80371,391.99258,123.38132,14.0,17.597973,7.0,20.0,6.0,732.48047,599.80371,0.0,158.78867,28.0,1.0206776,81.401527,20.299505,3.0,34.677017,6.0,94.464546,50.0,34.0,12.0,97.996689,6.643856,39.7808,-0.003007533,47.0,6.0,12.0,13.0,0.001795686,7.0,4.0,0.0,13.0,3.0,0.0,13.566921,3.0,10.0,0.0,0.0,5.0,0.0,-7.18
2.5999999,-7.5176401,0.84324002,-0.38457191,-0.81988519,31.616989,3.6616266,-0.22165909,3.6619732,0.083351374,-0.53473151,0.81488204,214.6933,-0.39343876,-0.53807992,-6.4883714,12.397014,0.020833334,0.7146216,1.8902178,0.18061323,12.393719,0.59338468,0.18321113,1.556167,0.14229633,2.9405878,-1.1670467,386.26328,-2.8809988,234.26228,-0.55938637,0.073184334,2.699101,11.572328,8.458519,13.677142,31.524422,2.690011,16.317608,10.542195,3.8756859,-0.40820563,0.64507174,0.085927613,20.0,3.3429854,3.0370796,11.274308,149.39203,0.15545069,-2.6974244,12.972976,29.872196,3.2206821,15.966134,33.497757,37.736813,171.8735,0.38727635,0.61272365,244.14044,-2.4461389,17.920401,-3.2206821,37.736813,25.385227,0.5,28.169842,31.69367,3.1057951,15.257171,62.181934,0.66133815,115.07654,15.192742,0.33866182,133.44974,0.16,0.16,8371.0,166.63008,4.0,105.82006,21.507786,664.80402,213.49367,3.0,423.64261,1.0,80.0,30.0,81.401527,0.25768197,24.137098,49.992279,194.83,77.697189,18.44269,143.17329,96.0,22.273138,48.0,18.439579,10.94424,115.49698,236.0,98.0,630.40369,35.379742,22.709326,73.0,8.0,163.08315,630.40369,416.91003,129.0639,14.0,18.242588,7.0,20.0,6.0,756.45306,630.40369,0.0,158.78867,29.0,1.0206778,81.401527,20.299505,3.0,31.552702,8.0,116.88609,50.0,35.0,12.0,97.996689,6.643856,42.4128,-0.003007578,48.0,6.0,12.0,14.0,0.001795713,7.0,3.0,0.0,13.0,2.0,0.0,13.566921,3.0,10.0,0.0,0.0,5.0,0.0,-7.62
1.574,-6.4046102,0.30333999,-0.39000916,-0.83912122,31.616989,2.6775203,-0.22078753,2.6778662,0.094276935,-0.53352064,0.82515371,169.47636,-0.39636448,-0.53807992,-6.0708456,12.397199,0.021276595,0.71442968,1.5751328,0.18308596,12.411865,0.58070201,0.18308391,1.5808717,0.13821536,3.0012429,-1.1670475,361.34583,-2.8630142,253.13069,-0.55312836,0.072236463,2.711822,11.009379,28.758026,13.114194,31.524422,2.7482057,16.014017,9.0628223,3.8683147,-0.39121345,0.67211181,0.083715543,17.0,3.3532224,3.0420074,9.0425968,143.85933,0.16338128,-2.6808207,14.220887,28.619946,3.3057845,14.423934,33.497757,37.736813,105.22147,0.39755985,0.60244012,238.45787,-2.4303303,17.255329,-3.3057845,56.605217,28.509541,0.5,26.953918,29.530962,3.1146507,12.32609,59.129108,0.65353483,115.07654,10.781946,0.3464652,115.43898,0.12,0.12,7863.0,99.978043,4.0,101.39289,19.565218,648.76099,207.8111,3.0,398.72519,1.0,76.0,34.0,81.401527,0.26595098,22.973963,68.431854,186.03999,77.697189,17.818501,143.17329,91.0,21.110001,44.0,36.879158,10.876521,109.81441,238.0,94.0,599.80371,34.086845,22.404795,74.0,6.0,163.08315,599.80371,391.99258,123.38132,14.0,17.597973,7.0,20.0,6.0,732.48047,599.80371,0.0,158.78867,28.0,1.0206776,81.401527,20.299505,3.0,34.677017,6.0,94.464546,50.0,34.0,12.0,97.996689,6.643856,39.7808,-0.003007533,47.0,6.0,12.0,13.0,0.001795686,7.0,4.0,0.0,13.0,3.0,0.0,13.566921,3.0,10.0,0.0,0.0,5.0,0.0,-7.92
1.574,-6.4046102,0.30333999,-0.39000916,-0.83912122,31.616989,2.6775203,-0.22078753,2.6778662,0.094276935,-0.53352064,0.82515371,169.47636,-0.39636448,-0.53807992,-6.0708456,12.397199,0.021276595,0.71442968,1.5751328,0.18308596,12.411865,0.58070201,0.18308391,1.5808717,0.13821536,3.0012429,-1.1670475,361.34583,-2.8630142,253.13069,-0.55312836,0.072236463,2.711822,11.009379,28.758026,13.114194,31.524422,2.7482057,16.014017,9.0628223,3.8683147,-0.39121345,0.67211181,0.083715543,17.0,3.3532224,3.0420074,9.0425968,143.85933,0.16338128,-2.6808207,14.220887,28.619946,3.3057845,14.423934,33.497757,37.736813,105.22147,0.39755985,0.60244012,238.45787,-2.4303303,17.255329,-3.3057845,56.605217,28.509541,0.5,26.953918,29.530962,3.1146507,12.32609,59.129108,0.65353483,115.07654,10.781946,0.3464652,115.43898,0.12,0.12,7863.0,99.978043,4.0,101.39289,19.565218,648.76099,207.8111,3.0,398.72519,1.0,76.0,34.0,81.401527,0.26595098,22.973963,68.431854,186.03999,77.697189,17.818501,143.17329,91.0,21.110001,44.0,36.879158,10.876521,109.81441,238.0,94.0,599.80371,34.086845,22.404795,74.0,6.0,163.08315,599.80371,391.99258,123.38132,14.0,17.597973,7.0,20.0,6.0,732.48047,599.80371,0.0,158.78867,28.0,1.0206776,81.401527,20.299505,3.0,34.677017,6.0,94.464546,50.0,34.0,12.0,97.996689,6.643856,39.7808,-0.003007533,47.0,6.0,12.0,13.0,0.001795686,7.0,4.0,0.0,13.0,3.0,0.0,13.566921,3.0,10.0,0.0,0.0,5.0,0.0,-8.05
1.574,-6.4046102,0.30333999,-0.39000916,-0.83912122,31.616989,2.6775203,-0.22078753,2.6778662,0.094276935,-0.53352064,0.82515371,169.47636,-0.39636448,-0.53807992,-6.0708456,12.397199,0.021276595,0.71442968,1.5751328,0.18308596,12.411865,0.58070201,0.18308391,1.5808717,0.13821536,3.0012429,-1.1670475,361.34583,-2.8630142,253.13069,-0.55312836,0.072236463,2.711822,11.009379,28.758026,13.114194,31.524422,2.7482057,16.014017,9.0628223,3.8683147,-0.39121345,0.67211181,0.083715543,17.0,3.3532224,3.0420074,9.0425968,143.85933,0.16338128,-2.6808207,14.220887,28.619946,3.3057845,14.423934,33.497757,37.736813,105.22147,0.39755985,0.60244012,238.45787,-2.4303303,17.255329,-3.3057845,56.605217,28.509541,0.5,26.953918,29.530962,3.1146507,12.32609,59.129108,0.65353483,115.07654,10.781946,0.3464652,115.43898,0.12,0.12,7863.0,99.978043,4.0,101.39289,19.565218,648.76099,207.8111,3.0,398.72519,1.0,76.0,34.0,81.401527,0.26595098,22.973963,68.431854,186.03999,77.697189,17.818501,143.17329,91.0,21.110001,44.0,36.879158,10.876521,109.81441,238.0,94.0,599.80371,34.086845,22.404795,74.0,6.0,163.08315,599.80371,391.99258,123.38132,14.0,17.597973,7.0,20.0,6.0,732.48047,599.80371,0.0,158.78867,28.0,1.0206776,81.401527,20.299505,3.0,34.677017,6.0,94.464546,50.0,34.0,12.0,97.996689,6.643856,39.7808,-0.003007533,47.0,6.0,12.0,13.0,0.001795686,7.0,4.0,0.0,13.0,3.0,0.0,13.566921,3.0,10.0,0.0,0.0,5.0,0.0,-7.57
2.165,-6.0866399,1.32994,-0.38185328,-0.84048456,31.616989,4.3259649,-0.21605732,4.3262939,0.087654419,-0.5336175,0.8048678,169.47636,-0.35583255,-0.52081102,-7.2786169,12.397861,0.039999999,0.70891851,1.6674221,0.17097443,12.481122,0.57053804,0.13553376,1.5428177,0.051517136,3.0067141,-1.1649427,463.04422,-2.8492038,253.13069,-0.53585601,0.058869828,2.7135241,11.009379,130.45641,13.114194,31.524422,2.7530768,17.178202,9.7604771,3.8482141,-0.39001438,0.52001458,0.076643661,17.0,3.4590127,3.1548312,8.7991819,154.28177,0.11351697,-2.6861107,18.706831,25.490599,3.5560873,15.093097,53.79726,136.42838,105.22147,0.32348415,0.67651582,221.41014,-2.4330845,18.64352,-3.5560873,56.605217,37.882481,0.5,29.795559,32.33424,3.2210364,11.75,69.648354,0.75094926,115.07654,10.781946,0.24905074,61.406727,0.11320755,0.11320755,8891.0,198.6696,3.0,110.67365,20.0704,690.84198,170.46387,2.0,500.42355,1.0,85.0,34.0,81.401527,0.25318992,25.973963,68.431854,159.67,77.697189,19.181746,143.17329,100.0,24.110001,50.0,36.879158,11.063437,92.766678,256.0,103.0,684.45435,36.697578,23.670519,85.0,6.0,163.08315,684.45435,513.99048,106.3336,14.0,18.967388,7.0,20.0,6.0,795.71075,684.45435,0.0,158.78867,31.0,1.0206326,81.401527,0.0,3.0,44.049957,6.0,40.432297,53.0,37.0,12.0,77.697189,6.7279205,42.737629,-0.002999959,50.0,6.0,12.0,10.0,0.001791158,7.0,4.0,0.0,13.0,3.0,0.0,13.566921,2.0,10.0,0.0,0.0,4.0,0.0,-6.46
2.165,-6.0866399,1.32994,-0.39000914,-0.84184098,31.616989,4.3079429,-0.21605732,4.3082724,0.087688595,-0.53370064,0.8048678,169.47636,-0.34672654,-0.51071674,-7.2703829,12.397855,0.02,0.71134168,1.6751992,0.16588113,12.480455,0.57824659,0.13553376,1.5428177,0.049313229,3.0109313,-1.163982,463.04422,-2.8469477,253.13069,-0.53523934,0.058726236,2.7192698,11.009379,130.45641,13.114194,31.524422,2.7569773,17.185051,9.7604771,3.8515487,-0.38975132,0.52816862,0.077148043,17.0,3.4792159,3.1798375,8.6186905,154.28177,0.14317492,-2.7034693,18.721096,25.557938,3.5553546,15.093097,33.497757,136.42838,105.22147,0.32348415,0.67651582,221.41014,-2.4478536,18.64352,-3.5553546,56.605217,37.882481,0.5,29.795559,32.33424,3.2416306,11.508981,69.648354,0.7212913,115.07654,10.781946,0.2787087,61.406727,0.11320755,0.11320755,8860.0,198.6696,3.0,110.67365,20.0704,690.84198,190.76337,2.0,500.42355,1.0,85.0,34.0,81.401527,0.25318992,25.973963,68.431854,159.67,77.697189,19.181746,143.17329,100.0,24.110001,50.0,36.879158,11.061907,92.766678,256.0,103.0,684.45435,36.697578,23.687357,86.0,6.0,163.08315,684.45435,493.69098,106.3336,14.0,18.971075,7.0,20.0,6.0,795.71075,684.45435,0.0,158.78867,31.0,1.0206332,81.401527,20.299505,3.0,44.049957,6.0,40.432297,53.0,37.0,12.0,97.996689,6.7279205,42.737629,-0.003000048,50.0,6.0,12.0,10.0,0.001791211,7.0,4.0,0.0,13.0,3.0,0.0,13.566921,2.0,10.0,0.0,0.0,4.0,0.0,-6.81
2.165,-6.0866399,1.32994,-0.38185328,-0.84133404,31.616989,4.3192677,-0.21605732,4.3196082,0.087665185,-0.53360593,0.8048678,169.47636,-0.3616733,-0.51304233,-7.27597,12.397855,0.039999999,0.70298451,1.6674532,0.16748607,12.480547,0.54989934,0.13553376,1.5428177,0.0405058,3.0065665,-1.165127,463.04422,-2.8482184,253.13069,-0.53386986,0.058957618,2.7177858,11.009379,130.45641,13.114194,31.524422,2.7529666,17.178202,9.7604771,3.8447411,-0.38755578,0.48559135,0.077244937,17.0,3.4603581,3.157141,8.7991819,154.28177,0.11351697,-2.6996627,18.678467,25.516056,3.5557616,15.093097,53.79726,136.42838,105.22147,0.32348415,0.67651582,221.41014,-2.4454134,18.64352,-3.5557616,56.605217,37.882481,0.5,29.795559,32.33424,3.2227094,11.75,69.648354,0.75094926,115.07654,10.781946,0.24905074,61.406727,0.11320755,0.11320755,8891.0,198.6696,3.0,110.67365,20.0704,690.84198,170.46387,2.0,500.42355,1.0,85.0,34.0,81.401527,0.25318992,25.973963,68.431854,159.67,77.697189,19.181746,143.17329,100.0,24.110001,50.0,36.879158,11.064069,92.766678,256.0,103.0,684.45435,36.697578,23.670519,85.0,6.0,163.08315,684.45435,513.99048,106.3336,14.0,18.967388,7.0,20.0,6.0,795.71075,684.45435,0.0,158.78867,31.0,1.0206611,81.401527,0.0,3.0,44.049957,6.0,40.432297,53.0,37.0,12.0,77.697189,6.7279205,42.737629,-0.003004768,50.0,6.0,12.0,10.0,0.001794034,7.0,4.0,0.0,13.0,3.0,0.0,13.566921,2.0,10.0,0.0,0.0,4.0,0.0,-7.15
3.388,-7.0936799,2.2120399,-0.3794587,-0.84025294,31.616989,5.8450146,-0.21416666,5.8453546,0.087150626,-0.53502017,0.79031342,214.6933,-0.34432951,-0.46031672,-8.0926533,12.397886,0.03846154,0.66006881,2.0513721,0.15986992,12.48506,0.52187091,0.12480865,1.5094818,0.039804414,2.9643967,-1.1651586,521.86108,-2.8615007,234.26228,-0.52161741,0.057705436,2.711031,11.572328,144.05637,13.677142,31.524422,2.7115452,17.872135,11.465651,3.8400223,-0.36385629,0.47287655,0.077288523,20.0,3.4990916,3.205241,10.509558,163.02403,0.1045341,-2.7231448,18.921255,25.754671,3.5537565,16.797926,53.79726,169.32556,171.8735,0.29788604,0.70211393,221.41014,-2.4671347,19.77132,-3.5537565,37.736813,37.882481,0.5,31.958696,35.493301,3.2633328,13.863739,76.207588,0.77065724,115.07654,15.192742,0.22934274,61.406727,0.14814815,0.14814815,9775.0,298.21881,3.0,118.1944,22.0741,720.91199,170.46387,2.0,559.24048,1.0,92.0,30.0,81.401527,0.24202083,28.137098,49.992279,159.67,77.697189,20.260351,143.17329,108.0,26.273138,56.0,18.439579,11.186072,92.766678,260.0,110.0,743.27124,38.860714,24.402571,88.0,8.0,163.08315,743.27124,572.80737,106.3336,14.0,20.065578,7.0,20.0,6.0,840.76007,743.27124,0.0,158.78867,33.0,1.0206599,81.401527,0.0,3.0,44.049957,8.0,44.843094,54.0,39.0,12.0,77.697189,6.7548876,46.382717,-0.003004556,52.0,6.0,12.0,10.0,0.001793907,7.0,3.0,0.0,13.0,2.0,0.0,13.566921,2.0,10.0,0.0,0.0,4.0,0.0,-6.03
1.9680001,-6.1926298,0.98773998,-0.38185328,-0.84019268,31.616989,3.7781363,-0.21605732,3.7784765,0.089746021,-0.53352147,0.81126183,169.47636,-0.36546952,-0.53807992,-6.8771453,12.397637,0.040816326,0.70615369,1.6332526,0.17828852,12.457888,0.56032103,0.15002078,1.5549978,0.050895862,3.0019407,-1.1662509,429.14474,-2.8553493,253.13069,-0.54574722,0.061957203,2.711853,11.009379,96.556946,13.114194,31.524422,2.7487385,16.787857,9.5271931,3.8506594,-0.38945487,0.51147407,0.079093173,17.0,3.4148536,3.1061006,8.9271774,150.83479,0.11839797,-2.6817038,17.186184,26.527813,3.4726803,14.868489,53.79726,103.53119,105.22147,0.34605265,0.65394735,227.09271,-2.430629,18.18079,-3.4726803,56.605217,34.758167,0.5,28.848345,31.397438,3.176626,12.0,66.141937,0.73158127,115.07654,10.781946,0.26841876,79.41748,0.11538462,0.11538462,8555.0,165.77242,3.0,107.58006,19.897167,676.815,176.14644,2.0,466.52411,1.0,82.0,34.0,81.401527,0.25729144,24.973963,68.431854,168.46001,77.697189,18.727329,143.17329,97.0,23.110001,48.0,36.879158,11.003574,98.449257,250.0,100.0,656.23749,35.827335,23.242998,81.0,6.0,163.08315,656.23749,480.09103,112.01617,14.0,18.510111,7.0,20.0,6.0,774.63397,656.23749,0.0,158.78867,30.0,1.0206612,81.401527,0.0,3.0,40.925644,6.0,58.443047,52.0,36.0,12.0,77.697189,6.7004399,41.75148,-0.003004778,49.0,6.0,12.0,11.0,0.00179404,7.0,4.0,0.0,13.0,3.0,0.0,13.566921,3.0,10.0,0.0,0.0,5.0,0.0,-7.47
1.9680001,-6.1926298,0.98773998,-0.38185328,-0.84019268,31.616989,3.7781363,-0.21605732,3.7784765,0.089746021,-0.53352147,0.81126183,169.47636,-0.36546952,-0.53807992,-6.8771453,12.397637,0.040816326,0.70615369,1.6332526,0.17828852,12.457888,0.56032103,0.15002078,1.5549978,0.050895862,3.0019407,-1.1662509,429.14474,-2.8553493,253.13069,-0.54574722,0.061957203,2.711853,11.009379,96.556946,13.114194,31.524422,2.7487385,16.787857,9.5271931,3.8506594,-0.38945487,0.51147407,0.079093173,17.0,3.4148536,3.1061006,8.9271774,150.83479,0.11839797,-2.6817038,17.186184,26.527813,3.4726803,14.868489,53.79726,103.53119,105.22147,0.34605265,0.65394735,227.09271,-2.430629,18.18079,-3.4726803,56.605217,34.758167,0.5,28.848345,31.397438,3.176626,12.0,66.141937,0.73158127,115.07654,10.781946,0.26841876,79.41748,0.11538462,0.11538462,8555.0,165.77242,3.0,107.58006,19.897167,676.815,176.14644,2.0,466.52411,1.0,82.0,34.0,81.401527,0.25729144,24.973963,68.431854,168.46001,77.697189,18.727329,143.17329,97.0,23.110001,48.0,36.879158,11.003574,98.449257,250.0,100.0,656.23749,35.827335,23.242998,81.0,6.0,163.08315,656.23749,480.09103,112.01617,14.0,18.510111,7.0,20.0,6.0,774.63397,656.23749,0.0,158.78867,30.0,1.0206612,81.401527,0.0,3.0,40.925644,6.0,58.443047,52.0,36.0,12.0,77.697189,6.7004399,41.75148,-0.003004778,49.0,6.0,12.0,11.0,0.00179404,7.0,4.0,0.0,13.0,3.0,0.0,13.566921,3.0,10.0,0.0,0.0,5.0,0.0,-6.84
3.382,-7.42484,2.0139401,-0.38185328,-0.83997089,31.616989,5.090848,-0.21605732,5.091188,0.089745998,-0.5335291,0.80035031,216.90184,-0.36143091,-0.51417506,-7.798697,12.397633,0.03846154,0.7008304,1.6855333,0.16949302,12.456367,0.55630398,0.13990967,1.5198462,0.050895836,3.0028267,-1.1662526,476.57022,-2.8587101,271.99908,-0.5405674,0.06051895,2.7120428,12.403226,96.556946,14.50804,31.524422,2.7494881,18.181704,10.767294,3.8586519,-0.38915694,0.51095474,0.079093158,19.0,3.4834006,3.1851196,10.076221,161.1037,0.11041819,-2.7016711,17.253929,26.595812,3.472681,16.364449,53.79726,103.53119,138.54749,0.32272938,0.67727059,227.09271,-2.4469278,19.558889,-3.472681,75.473625,34.758167,0.5,31.132803,34.214371,3.2470167,13.292101,72.70118,0.74967211,115.07654,15.192742,0.25032786,79.41748,0.14545454,0.14545454,9857.0,199.09843,3.0,116.86082,21.504469,718.896,176.14644,2.0,513.94958,1.0,91.0,34.0,81.401527,0.24540348,27.258419,68.431854,168.46001,77.697189,20.090487,143.17329,106.0,25.394459,54.0,36.879158,11.184048,98.449257,264.0,109.0,703.66296,38.11179,24.636847,85.0,8.0,163.08315,703.66296,527.51648,112.01617,14.0,19.89221,7.0,20.0,6.0,830.21643,703.66296,0.0,158.78867,33.0,1.0206618,81.401527,0.0,3.0,40.925644,8.0,62.853844,55.0,39.0,12.0,77.697189,6.7813597,44.711407,-0.003004888,52.0,6.0,12.0,11.0,0.001794105,7.0,4.0,0.0,13.0,3.0,0.0,13.566921,3.0,10.0,0.0,0.0,5.0,0.0,-7.0
5.2579999,-8.9842596,3.4286399,-0.38185328,-0.83933777,31.616989,6.6298161,-0.21605732,6.630156,0.089693435,-0.53504461,0.78788817,293.73578,-0.34231907,-0.49114877,-8.9596786,12.397657,0.0,0.69823867,1.7730147,0.1604785,12.469925,0.55583495,0.12837352,1.4788226,0.05088548,3.004209,-1.1662787,539.8042,-2.8697319,290.86749,-0.52219504,0.058827173,2.7133369,14.309545,96.556946,16.404322,35.50639,2.750622,20.029993,12.275797,3.8430953,-0.38902336,0.51089907,0.079016812,21.0,3.5869923,3.2999105,11.067813,174.50107,0.10131373,-2.7234766,17.49169,26.822935,3.4747162,18.091703,40.197308,103.53119,205.19952,0.29611894,0.70388103,227.09271,-2.4674942,21.39649,-3.4747162,94.342026,34.758167,0.44999999,34.287502,37.997784,3.3529174,14.288832,81.446831,0.77031279,115.07654,19.603539,0.22968724,79.41748,0.16949153,0.16949153,11626.0,265.75046,3.0,129.23517,23.280592,775.00397,176.14644,2.0,577.18359,0.81818181,103.0,34.0,81.401527,0.23130681,30.41312,49.992279,168.46001,77.697189,21.908031,143.17329,118.0,28.54916,62.0,18.439579,11.409931,98.449257,284.0,121.0,766.89691,41.266491,26.458214,93.0,10.0,167.06511,766.89691,590.75049,112.01617,14.0,21.717131,7.0,20.0,6.0,904.32629,766.89691,0.0,158.78867,37.0,1.0206617,81.401527,0.0,3.0,40.925644,10.0,67.264641,59.0,43.0,12.0,77.697189,6.8826432,48.664177,-0.003004872,56.0,6.0,12.0,11.0,0.001794096,7.0,4.0,0.0,13.0,3.0,0.0,13.566921,4.0,11.0,0.0,0.0,6.0,0.0,-6.39
5.053,-9.4422903,3.3264101,-0.38207537,-0.86051446,60.824585,5.7168927,-0.21605732,5.7168927,0.092404567,-0.53453904,0.79356652,250.72737,-0.37560141,-0.51717448,-9.3017673,16.828035,0.13793103,0.72058225,1.3256936,0.16880937,11.545495,0.58835423,0.15870529,1.5080601,0.1383221,3.0029812,-1.1671613,449.74597,-2.8847818,377.85818,-0.5347532,0.061183397,2.7123687,15.111003,20.299505,18.416288,33.019711,2.7498386,20.327156,10.151166,3.868335,-0.39743021,0.67152441,0.081421822,20.0,3.5079336,3.2030313,9.8331203,170.4108,0.10676431,-2.6923032,14.921803,29.949347,3.3727686,16.870022,40.197308,56.605217,133.30406,0.3820006,0.61799943,277.99899,-2.4404593,22.09762,-3.3727686,56.605217,3.1243138,0.41176471,33.625507,34.900227,3.2653215,13.507714,71.814384,0.73453039,162.50203,17.94949,0.26546961,90.053757,0.14285715,0.14285715,13011.0,133.30406,5.0,128.38562,23.082645,789.97797,193.19417,3.0,534.55078,0.69999999,90.0,44.0,81.401527,0.23050116,30.526005,49.992279,181.60001,77.697189,22.544523,143.17329,113.0,27.728804,55.0,18.439579,11.513602,115.49698,302.0,118.0,727.745,41.345997,27.854284,94.0,9.0,183.85065,727.745,534.55078,115.49698,14.0,22.386562,6.0,17.0,6.0,925.61615,727.745,0.0,269.36487,39.0,1.0,81.401527,0.0,3.0,34.677017,9.0,115.66087,63.0,45.0,21.0,77.697189,6.9772801,47.478458,0.0,58.0,7.0,22.0,12.0,0.0,6.0,6.0,4.7171016,13.0,5.0,0.0,0.0,4.0,10.0,0.0,0.0,6.0,0.0,-6.43
1.962,-6.5237899,0.78964001,-0.41803882,-0.83913893,31.616989,3.0077102,-0.22847043,3.0080507,0.091910779,-0.53343505,0.82245642,171.68491,-0.39830515,-0.53807992,-6.5759444,12.39738,0.020408163,0.72267193,1.4342732,0.18167551,12.428604,0.57928383,0.1688727,1.5660408,0.10956182,3.0046024,-1.1669594,383.85388,-2.8533218,290.86749,-0.5791406,0.072320372,2.7117097,11.840277,49.057533,13.945091,31.524422,2.7507303,17.104275,8.9248762,3.7728734,-0.40546933,0.62258309,0.081611291,16.0,3.4166691,3.1073134,8.3722582,148.77388,0.15892322,-2.6775165,15.533509,27.429697,3.3908887,14.469353,33.497757,37.736813,71.895454,0.37749639,0.62250358,232.7753,-2.4278061,17.968361,-3.3908887,94.342026,31.633854,0.5,28.022453,30.223806,3.1774304,11.254072,62.635521,0.67220408,115.07654,10.781946,0.32779592,97.42823,0.11320755,0.11320755,8418.0,66.652031,3.0,106.24648,19.363039,674.79901,202.12852,2.0,421.23322,1.0,81.0,38.0,81.401527,0.26099879,24.095284,86.871437,177.25,77.697189,18.557465,143.17329,95.0,22.231321,46.0,55.318733,11.01543,104.13183,254.0,99.0,616.62915,35.078411,23.494112,79.0,6.0,163.08315,616.62915,414.50064,117.69875,14.0,18.338238,7.0,18.0,6.0,764.09033,616.62915,0.0,158.78867,30.0,1.0206683,81.401527,20.299505,3.0,37.801331,6.0,76.453796,53.0,36.0,12.0,97.996689,6.7279205,40.190815,-0.003005979,49.0,6.0,12.0,12.0,0.001794758,7.0,5.0,0.0,13.0,4.0,0.0,13.566921,3.0,9.0,0.0,0.0,5.0,0.0,-7.89
2.425,-6.22475,0.74286997,-0.39859664,-0.83884484,15.808495,2.6630378,-0.22376485,2.6633782,0.09509065,-0.53465813,0.82055563,277.92728,-0.37630194,-0.51053888,-5.7078671,9.3322697,0.021739131,0.60635304,1.9585382,0.15590008,12.419037,0.46974793,0.1796716,1.5451804,0.028194824,2.9938297,-1.1669871,453.98825,-2.886791,164.91476,-0.51618874,0.069058873,2.6942689,11.273616,28.758026,12.417923,28.338846,2.7405477,16.278255,10.321425,3.7355042,-0.33835414,0.41548741,0.084437564,18.0,3.4156601,3.112643,9.3347521,148.33733,0.16033618,-2.7038627,13.327376,27.682663,3.2773983,15.052668,33.497757,18.868406,205.19952,0.25721222,0.74278778,157.20685,-2.4521418,17.102631,-3.2773983,75.473625,28.509541,0.5,27.721869,31.541624,3.1833451,12.084192,65.688347,0.65999222,33.825527,16.417963,0.34000778,115.43898,0.14583333,0.14583333,7151.0,199.95609,4.0,103.63365,19.40744,642.79797,207.8111,3.0,410.11661,1.0,86.0,28.0,81.401527,0.26638746,23.015779,68.431854,186.03999,77.697189,17.631907,143.17329,96.0,21.877951,50.0,36.879158,10.829488,109.81441,230.0,98.0,611.19513,34.128662,21.708525,75.0,7.0,163.08315,611.19513,403.384,123.38132,14.0,17.377476,7.0,18.0,6.0,721.94739,611.19513,0.0,70.572739,27.0,1.0206653,81.401527,20.299505,3.0,34.677017,7.0,103.28614,48.0,33.0,6.0,97.996689,6.5849624,40.429688,-0.003005473,46.0,6.0,6.0,13.0,0.001794455,7.0,3.0,0.0,13.0,2.0,0.0,13.566921,3.0,9.0,0.0,0.0,5.0,0.0,-8.52
1.585,-6.4864302,-0.18595999,-0.39000916,-0.81959885,31.616989,2.5913873,-0.22469662,2.5917335,0.078074716,-0.53292602,0.8282792,198.88481,-0.39996728,-0.53807992,-5.8993769,12.39691,0.10204082,0.71273488,1.955323,0.18679208,13.612382,0.60029596,0.20273283,1.5781306,0.13795526,2.9328907,-1.1672801,378.9133,-2.8939016,215.39388,-0.56543112,0.076145865,2.6911931,11.422498,8.458519,13.527312,37.993073,2.6823497,16.425978,10.771618,3.8004601,-0.40080184,0.62281024,0.080511905,20.0,3.3591995,3.0400004,10.968156,153.07866,0.16445625,-2.6828885,13.19766,31.561914,3.4383497,16.17024,35.256725,37.736813,171.8735,0.40480521,0.59519476,257.70737,-2.431792,18.05938,-3.4383497,18.868406,50.770454,0.47058824,28.487299,32.640781,3.1220689,14.743505,62.181934,0.63281095,115.07654,15.192742,0.36718908,158.83496,0.15686275,0.15686275,8596.0,166.63008,4.0,106.62206,21.639183,680.80298,233.76015,3.0,416.29263,0.8888889,81.0,30.0,81.401527,0.25355992,24.007343,49.992279,215.06,77.697189,18.622774,143.17329,97.0,22.143381,48.0,18.439579,11.016082,129.0639,242.0,99.0,636.62067,36.249985,23.136847,77.0,8.0,169.55179,636.62067,402.8605,142.63083,14.0,18.381586,8.0,17.0,6.0,763.53357,636.62067,0.0,158.78867,29.0,1.0206783,81.401527,26.999058,3.0,31.552702,8.0,116.88609,51.0,35.0,12.0,104.69624,6.6724253,43.404846,-0.003007656,49.0,6.0,12.0,16.0,0.001795761,8.0,3.0,0.0,14.0,2.0,0.0,13.566921,3.0,9.0,0.0,0.0,5.0,0.0,-7.43
1.696,-6.0483098,0.06464,-0.40608495,-0.8198384,31.616989,2.4015594,-0.2270685,2.4019058,0.083422288,-0.531789,0.82346338,169.47636,-0.40583938,-0.53807992,-5.7160411,12.39698,0.043478262,0.71157181,1.8939289,0.18120155,12.378518,0.58965826,0.19288501,1.5825058,0.13581116,2.9306624,-1.1670846,354.64627,-2.8812034,215.39388,-0.56022507,0.074774936,2.6853828,10.631534,8.458519,12.746386,27.542452,2.6816609,15.441693,9.778759,3.7494555,-0.40441683,0.63221025,0.086001031,19.0,3.2946153,2.9762814,9.9644194,142.42552,0.19755982,-2.6836598,12.742807,29.713451,3.2179329,15.091839,26.798204,37.736813,138.54749,0.40772521,0.59227479,244.14044,-2.4348552,16.999201,-3.2179329,18.868406,25.385227,0.47058824,26.592491,29.805708,3.0541182,13.683104,57.809109,0.60955518,115.07654,15.192742,0.39044484,133.44974,0.14583333,0.14583333,7379.0,133.30406,4.0,99.632889,20.620119,636.75,233.79318,3.0,392.02563,0.8888889,74.0,30.0,81.401527,0.26638746,22.55975,68.431854,194.83,77.697189,17.533915,143.17329,90.0,20.695787,44.0,36.879158,10.832287,115.49698,226.0,92.0,598.78674,33.802391,21.870319,72.0,7.0,159.10117,598.78674,364.99353,129.0639,14.0,17.340509,7.0,17.0,6.0,719.39813,598.78674,0.0,158.78867,27.0,1.0206814,81.401527,40.59901,3.0,31.552702,7.0,116.88609,48.0,33.0,12.0,118.2962,6.5849624,40.429688,-0.003008189,46.0,6.0,12.0,14.0,0.001796079,7.0,3.0,0.0,13.0,2.0,0.0,13.566921,3.0,9.0,0.0,0.0,5.0,0.0,-8.05
0.61299998,-6.08289,-0.82205999,-0.39000916,-0.81983507,31.616989,2.0434704,-0.22544535,2.043817,0.078074761,-0.53292644,0.83746028,167.26782,-0.40025687,-0.53807992,-5.4078465,12.396913,0.10638298,0.7127676,1.9082209,0.18680871,13.613392,0.60328478,0.21332747,1.6046103,0.13820785,2.9264202,-1.1672153,347.2963,-2.8891053,215.39388,-0.56578875,0.076151974,2.6911736,10.511814,8.458519,12.616629,37.993073,2.6764362,15.515294,10.00829,3.7929447,-0.40189469,0.63603073,0.080511957,19.0,3.3071845,2.9834065,10.468316,146.01955,0.1730506,-2.6801164,13.194234,31.553617,3.4383476,15.297917,35.256725,37.736813,138.54749,0.42596,0.57404,257.70737,-2.4300008,17.142981,-3.4383476,18.868406,50.770454,0.47058824,26.909948,30.748606,3.0684197,14.269508,57.809109,0.61362195,115.07654,10.781946,0.38637808,158.83496,0.14285715,0.14285715,7794.0,133.30406,4.0,100.43489,20.750725,652.74896,233.76015,3.0,384.67566,0.8888889,75.0,30.0,81.401527,0.2619549,22.429993,49.992279,215.06,77.697189,17.714003,143.17329,91.0,20.566031,44.0,18.439579,10.891458,129.0639,232.0,93.0,605.00366,34.672634,22.226162,73.0,7.0,169.55179,605.00366,371.24353,142.63083,14.0,17.462702,8.0,17.0,6.0,726.47864,605.00366,0.0,158.78867,27.0,1.0206779,81.401527,26.999058,3.0,31.552702,7.0,112.4753,49.0,33.0,12.0,104.69624,6.6147099,41.421074,-0.003007599,47.0,6.0,12.0,16.0,0.001795726,8.0,3.0,0.0,14.0,2.0,0.0,13.566921,3.0,9.0,0.0,0.0,5.0,0.0,-7.64
-0.296,-6.1187,-1.3274601,-0.39000916,-0.82433629,31.616989,1.3297356,-0.22815943,1.3300828,0.074679933,-0.53286833,0.84527618,137.85938,-0.40189835,-0.53807992,-5.2363515,13.41045,0.0625,0.71176893,1.9065448,0.18967351,14.311496,0.58002335,0.21032608,1.634763,0.13821095,2.9161479,-1.3705726,338.18735,-2.879143,234.26228,-0.57261419,0.077351317,2.6908946,10.362932,24.267014,12.522442,31.524422,2.6658676,15.601012,9.8608456,3.8006821,-0.38988602,0.63730466,0.076962627,20.0,3.2815614,2.9470453,10.893591,148.76344,0.180801,-2.6754508,13.368349,35.112667,3.5957134,15.435455,33.497757,37.736813,105.22147,0.44888061,0.55111939,275.44986,-2.4264972,17.356039,-3.5957134,37.736813,25.385227,0.41176471,27.078091,30.664505,3.0412157,15.257171,57.013901,0.60887295,115.07654,10.781946,0.39112708,166.34692,0.16,0.16,8296.0,99.978043,4.0,100.8681,21.507786,665.74799,240.01013,3.0,362.61719,0.69999999,74.0,30.0,94.968445,0.25768197,22.137098,55.251064,237.92,90.646713,18.012192,167.03551,91.0,20.195787,43.0,18.439579,10.954798,129.0639,236.0,93.0,613.63721,35.379742,22.709326,73.0,8.0,186.94536,613.63721,373.62708,160.37331,14.0,17.698866,8.0,17.0,7.0,736.33209,613.63721,0.0,158.78867,26.0,1.0206883,94.968445,20.299505,3.0,36.811485,8.0,112.4753,50.0,33.0,12.0,110.94622,6.643856,42.4128,-0.003009346,48.0,7.0,12.0,16.0,0.001796771,8.0,3.0,32.897186,15.0,2.0,0.0,13.566921,3.0,10.0,0.0,0.0,5.0,0.0,-8.17
0.039999999,-5.8803501,-1.4611599,-0.41803211,-0.81905723,31.616989,1.7380432,-0.23155928,1.7383902,0.073426463,-0.53292596,0.84618843,167.26782,-0.40961081,-0.53807992,-5.2491837,12.396808,0.18367347,0.70684385,1.955323,0.18684888,14.831452,0.60814142,0.22747082,1.6109431,0.09781716,2.9287632,-1.167376,355.75482,-2.8976953,215.39388,-0.56230438,0.07823658,2.6911733,10.845147,8.458519,12.949963,44.46172,2.6797256,16.106827,10.771618,3.8004601,-0.40567726,0.58592379,0.075735658,20.0,3.3383811,3.0092876,10.968156,153.0396,0.1776565,-2.6805763,13.475921,33.303097,3.656014,16.17024,37.015694,37.736813,138.54749,0.43263429,0.56736571,271.27429,-2.430424,17.74366,-3.656014,18.868406,76.155678,0.47058824,27.934513,32.640781,3.1017046,14.743505,59.995522,0.59487271,115.07654,10.781946,0.40512732,184.22018,0.15686275,0.15686275,8596.0,133.30406,4.0,104.33047,21.639183,682.77496,254.02661,3.0,393.13419,0.8888889,79.0,30.0,81.401527,0.25355992,23.007343,49.992279,235.28999,77.697189,18.348471,143.17329,95.0,21.143381,46.0,18.439579,11.016082,142.63083,242.0,97.0,627.02911,36.249985,23.136847,77.0,8.0,176.02045,627.02911,373.00247,156.19774,14.0,18.066841,9.0,17.0,6.0,752.08661,627.02911,0.0,158.78867,28.0,1.0206895,81.401527,33.698608,3.0,31.552702,8.0,112.4753,51.0,34.0,12.0,111.3958,6.6724253,43.404846,-0.003009554,49.0,6.0,12.0,18.0,0.001796895,9.0,3.0,0.0,15.0,2.0,0.0,13.566921,3.0,9.0,0.0,0.0,5.0,0.0,-7.8
0.237,-5.7743602,-1.11896,-0.38729054,-0.83745319,31.616989,2.3029001,-0.22169784,2.303247,0.082276978,-0.5329268,0.83865583,167.26782,-0.394678,-0.53807992,-5.658638,12.397036,0.2,0.70392781,1.9885991,0.18463781,14.855969,0.59788126,0.20900281,1.5979526,0.041607603,2.9305789,-1.167367,389.65427,-2.8941467,215.39388,-0.55363441,0.076782413,2.691174,10.845147,42.357979,12.949963,44.46172,2.6815395,16.49032,11.00205,3.7966616,-0.39982051,0.54057634,0.074021541,20.0,3.3686574,3.0399439,10.964476,156.59937,0.13902609,-2.6810772,14.976532,32.201374,3.7398314,16.377058,57.315197,70.633995,138.54749,0.40533131,0.59466869,265.59171,-2.43067,18.20639,-3.7398314,18.868406,79.279991,0.47058824,28.881725,33.589825,3.1325598,14.641428,63.501938,0.6519711,115.07654,10.781946,0.3480289,166.20943,0.15384616,0.15384616,8967.0,166.20125,4.0,107.42406,21.777779,696.802,228.04454,3.0,427.03363,0.8888889,82.0,30.0,81.401527,0.24958064,24.007343,49.992279,226.5,77.697189,18.802887,143.17329,98.0,22.143381,48.0,18.439579,11.076845,136.94824,248.0,100.0,655.24597,37.120228,23.547529,80.0,8.0,176.02045,655.24597,427.20145,150.51517,14.0,18.522192,9.0,17.0,6.0,773.16339,655.24597,0.0,158.78867,29.0,1.0206889,81.401527,13.399102,3.0,34.677017,8.0,94.464546,52.0,35.0,12.0,91.096291,6.7004399,44.39719,-0.003009456,50.0,6.0,12.0,17.0,0.001796836,9.0,3.0,0.0,15.0,2.0,0.0,13.566921,3.0,9.0,0.0,0.0,5.0,0.0,-7.68
0.43399999,-5.6683698,-0.77675998,-0.38729054,-0.83864945,31.616989,2.8600421,-0.2189756,2.8603888,0.080485657,-0.53292698,0.83152306,167.26782,-0.39365864,-0.52423638,-6.0646181,12.397267,0.21568628,0.70341367,2.0230119,0.17716606,14.882016,0.59788096,0.1920597,1.5854471,0.037871473,2.9343066,-1.1667778,423.55374,-2.8897073,215.39388,-0.54644907,0.070391715,2.6911774,10.845147,76.257439,12.949963,44.46172,2.6855333,16.880665,11.233418,3.7947075,-0.3997196,0.53185147,0.071873926,20.0,3.4036314,3.0763896,10.716219,160.13016,0.12348401,-2.6825063,16.517414,31.126049,3.8236713,16.586355,64.014748,103.53119,138.54749,0.38028273,0.61971724,259.90912,-2.4314222,18.669121,-3.8236713,18.868406,82.404305,0.47058824,29.828939,34.540695,3.1681774,14.222222,67.008347,0.68445629,115.07654,10.781946,0.31554371,148.19868,0.1509434,0.1509434,9342.0,199.09843,4.0,110.51765,21.922937,710.82898,215.66241,3.0,460.93311,0.8888889,85.0,30.0,81.401527,0.24573661,25.007343,49.992279,217.71001,77.697189,19.257305,143.17329,101.0,23.143381,50.0,18.439579,11.135668,131.26567,254.0,103.0,683.46289,37.990471,23.97505,84.0,8.0,176.02045,683.46289,467.80048,144.8326,14.0,18.980776,9.0,17.0,6.0,794.24017,683.46289,0.0,158.78867,30.0,1.0206889,81.401527,6.6995511,3.0,37.801331,8.0,76.453796,53.0,36.0,12.0,84.396736,6.7279205,45.38982,-0.003009454,51.0,6.0,12.0,16.0,0.001796835,9.0,3.0,0.0,15.0,2.0,0.0,13.566921,3.0,9.0,0.0,0.0,5.0,0.0,-8.15